unique_chunk_id,track_id,raga,performer,performance,chunk_index,contains_violin,contains_vocal,contains_mridangam
72202131-2efe-429d-8920-5a2a095c9cff,96_Dharini_Telusukonti,[],"{'artist': {'mbid': 'bb385b39-7765-4a7c-9233-dad4c0f67d27', 'name': 'N J Nandini'}, 'instrument': {'mbid': 'd92884b7-ee0c-46d5-96f3-918196ba8c5b', 'name': 'Voice'}, 'lead': 1, 'attributes': ''}","[{'mbid': '97912476-a3a8-4517-86e1-77107110ff0e', 'title': 'N J Nandini in Arkay'}]",0,1,0,0
2d7a8d74-a346-4933-8439-ea7e802b104d,96_Dharini_Telusukonti,[],"{'artist': {'mbid': 'bb385b39-7765-4a7c-9233-dad4c0f67d27', 'name': 'N J Nandini'}, 'instrument': {'mbid': 'd92884b7-ee0c-46d5-96f3-918196ba8c5b', 'name': 'Voice'}, 'lead': 1, 'attributes': ''}","[{'mbid': '97912476-a3a8-4517-86e1-77107110ff0e', 'title': 'N J Nandini in Arkay'}]",1,1,0,0
6e6b2afe-e38e-42ef-a313-dd01f4037aaa,96_Dharini_Telusukonti,[],"{'artist': {'mbid': 'bb385b39-7765-4a7c-9233-dad4c0f67d27', 'name': 'N J Nandini'}, 'instrument': {'mbid': 'd92884b7-ee0c-46d5-96f3-918196ba8c5b', 'name': 'Voice'}, 'lead': 1, 'attributes': ''}","[{'mbid': '97912476-a3a8-4517-86e1-77107110ff0e', 'title': 'N J Nandini in Arkay'}]",2,1,0,0
10d19995-2c9c-4129-b296-2f37907bcb13,96_Dharini_Telusukonti,[],"{'artist': {'mbid': 'bb385b39-7765-4a7c-9233-dad4c0f67d27', 'name': 'N J Nandini'}, 'instrument': {'mbid': 'd92884b7-ee0c-46d5-96f3-918196ba8c5b', 'name': 'Voice'}, 'lead': 1, 'attributes': ''}","[{'mbid': '97912476-a3a8-4517-86e1-77107110ff0e', 'title': 'N J Nandini in Arkay'}]",3,1,0,0
e06c98a4-b889-4445-b570-b7b9157af262,96_Dharini_Telusukonti,[],"{'artist': {'mbid': 'bb385b39-7765-4a7c-9233-dad4c0f67d27', 'name': 'N J Nandini'}, 'instrument': {'mbid': 'd92884b7-ee0c-46d5-96f3-918196ba8c5b', 'name': 'Voice'}, 'lead': 1, 'attributes': ''}","[{'mbid': '97912476-a3a8-4517-86e1-77107110ff0e', 'title': 'N J Nandini in Arkay'}]",4,1,0,0
bd9b0d5a-2b5d-4b9f-9da9-bd6590ec031c,96_Dharini_Telusukonti,[],"{'artist': {'mbid': 'bb385b39-7765-4a7c-9233-dad4c0f67d27', 'name': 'N J Nandini'}, 'instrument': {'mbid': 'd92884b7-ee0c-46d5-96f3-918196ba8c5b', 'name': 'Voice'}, 'lead': 1, 'attributes': ''}","[{'mbid': '97912476-a3a8-4517-86e1-77107110ff0e', 'title': 'N J Nandini in Arkay'}]",5,1,0,0
b0f1b9a2-6207-4539-8b2f-269d7c304bd1,96_Dharini_Telusukonti,[],"{'artist': {'mbid': 'bb385b39-7765-4a7c-9233-dad4c0f67d27', 'name': 'N J Nandini'}, 'instrument': {'mbid': 'd92884b7-ee0c-46d5-96f3-918196ba8c5b', 'name': 'Voice'}, 'lead': 1, 'attributes': ''}","[{'mbid': '97912476-a3a8-4517-86e1-77107110ff0e', 'title': 'N J Nandini in Arkay'}]",6,1,0,0
b8220fa8-95e8-438c-ae96-d05eb9b1e1dc,96_Dharini_Telusukonti,[],"{'artist': {'mbid': 'bb385b39-7765-4a7c-9233-dad4c0f67d27', 'name': 'N J Nandini'}, 'instrument': {'mbid': 'd92884b7-ee0c-46d5-96f3-918196ba8c5b', 'name': 'Voice'}, 'lead': 1, 'attributes': ''}","[{'mbid': '97912476-a3a8-4517-86e1-77107110ff0e', 'title': 'N J Nandini in Arkay'}]",7,1,0,0
f6c355be-c740-4755-b3da-cea3244b4614,96_Dharini_Telusukonti,[],"{'artist': {'mbid': 'bb385b39-7765-4a7c-9233-dad4c0f67d27', 'name': 'N J Nandini'}, 'instrument': {'mbid': 'd92884b7-ee0c-46d5-96f3-918196ba8c5b', 'name': 'Voice'}, 'lead': 1, 'attributes': ''}","[{'mbid': '97912476-a3a8-4517-86e1-77107110ff0e', 'title': 'N J Nandini in Arkay'}]",8,1,0,0
2ff37fa6-ab56-4280-a1d2-5feb5e5cb434,96_Dharini_Telusukonti,[],"{'artist': {'mbid': 'bb385b39-7765-4a7c-9233-dad4c0f67d27', 'name': 'N J Nandini'}, 'instrument': {'mbid': 'd92884b7-ee0c-46d5-96f3-918196ba8c5b', 'name': 'Voice'}, 'lead': 1, 'attributes': ''}","[{'mbid': '97912476-a3a8-4517-86e1-77107110ff0e', 'title': 'N J Nandini in Arkay'}]",9,1,0,0
c439bebc-6907-495f-9900-26dc79a50224,96_Dharini_Telusukonti,[],"{'artist': {'mbid': 'bb385b39-7765-4a7c-9233-dad4c0f67d27', 'name': 'N J Nandini'}, 'instrument': {'mbid': 'd92884b7-ee0c-46d5-96f3-918196ba8c5b', 'name': 'Voice'}, 'lead': 1, 'attributes': ''}","[{'mbid': '97912476-a3a8-4517-86e1-77107110ff0e', 'title': 'N J Nandini in Arkay'}]",10,1,0,0
8633f7c1-6ce3-4ba9-bc17-1218008d9840,96_Dharini_Telusukonti,[],"{'artist': {'mbid': 'bb385b39-7765-4a7c-9233-dad4c0f67d27', 'name': 'N J Nandini'}, 'instrument': {'mbid': 'd92884b7-ee0c-46d5-96f3-918196ba8c5b', 'name': 'Voice'}, 'lead': 1, 'attributes': ''}","[{'mbid': '97912476-a3a8-4517-86e1-77107110ff0e', 'title': 'N J Nandini in Arkay'}]",11,1,1,0
6533a393-c65a-4b1c-a394-b0466dbd578f,96_Dharini_Telusukonti,[],"{'artist': {'mbid': 'bb385b39-7765-4a7c-9233-dad4c0f67d27', 'name': 'N J Nandini'}, 'instrument': {'mbid': 'd92884b7-ee0c-46d5-96f3-918196ba8c5b', 'name': 'Voice'}, 'lead': 1, 'attributes': ''}","[{'mbid': '97912476-a3a8-4517-86e1-77107110ff0e', 'title': 'N J Nandini in Arkay'}]",12,1,0,0
6323899f-0965-4703-b54f-fcb22bdb8f20,96_Dharini_Telusukonti,[],"{'artist': {'mbid': 'bb385b39-7765-4a7c-9233-dad4c0f67d27', 'name': 'N J Nandini'}, 'instrument': {'mbid': 'd92884b7-ee0c-46d5-96f3-918196ba8c5b', 'name': 'Voice'}, 'lead': 1, 'attributes': ''}","[{'mbid': '97912476-a3a8-4517-86e1-77107110ff0e', 'title': 'N J Nandini in Arkay'}]",13,1,0,0
0960b400-7883-4f75-a1a6-68d3f073721d,96_Dharini_Telusukonti,[],"{'artist': {'mbid': 'bb385b39-7765-4a7c-9233-dad4c0f67d27', 'name': 'N J Nandini'}, 'instrument': {'mbid': 'd92884b7-ee0c-46d5-96f3-918196ba8c5b', 'name': 'Voice'}, 'lead': 1, 'attributes': ''}","[{'mbid': '97912476-a3a8-4517-86e1-77107110ff0e', 'title': 'N J Nandini in Arkay'}]",14,1,0,0
2489f2f6-1240-49c3-879a-b24bc111e6a4,96_Dharini_Telusukonti,[],"{'artist': {'mbid': 'bb385b39-7765-4a7c-9233-dad4c0f67d27', 'name': 'N J Nandini'}, 'instrument': {'mbid': 'd92884b7-ee0c-46d5-96f3-918196ba8c5b', 'name': 'Voice'}, 'lead': 1, 'attributes': ''}","[{'mbid': '97912476-a3a8-4517-86e1-77107110ff0e', 'title': 'N J Nandini in Arkay'}]",15,1,0,0
b35b95be-4f24-43ae-9b12-6bb3d5c0ef6c,96_Dharini_Telusukonti,[],"{'artist': {'mbid': 'bb385b39-7765-4a7c-9233-dad4c0f67d27', 'name': 'N J Nandini'}, 'instrument': {'mbid': 'd92884b7-ee0c-46d5-96f3-918196ba8c5b', 'name': 'Voice'}, 'lead': 1, 'attributes': ''}","[{'mbid': '97912476-a3a8-4517-86e1-77107110ff0e', 'title': 'N J Nandini in Arkay'}]",16,1,0,0
45bc30d6-dfb8-4000-b3a5-80ff0253efd4,96_Dharini_Telusukonti,[],"{'artist': {'mbid': 'bb385b39-7765-4a7c-9233-dad4c0f67d27', 'name': 'N J Nandini'}, 'instrument': {'mbid': 'd92884b7-ee0c-46d5-96f3-918196ba8c5b', 'name': 'Voice'}, 'lead': 1, 'attributes': ''}","[{'mbid': '97912476-a3a8-4517-86e1-77107110ff0e', 'title': 'N J Nandini in Arkay'}]",17,1,0,0
59eaac3c-0a73-4c05-b712-21eb4ef2284c,96_Dharini_Telusukonti,[],"{'artist': {'mbid': 'bb385b39-7765-4a7c-9233-dad4c0f67d27', 'name': 'N J Nandini'}, 'instrument': {'mbid': 'd92884b7-ee0c-46d5-96f3-918196ba8c5b', 'name': 'Voice'}, 'lead': 1, 'attributes': ''}","[{'mbid': '97912476-a3a8-4517-86e1-77107110ff0e', 'title': 'N J Nandini in Arkay'}]",18,1,0,0
e3784962-5f2a-419f-8347-34cdd9ffa54a,96_Dharini_Telusukonti,[],"{'artist': {'mbid': 'bb385b39-7765-4a7c-9233-dad4c0f67d27', 'name': 'N J Nandini'}, 'instrument': {'mbid': 'd92884b7-ee0c-46d5-96f3-918196ba8c5b', 'name': 'Voice'}, 'lead': 1, 'attributes': ''}","[{'mbid': '97912476-a3a8-4517-86e1-77107110ff0e', 'title': 'N J Nandini in Arkay'}]",19,1,0,0
a4a2bb03-256a-4059-8b98-cc1ab5f9bd3d,96_Dharini_Telusukonti,[],"{'artist': {'mbid': 'bb385b39-7765-4a7c-9233-dad4c0f67d27', 'name': 'N J Nandini'}, 'instrument': {'mbid': 'd92884b7-ee0c-46d5-96f3-918196ba8c5b', 'name': 'Voice'}, 'lead': 1, 'attributes': ''}","[{'mbid': '97912476-a3a8-4517-86e1-77107110ff0e', 'title': 'N J Nandini in Arkay'}]",20,1,0,0
81a97584-643f-4803-9698-de53b5831023,96_Dharini_Telusukonti,[],"{'artist': {'mbid': 'bb385b39-7765-4a7c-9233-dad4c0f67d27', 'name': 'N J Nandini'}, 'instrument': {'mbid': 'd92884b7-ee0c-46d5-96f3-918196ba8c5b', 'name': 'Voice'}, 'lead': 1, 'attributes': ''}","[{'mbid': '97912476-a3a8-4517-86e1-77107110ff0e', 'title': 'N J Nandini in Arkay'}]",21,1,0,0
c637ccee-6e01-4599-8a3e-978bb1251a5d,96_Dharini_Telusukonti,[],"{'artist': {'mbid': 'bb385b39-7765-4a7c-9233-dad4c0f67d27', 'name': 'N J Nandini'}, 'instrument': {'mbid': 'd92884b7-ee0c-46d5-96f3-918196ba8c5b', 'name': 'Voice'}, 'lead': 1, 'attributes': ''}","[{'mbid': '97912476-a3a8-4517-86e1-77107110ff0e', 'title': 'N J Nandini in Arkay'}]",22,1,0,0
1e0f4267-1735-4211-9716-1c41ed99ddad,96_Dharini_Telusukonti,[],"{'artist': {'mbid': 'bb385b39-7765-4a7c-9233-dad4c0f67d27', 'name': 'N J Nandini'}, 'instrument': {'mbid': 'd92884b7-ee0c-46d5-96f3-918196ba8c5b', 'name': 'Voice'}, 'lead': 1, 'attributes': ''}","[{'mbid': '97912476-a3a8-4517-86e1-77107110ff0e', 'title': 'N J Nandini in Arkay'}]",23,1,0,0
27a5e048-5762-43c4-a9a0-073dec75e114,96_Dharini_Telusukonti,[],"{'artist': {'mbid': 'bb385b39-7765-4a7c-9233-dad4c0f67d27', 'name': 'N J Nandini'}, 'instrument': {'mbid': 'd92884b7-ee0c-46d5-96f3-918196ba8c5b', 'name': 'Voice'}, 'lead': 1, 'attributes': ''}","[{'mbid': '97912476-a3a8-4517-86e1-77107110ff0e', 'title': 'N J Nandini in Arkay'}]",24,1,0,0
ae019ca2-803a-47d1-80a3-41d85ccc676c,96_Dharini_Telusukonti,[],"{'artist': {'mbid': 'bb385b39-7765-4a7c-9233-dad4c0f67d27', 'name': 'N J Nandini'}, 'instrument': {'mbid': 'd92884b7-ee0c-46d5-96f3-918196ba8c5b', 'name': 'Voice'}, 'lead': 1, 'attributes': ''}","[{'mbid': '97912476-a3a8-4517-86e1-77107110ff0e', 'title': 'N J Nandini in Arkay'}]",25,1,0,0
713b949a-2137-4119-94bc-7fce63be90ec,96_Dharini_Telusukonti,[],"{'artist': {'mbid': 'bb385b39-7765-4a7c-9233-dad4c0f67d27', 'name': 'N J Nandini'}, 'instrument': {'mbid': 'd92884b7-ee0c-46d5-96f3-918196ba8c5b', 'name': 'Voice'}, 'lead': 1, 'attributes': ''}","[{'mbid': '97912476-a3a8-4517-86e1-77107110ff0e', 'title': 'N J Nandini in Arkay'}]",26,1,0,0
2b926661-1026-4d8c-8e15-2066755677cc,96_Dharini_Telusukonti,[],"{'artist': {'mbid': 'bb385b39-7765-4a7c-9233-dad4c0f67d27', 'name': 'N J Nandini'}, 'instrument': {'mbid': 'd92884b7-ee0c-46d5-96f3-918196ba8c5b', 'name': 'Voice'}, 'lead': 1, 'attributes': ''}","[{'mbid': '97912476-a3a8-4517-86e1-77107110ff0e', 'title': 'N J Nandini in Arkay'}]",27,1,0,0
ac6c7d26-9ba3-4cca-b58b-a2a239844015,96_Dharini_Telusukonti,[],"{'artist': {'mbid': 'bb385b39-7765-4a7c-9233-dad4c0f67d27', 'name': 'N J Nandini'}, 'instrument': {'mbid': 'd92884b7-ee0c-46d5-96f3-918196ba8c5b', 'name': 'Voice'}, 'lead': 1, 'attributes': ''}","[{'mbid': '97912476-a3a8-4517-86e1-77107110ff0e', 'title': 'N J Nandini in Arkay'}]",28,1,0,0
d9bc69a5-c182-4b1c-8961-66cd0cb89e6b,96_Dharini_Telusukonti,[],"{'artist': {'mbid': 'bb385b39-7765-4a7c-9233-dad4c0f67d27', 'name': 'N J Nandini'}, 'instrument': {'mbid': 'd92884b7-ee0c-46d5-96f3-918196ba8c5b', 'name': 'Voice'}, 'lead': 1, 'attributes': ''}","[{'mbid': '97912476-a3a8-4517-86e1-77107110ff0e', 'title': 'N J Nandini in Arkay'}]",29,1,0,0
69e9a6e1-b4d6-4eb3-98d4-e5543f5233b4,96_Dharini_Telusukonti,[],"{'artist': {'mbid': 'bb385b39-7765-4a7c-9233-dad4c0f67d27', 'name': 'N J Nandini'}, 'instrument': {'mbid': 'd92884b7-ee0c-46d5-96f3-918196ba8c5b', 'name': 'Voice'}, 'lead': 1, 'attributes': ''}","[{'mbid': '97912476-a3a8-4517-86e1-77107110ff0e', 'title': 'N J Nandini in Arkay'}]",30,1,0,0
d65aad4d-dcde-444e-9ac1-96cc2916ac5f,96_Dharini_Telusukonti,[],"{'artist': {'mbid': 'bb385b39-7765-4a7c-9233-dad4c0f67d27', 'name': 'N J Nandini'}, 'instrument': {'mbid': 'd92884b7-ee0c-46d5-96f3-918196ba8c5b', 'name': 'Voice'}, 'lead': 1, 'attributes': ''}","[{'mbid': '97912476-a3a8-4517-86e1-77107110ff0e', 'title': 'N J Nandini in Arkay'}]",31,1,0,0
286cda89-36f0-4d1d-8fe2-4d30cba933de,96_Dharini_Telusukonti,[],"{'artist': {'mbid': 'bb385b39-7765-4a7c-9233-dad4c0f67d27', 'name': 'N J Nandini'}, 'instrument': {'mbid': 'd92884b7-ee0c-46d5-96f3-918196ba8c5b', 'name': 'Voice'}, 'lead': 1, 'attributes': ''}","[{'mbid': '97912476-a3a8-4517-86e1-77107110ff0e', 'title': 'N J Nandini in Arkay'}]",32,1,0,0
148e39ad-aa0d-40d7-80b9-c0134f785574,96_Dharini_Telusukonti,[],"{'artist': {'mbid': 'bb385b39-7765-4a7c-9233-dad4c0f67d27', 'name': 'N J Nandini'}, 'instrument': {'mbid': 'd92884b7-ee0c-46d5-96f3-918196ba8c5b', 'name': 'Voice'}, 'lead': 1, 'attributes': ''}","[{'mbid': '97912476-a3a8-4517-86e1-77107110ff0e', 'title': 'N J Nandini in Arkay'}]",33,1,0,0
2e567cf1-e2fe-4a76-8c05-1cda9d5c518b,96_Dharini_Telusukonti,[],"{'artist': {'mbid': 'bb385b39-7765-4a7c-9233-dad4c0f67d27', 'name': 'N J Nandini'}, 'instrument': {'mbid': 'd92884b7-ee0c-46d5-96f3-918196ba8c5b', 'name': 'Voice'}, 'lead': 1, 'attributes': ''}","[{'mbid': '97912476-a3a8-4517-86e1-77107110ff0e', 'title': 'N J Nandini in Arkay'}]",34,1,0,0
c8ed6cb0-22de-44d6-8909-83f04183d087,96_Dharini_Telusukonti,[],"{'artist': {'mbid': 'bb385b39-7765-4a7c-9233-dad4c0f67d27', 'name': 'N J Nandini'}, 'instrument': {'mbid': 'd92884b7-ee0c-46d5-96f3-918196ba8c5b', 'name': 'Voice'}, 'lead': 1, 'attributes': ''}","[{'mbid': '97912476-a3a8-4517-86e1-77107110ff0e', 'title': 'N J Nandini in Arkay'}]",35,1,0,0
03715a83-daff-4cbe-8073-bd805678f240,96_Dharini_Telusukonti,[],"{'artist': {'mbid': 'bb385b39-7765-4a7c-9233-dad4c0f67d27', 'name': 'N J Nandini'}, 'instrument': {'mbid': 'd92884b7-ee0c-46d5-96f3-918196ba8c5b', 'name': 'Voice'}, 'lead': 1, 'attributes': ''}","[{'mbid': '97912476-a3a8-4517-86e1-77107110ff0e', 'title': 'N J Nandini in Arkay'}]",36,1,0,0
d0f10bd9-ac59-4596-a831-121195d5df2f,96_Dharini_Telusukonti,[],"{'artist': {'mbid': 'bb385b39-7765-4a7c-9233-dad4c0f67d27', 'name': 'N J Nandini'}, 'instrument': {'mbid': 'd92884b7-ee0c-46d5-96f3-918196ba8c5b', 'name': 'Voice'}, 'lead': 1, 'attributes': ''}","[{'mbid': '97912476-a3a8-4517-86e1-77107110ff0e', 'title': 'N J Nandini in Arkay'}]",37,1,0,0
9cdc7af4-be88-46f0-8190-cfd810294f67,96_Dharini_Telusukonti,[],"{'artist': {'mbid': 'bb385b39-7765-4a7c-9233-dad4c0f67d27', 'name': 'N J Nandini'}, 'instrument': {'mbid': 'd92884b7-ee0c-46d5-96f3-918196ba8c5b', 'name': 'Voice'}, 'lead': 1, 'attributes': ''}","[{'mbid': '97912476-a3a8-4517-86e1-77107110ff0e', 'title': 'N J Nandini in Arkay'}]",38,1,0,0
a2d91d71-b545-4c49-a167-54b77f2a29d3,96_Dharini_Telusukonti,[],"{'artist': {'mbid': 'bb385b39-7765-4a7c-9233-dad4c0f67d27', 'name': 'N J Nandini'}, 'instrument': {'mbid': 'd92884b7-ee0c-46d5-96f3-918196ba8c5b', 'name': 'Voice'}, 'lead': 1, 'attributes': ''}","[{'mbid': '97912476-a3a8-4517-86e1-77107110ff0e', 'title': 'N J Nandini in Arkay'}]",39,1,0,0
dd2e4fc7-12cc-43e9-ab2e-001b0a1d4b7e,96_Dharini_Telusukonti,[],"{'artist': {'mbid': 'bb385b39-7765-4a7c-9233-dad4c0f67d27', 'name': 'N J Nandini'}, 'instrument': {'mbid': 'd92884b7-ee0c-46d5-96f3-918196ba8c5b', 'name': 'Voice'}, 'lead': 1, 'attributes': ''}","[{'mbid': '97912476-a3a8-4517-86e1-77107110ff0e', 'title': 'N J Nandini in Arkay'}]",40,1,0,0
fefddf69-a7dc-4dd2-9a48-1500a25e6969,96_Dharini_Telusukonti,[],"{'artist': {'mbid': 'bb385b39-7765-4a7c-9233-dad4c0f67d27', 'name': 'N J Nandini'}, 'instrument': {'mbid': 'd92884b7-ee0c-46d5-96f3-918196ba8c5b', 'name': 'Voice'}, 'lead': 1, 'attributes': ''}","[{'mbid': '97912476-a3a8-4517-86e1-77107110ff0e', 'title': 'N J Nandini in Arkay'}]",41,1,0,0
74d6bc84-3a4e-4d5b-bac9-77e176acd2e4,96_Dharini_Telusukonti,[],"{'artist': {'mbid': 'bb385b39-7765-4a7c-9233-dad4c0f67d27', 'name': 'N J Nandini'}, 'instrument': {'mbid': 'd92884b7-ee0c-46d5-96f3-918196ba8c5b', 'name': 'Voice'}, 'lead': 1, 'attributes': ''}","[{'mbid': '97912476-a3a8-4517-86e1-77107110ff0e', 'title': 'N J Nandini in Arkay'}]",42,1,0,0
6ecd8c03-7193-466d-8602-a1ad56864f50,96_Dharini_Telusukonti,[],"{'artist': {'mbid': 'bb385b39-7765-4a7c-9233-dad4c0f67d27', 'name': 'N J Nandini'}, 'instrument': {'mbid': 'd92884b7-ee0c-46d5-96f3-918196ba8c5b', 'name': 'Voice'}, 'lead': 1, 'attributes': ''}","[{'mbid': '97912476-a3a8-4517-86e1-77107110ff0e', 'title': 'N J Nandini in Arkay'}]",43,1,0,0
19e11a37-6e06-4d6e-854c-167c3773a45c,96_Dharini_Telusukonti,[],"{'artist': {'mbid': 'bb385b39-7765-4a7c-9233-dad4c0f67d27', 'name': 'N J Nandini'}, 'instrument': {'mbid': 'd92884b7-ee0c-46d5-96f3-918196ba8c5b', 'name': 'Voice'}, 'lead': 1, 'attributes': ''}","[{'mbid': '97912476-a3a8-4517-86e1-77107110ff0e', 'title': 'N J Nandini in Arkay'}]",44,0,0,1
d399d649-0d5b-4b61-8ac5-bd0c31fdf6e9,96_Dharini_Telusukonti,[],"{'artist': {'mbid': 'bb385b39-7765-4a7c-9233-dad4c0f67d27', 'name': 'N J Nandini'}, 'instrument': {'mbid': 'd92884b7-ee0c-46d5-96f3-918196ba8c5b', 'name': 'Voice'}, 'lead': 1, 'attributes': ''}","[{'mbid': '97912476-a3a8-4517-86e1-77107110ff0e', 'title': 'N J Nandini in Arkay'}]",45,0,0,1
f39cc0c6-b513-4183-81bb-087ab8360040,96_Dharini_Telusukonti,[],"{'artist': {'mbid': 'bb385b39-7765-4a7c-9233-dad4c0f67d27', 'name': 'N J Nandini'}, 'instrument': {'mbid': 'd92884b7-ee0c-46d5-96f3-918196ba8c5b', 'name': 'Voice'}, 'lead': 1, 'attributes': ''}","[{'mbid': '97912476-a3a8-4517-86e1-77107110ff0e', 'title': 'N J Nandini in Arkay'}]",46,0,0,1
fad2ed7d-9da8-48e1-8939-4cab2218e848,96_Dharini_Telusukonti,[],"{'artist': {'mbid': 'bb385b39-7765-4a7c-9233-dad4c0f67d27', 'name': 'N J Nandini'}, 'instrument': {'mbid': 'd92884b7-ee0c-46d5-96f3-918196ba8c5b', 'name': 'Voice'}, 'lead': 1, 'attributes': ''}","[{'mbid': '97912476-a3a8-4517-86e1-77107110ff0e', 'title': 'N J Nandini in Arkay'}]",47,0,0,0
3e31eea1-88e7-4d05-8bc8-cb604fc11988,96_Dharini_Telusukonti,[],"{'artist': {'mbid': 'bb385b39-7765-4a7c-9233-dad4c0f67d27', 'name': 'N J Nandini'}, 'instrument': {'mbid': 'd92884b7-ee0c-46d5-96f3-918196ba8c5b', 'name': 'Voice'}, 'lead': 1, 'attributes': ''}","[{'mbid': '97912476-a3a8-4517-86e1-77107110ff0e', 'title': 'N J Nandini in Arkay'}]",48,0,1,1
72955c43-ec6b-4294-9116-f181f8ab96f8,96_Dharini_Telusukonti,[],"{'artist': {'mbid': 'bb385b39-7765-4a7c-9233-dad4c0f67d27', 'name': 'N J Nandini'}, 'instrument': {'mbid': 'd92884b7-ee0c-46d5-96f3-918196ba8c5b', 'name': 'Voice'}, 'lead': 1, 'attributes': ''}","[{'mbid': '97912476-a3a8-4517-86e1-77107110ff0e', 'title': 'N J Nandini in Arkay'}]",49,0,1,1
751ad526-8b5d-44e5-86a0-09c40ac1ff32,96_Dharini_Telusukonti,[],"{'artist': {'mbid': 'bb385b39-7765-4a7c-9233-dad4c0f67d27', 'name': 'N J Nandini'}, 'instrument': {'mbid': 'd92884b7-ee0c-46d5-96f3-918196ba8c5b', 'name': 'Voice'}, 'lead': 1, 'attributes': ''}","[{'mbid': '97912476-a3a8-4517-86e1-77107110ff0e', 'title': 'N J Nandini in Arkay'}]",50,1,1,0
b85c48c7-745c-4820-8b50-555d08daed13,96_Dharini_Telusukonti,[],"{'artist': {'mbid': 'bb385b39-7765-4a7c-9233-dad4c0f67d27', 'name': 'N J Nandini'}, 'instrument': {'mbid': 'd92884b7-ee0c-46d5-96f3-918196ba8c5b', 'name': 'Voice'}, 'lead': 1, 'attributes': ''}","[{'mbid': '97912476-a3a8-4517-86e1-77107110ff0e', 'title': 'N J Nandini in Arkay'}]",51,1,1,0
0ff28426-195c-4004-b336-2eddd0cac4fa,96_Dharini_Telusukonti,[],"{'artist': {'mbid': 'bb385b39-7765-4a7c-9233-dad4c0f67d27', 'name': 'N J Nandini'}, 'instrument': {'mbid': 'd92884b7-ee0c-46d5-96f3-918196ba8c5b', 'name': 'Voice'}, 'lead': 1, 'attributes': ''}","[{'mbid': '97912476-a3a8-4517-86e1-77107110ff0e', 'title': 'N J Nandini in Arkay'}]",52,1,1,0
aeca8f62-a30b-4d84-a881-1541b5734218,96_Dharini_Telusukonti,[],"{'artist': {'mbid': 'bb385b39-7765-4a7c-9233-dad4c0f67d27', 'name': 'N J Nandini'}, 'instrument': {'mbid': 'd92884b7-ee0c-46d5-96f3-918196ba8c5b', 'name': 'Voice'}, 'lead': 1, 'attributes': ''}","[{'mbid': '97912476-a3a8-4517-86e1-77107110ff0e', 'title': 'N J Nandini in Arkay'}]",53,1,1,1
989a35ed-0d96-4b22-9389-fa31babcf2d1,96_Dharini_Telusukonti,[],"{'artist': {'mbid': 'bb385b39-7765-4a7c-9233-dad4c0f67d27', 'name': 'N J Nandini'}, 'instrument': {'mbid': 'd92884b7-ee0c-46d5-96f3-918196ba8c5b', 'name': 'Voice'}, 'lead': 1, 'attributes': ''}","[{'mbid': '97912476-a3a8-4517-86e1-77107110ff0e', 'title': 'N J Nandini in Arkay'}]",54,1,1,1
14a69520-fdf9-49e0-aad4-f0eb13f55b0f,96_Dharini_Telusukonti,[],"{'artist': {'mbid': 'bb385b39-7765-4a7c-9233-dad4c0f67d27', 'name': 'N J Nandini'}, 'instrument': {'mbid': 'd92884b7-ee0c-46d5-96f3-918196ba8c5b', 'name': 'Voice'}, 'lead': 1, 'attributes': ''}","[{'mbid': '97912476-a3a8-4517-86e1-77107110ff0e', 'title': 'N J Nandini in Arkay'}]",55,1,1,1
f2a80dc7-b7ff-4130-8092-d78fb2222406,96_Dharini_Telusukonti,[],"{'artist': {'mbid': 'bb385b39-7765-4a7c-9233-dad4c0f67d27', 'name': 'N J Nandini'}, 'instrument': {'mbid': 'd92884b7-ee0c-46d5-96f3-918196ba8c5b', 'name': 'Voice'}, 'lead': 1, 'attributes': ''}","[{'mbid': '97912476-a3a8-4517-86e1-77107110ff0e', 'title': 'N J Nandini in Arkay'}]",56,1,1,1
15981789-1a1b-4313-b661-b33bced5c02d,96_Dharini_Telusukonti,[],"{'artist': {'mbid': 'bb385b39-7765-4a7c-9233-dad4c0f67d27', 'name': 'N J Nandini'}, 'instrument': {'mbid': 'd92884b7-ee0c-46d5-96f3-918196ba8c5b', 'name': 'Voice'}, 'lead': 1, 'attributes': ''}","[{'mbid': '97912476-a3a8-4517-86e1-77107110ff0e', 'title': 'N J Nandini in Arkay'}]",57,1,1,1
39bf3300-d1d3-4df4-87c1-072f72f0f3c5,96_Dharini_Telusukonti,[],"{'artist': {'mbid': 'bb385b39-7765-4a7c-9233-dad4c0f67d27', 'name': 'N J Nandini'}, 'instrument': {'mbid': 'd92884b7-ee0c-46d5-96f3-918196ba8c5b', 'name': 'Voice'}, 'lead': 1, 'attributes': ''}","[{'mbid': '97912476-a3a8-4517-86e1-77107110ff0e', 'title': 'N J Nandini in Arkay'}]",58,1,1,1
484914e3-2b20-4ecc-bb02-bb549cc7d3e4,96_Dharini_Telusukonti,[],"{'artist': {'mbid': 'bb385b39-7765-4a7c-9233-dad4c0f67d27', 'name': 'N J Nandini'}, 'instrument': {'mbid': 'd92884b7-ee0c-46d5-96f3-918196ba8c5b', 'name': 'Voice'}, 'lead': 1, 'attributes': ''}","[{'mbid': '97912476-a3a8-4517-86e1-77107110ff0e', 'title': 'N J Nandini in Arkay'}]",59,1,1,1
e7887418-c92b-4733-a925-131674795785,96_Dharini_Telusukonti,[],"{'artist': {'mbid': 'bb385b39-7765-4a7c-9233-dad4c0f67d27', 'name': 'N J Nandini'}, 'instrument': {'mbid': 'd92884b7-ee0c-46d5-96f3-918196ba8c5b', 'name': 'Voice'}, 'lead': 1, 'attributes': ''}","[{'mbid': '97912476-a3a8-4517-86e1-77107110ff0e', 'title': 'N J Nandini in Arkay'}]",60,1,1,1
a79edb03-2e1a-4af4-9d25-a606e1077d43,96_Dharini_Telusukonti,[],"{'artist': {'mbid': 'bb385b39-7765-4a7c-9233-dad4c0f67d27', 'name': 'N J Nandini'}, 'instrument': {'mbid': 'd92884b7-ee0c-46d5-96f3-918196ba8c5b', 'name': 'Voice'}, 'lead': 1, 'attributes': ''}","[{'mbid': '97912476-a3a8-4517-86e1-77107110ff0e', 'title': 'N J Nandini in Arkay'}]",61,1,1,1
05cba7b3-c5cd-4b3a-8c91-a4611364a6a1,96_Dharini_Telusukonti,[],"{'artist': {'mbid': 'bb385b39-7765-4a7c-9233-dad4c0f67d27', 'name': 'N J Nandini'}, 'instrument': {'mbid': 'd92884b7-ee0c-46d5-96f3-918196ba8c5b', 'name': 'Voice'}, 'lead': 1, 'attributes': ''}","[{'mbid': '97912476-a3a8-4517-86e1-77107110ff0e', 'title': 'N J Nandini in Arkay'}]",62,1,1,1
a0da2a42-c366-40fd-8a7c-3e89b6b9451d,96_Dharini_Telusukonti,[],"{'artist': {'mbid': 'bb385b39-7765-4a7c-9233-dad4c0f67d27', 'name': 'N J Nandini'}, 'instrument': {'mbid': 'd92884b7-ee0c-46d5-96f3-918196ba8c5b', 'name': 'Voice'}, 'lead': 1, 'attributes': ''}","[{'mbid': '97912476-a3a8-4517-86e1-77107110ff0e', 'title': 'N J Nandini in Arkay'}]",63,1,1,1
61410ace-70bd-48b8-83d3-259a4370b8bc,96_Dharini_Telusukonti,[],"{'artist': {'mbid': 'bb385b39-7765-4a7c-9233-dad4c0f67d27', 'name': 'N J Nandini'}, 'instrument': {'mbid': 'd92884b7-ee0c-46d5-96f3-918196ba8c5b', 'name': 'Voice'}, 'lead': 1, 'attributes': ''}","[{'mbid': '97912476-a3a8-4517-86e1-77107110ff0e', 'title': 'N J Nandini in Arkay'}]",64,1,1,1
7278512b-e950-4ef4-b9b6-84e3c1765413,96_Dharini_Telusukonti,[],"{'artist': {'mbid': 'bb385b39-7765-4a7c-9233-dad4c0f67d27', 'name': 'N J Nandini'}, 'instrument': {'mbid': 'd92884b7-ee0c-46d5-96f3-918196ba8c5b', 'name': 'Voice'}, 'lead': 1, 'attributes': ''}","[{'mbid': '97912476-a3a8-4517-86e1-77107110ff0e', 'title': 'N J Nandini in Arkay'}]",65,1,1,1
11cd4b86-bb48-466b-8e8c-2031a238f208,96_Dharini_Telusukonti,[],"{'artist': {'mbid': 'bb385b39-7765-4a7c-9233-dad4c0f67d27', 'name': 'N J Nandini'}, 'instrument': {'mbid': 'd92884b7-ee0c-46d5-96f3-918196ba8c5b', 'name': 'Voice'}, 'lead': 1, 'attributes': ''}","[{'mbid': '97912476-a3a8-4517-86e1-77107110ff0e', 'title': 'N J Nandini in Arkay'}]",66,1,1,1
4ea0fd95-eb7c-41ab-ae22-7b1e7067aef4,96_Dharini_Telusukonti,[],"{'artist': {'mbid': 'bb385b39-7765-4a7c-9233-dad4c0f67d27', 'name': 'N J Nandini'}, 'instrument': {'mbid': 'd92884b7-ee0c-46d5-96f3-918196ba8c5b', 'name': 'Voice'}, 'lead': 1, 'attributes': ''}","[{'mbid': '97912476-a3a8-4517-86e1-77107110ff0e', 'title': 'N J Nandini in Arkay'}]",67,1,1,1
4c4cf7c5-761e-43ef-8073-e00d40a525cc,96_Dharini_Telusukonti,[],"{'artist': {'mbid': 'bb385b39-7765-4a7c-9233-dad4c0f67d27', 'name': 'N J Nandini'}, 'instrument': {'mbid': 'd92884b7-ee0c-46d5-96f3-918196ba8c5b', 'name': 'Voice'}, 'lead': 1, 'attributes': ''}","[{'mbid': '97912476-a3a8-4517-86e1-77107110ff0e', 'title': 'N J Nandini in Arkay'}]",68,1,1,1
5189d2f0-24e0-43af-8e81-c3f3b5d87d6e,96_Dharini_Telusukonti,[],"{'artist': {'mbid': 'bb385b39-7765-4a7c-9233-dad4c0f67d27', 'name': 'N J Nandini'}, 'instrument': {'mbid': 'd92884b7-ee0c-46d5-96f3-918196ba8c5b', 'name': 'Voice'}, 'lead': 1, 'attributes': ''}","[{'mbid': '97912476-a3a8-4517-86e1-77107110ff0e', 'title': 'N J Nandini in Arkay'}]",69,1,1,1
e6cd3112-641f-4fa6-93e9-7bb88decd698,96_Dharini_Telusukonti,[],"{'artist': {'mbid': 'bb385b39-7765-4a7c-9233-dad4c0f67d27', 'name': 'N J Nandini'}, 'instrument': {'mbid': 'd92884b7-ee0c-46d5-96f3-918196ba8c5b', 'name': 'Voice'}, 'lead': 1, 'attributes': ''}","[{'mbid': '97912476-a3a8-4517-86e1-77107110ff0e', 'title': 'N J Nandini in Arkay'}]",70,1,1,1
bc799097-627a-4b49-9a44-df28db77a58d,96_Dharini_Telusukonti,[],"{'artist': {'mbid': 'bb385b39-7765-4a7c-9233-dad4c0f67d27', 'name': 'N J Nandini'}, 'instrument': {'mbid': 'd92884b7-ee0c-46d5-96f3-918196ba8c5b', 'name': 'Voice'}, 'lead': 1, 'attributes': ''}","[{'mbid': '97912476-a3a8-4517-86e1-77107110ff0e', 'title': 'N J Nandini in Arkay'}]",71,1,1,1
d4e024c5-84a6-4f4b-aadf-ee53fc212252,96_Dharini_Telusukonti,[],"{'artist': {'mbid': 'bb385b39-7765-4a7c-9233-dad4c0f67d27', 'name': 'N J Nandini'}, 'instrument': {'mbid': 'd92884b7-ee0c-46d5-96f3-918196ba8c5b', 'name': 'Voice'}, 'lead': 1, 'attributes': ''}","[{'mbid': '97912476-a3a8-4517-86e1-77107110ff0e', 'title': 'N J Nandini in Arkay'}]",72,1,1,1
a6d57a73-bb41-406a-8412-f410d3d914e4,96_Dharini_Telusukonti,[],"{'artist': {'mbid': 'bb385b39-7765-4a7c-9233-dad4c0f67d27', 'name': 'N J Nandini'}, 'instrument': {'mbid': 'd92884b7-ee0c-46d5-96f3-918196ba8c5b', 'name': 'Voice'}, 'lead': 1, 'attributes': ''}","[{'mbid': '97912476-a3a8-4517-86e1-77107110ff0e', 'title': 'N J Nandini in Arkay'}]",73,1,1,1
2ba57c7c-ac33-4878-bfc6-9be226f25476,96_Dharini_Telusukonti,[],"{'artist': {'mbid': 'bb385b39-7765-4a7c-9233-dad4c0f67d27', 'name': 'N J Nandini'}, 'instrument': {'mbid': 'd92884b7-ee0c-46d5-96f3-918196ba8c5b', 'name': 'Voice'}, 'lead': 1, 'attributes': ''}","[{'mbid': '97912476-a3a8-4517-86e1-77107110ff0e', 'title': 'N J Nandini in Arkay'}]",74,1,1,1
383cfa57-e6e0-468e-a76d-2e282e661bdd,96_Dharini_Telusukonti,[],"{'artist': {'mbid': 'bb385b39-7765-4a7c-9233-dad4c0f67d27', 'name': 'N J Nandini'}, 'instrument': {'mbid': 'd92884b7-ee0c-46d5-96f3-918196ba8c5b', 'name': 'Voice'}, 'lead': 1, 'attributes': ''}","[{'mbid': '97912476-a3a8-4517-86e1-77107110ff0e', 'title': 'N J Nandini in Arkay'}]",75,1,1,1
31caaf82-b2c8-4655-916d-3f2da5a4a91a,96_Dharini_Telusukonti,[],"{'artist': {'mbid': 'bb385b39-7765-4a7c-9233-dad4c0f67d27', 'name': 'N J Nandini'}, 'instrument': {'mbid': 'd92884b7-ee0c-46d5-96f3-918196ba8c5b', 'name': 'Voice'}, 'lead': 1, 'attributes': ''}","[{'mbid': '97912476-a3a8-4517-86e1-77107110ff0e', 'title': 'N J Nandini in Arkay'}]",76,1,1,1
396382cc-5654-44be-aa51-7f66b611ae41,96_Dharini_Telusukonti,[],"{'artist': {'mbid': 'bb385b39-7765-4a7c-9233-dad4c0f67d27', 'name': 'N J Nandini'}, 'instrument': {'mbid': 'd92884b7-ee0c-46d5-96f3-918196ba8c5b', 'name': 'Voice'}, 'lead': 1, 'attributes': ''}","[{'mbid': '97912476-a3a8-4517-86e1-77107110ff0e', 'title': 'N J Nandini in Arkay'}]",77,1,1,1
12488fd6-d9bd-4976-88f1-426f1e6e0090,96_Dharini_Telusukonti,[],"{'artist': {'mbid': 'bb385b39-7765-4a7c-9233-dad4c0f67d27', 'name': 'N J Nandini'}, 'instrument': {'mbid': 'd92884b7-ee0c-46d5-96f3-918196ba8c5b', 'name': 'Voice'}, 'lead': 1, 'attributes': ''}","[{'mbid': '97912476-a3a8-4517-86e1-77107110ff0e', 'title': 'N J Nandini in Arkay'}]",78,1,1,1
4db24673-9a1d-4a26-8dce-17c8d4408554,96_Dharini_Telusukonti,[],"{'artist': {'mbid': 'bb385b39-7765-4a7c-9233-dad4c0f67d27', 'name': 'N J Nandini'}, 'instrument': {'mbid': 'd92884b7-ee0c-46d5-96f3-918196ba8c5b', 'name': 'Voice'}, 'lead': 1, 'attributes': ''}","[{'mbid': '97912476-a3a8-4517-86e1-77107110ff0e', 'title': 'N J Nandini in Arkay'}]",79,1,1,1
2e9f1dab-024a-409e-ab63-2b04af55186a,96_Dharini_Telusukonti,[],"{'artist': {'mbid': 'bb385b39-7765-4a7c-9233-dad4c0f67d27', 'name': 'N J Nandini'}, 'instrument': {'mbid': 'd92884b7-ee0c-46d5-96f3-918196ba8c5b', 'name': 'Voice'}, 'lead': 1, 'attributes': ''}","[{'mbid': '97912476-a3a8-4517-86e1-77107110ff0e', 'title': 'N J Nandini in Arkay'}]",80,1,1,1
8bd25a5b-def0-4350-96f2-c13181fb602b,96_Dharini_Telusukonti,[],"{'artist': {'mbid': 'bb385b39-7765-4a7c-9233-dad4c0f67d27', 'name': 'N J Nandini'}, 'instrument': {'mbid': 'd92884b7-ee0c-46d5-96f3-918196ba8c5b', 'name': 'Voice'}, 'lead': 1, 'attributes': ''}","[{'mbid': '97912476-a3a8-4517-86e1-77107110ff0e', 'title': 'N J Nandini in Arkay'}]",81,1,1,1
e6e3c258-281e-4820-bbb7-9f43ae705cbd,96_Dharini_Telusukonti,[],"{'artist': {'mbid': 'bb385b39-7765-4a7c-9233-dad4c0f67d27', 'name': 'N J Nandini'}, 'instrument': {'mbid': 'd92884b7-ee0c-46d5-96f3-918196ba8c5b', 'name': 'Voice'}, 'lead': 1, 'attributes': ''}","[{'mbid': '97912476-a3a8-4517-86e1-77107110ff0e', 'title': 'N J Nandini in Arkay'}]",82,1,1,1
1fba9598-674f-49b6-8ef4-3b64e8951fb6,96_Dharini_Telusukonti,[],"{'artist': {'mbid': 'bb385b39-7765-4a7c-9233-dad4c0f67d27', 'name': 'N J Nandini'}, 'instrument': {'mbid': 'd92884b7-ee0c-46d5-96f3-918196ba8c5b', 'name': 'Voice'}, 'lead': 1, 'attributes': ''}","[{'mbid': '97912476-a3a8-4517-86e1-77107110ff0e', 'title': 'N J Nandini in Arkay'}]",83,1,1,1
6fad0158-1f1e-4d07-8712-c42ce205d323,96_Dharini_Telusukonti,[],"{'artist': {'mbid': 'bb385b39-7765-4a7c-9233-dad4c0f67d27', 'name': 'N J Nandini'}, 'instrument': {'mbid': 'd92884b7-ee0c-46d5-96f3-918196ba8c5b', 'name': 'Voice'}, 'lead': 1, 'attributes': ''}","[{'mbid': '97912476-a3a8-4517-86e1-77107110ff0e', 'title': 'N J Nandini in Arkay'}]",84,1,1,1
e2ddbd06-945b-4f9d-8d16-20a274efff17,96_Dharini_Telusukonti,[],"{'artist': {'mbid': 'bb385b39-7765-4a7c-9233-dad4c0f67d27', 'name': 'N J Nandini'}, 'instrument': {'mbid': 'd92884b7-ee0c-46d5-96f3-918196ba8c5b', 'name': 'Voice'}, 'lead': 1, 'attributes': ''}","[{'mbid': '97912476-a3a8-4517-86e1-77107110ff0e', 'title': 'N J Nandini in Arkay'}]",85,1,0,1
fe2ac772-dafc-41c5-8785-510b58f9278a,96_Dharini_Telusukonti,[],"{'artist': {'mbid': 'bb385b39-7765-4a7c-9233-dad4c0f67d27', 'name': 'N J Nandini'}, 'instrument': {'mbid': 'd92884b7-ee0c-46d5-96f3-918196ba8c5b', 'name': 'Voice'}, 'lead': 1, 'attributes': ''}","[{'mbid': '97912476-a3a8-4517-86e1-77107110ff0e', 'title': 'N J Nandini in Arkay'}]",86,1,1,1
2ba3cbcb-c03f-414a-acdb-3be0e84fb12f,96_Dharini_Telusukonti,[],"{'artist': {'mbid': 'bb385b39-7765-4a7c-9233-dad4c0f67d27', 'name': 'N J Nandini'}, 'instrument': {'mbid': 'd92884b7-ee0c-46d5-96f3-918196ba8c5b', 'name': 'Voice'}, 'lead': 1, 'attributes': ''}","[{'mbid': '97912476-a3a8-4517-86e1-77107110ff0e', 'title': 'N J Nandini in Arkay'}]",87,1,1,1
91c096da-fba4-4390-866f-192ad5b43238,96_Dharini_Telusukonti,[],"{'artist': {'mbid': 'bb385b39-7765-4a7c-9233-dad4c0f67d27', 'name': 'N J Nandini'}, 'instrument': {'mbid': 'd92884b7-ee0c-46d5-96f3-918196ba8c5b', 'name': 'Voice'}, 'lead': 1, 'attributes': ''}","[{'mbid': '97912476-a3a8-4517-86e1-77107110ff0e', 'title': 'N J Nandini in Arkay'}]",88,1,1,1
22ff7f23-1e86-4441-876b-69c4459c5068,96_Dharini_Telusukonti,[],"{'artist': {'mbid': 'bb385b39-7765-4a7c-9233-dad4c0f67d27', 'name': 'N J Nandini'}, 'instrument': {'mbid': 'd92884b7-ee0c-46d5-96f3-918196ba8c5b', 'name': 'Voice'}, 'lead': 1, 'attributes': ''}","[{'mbid': '97912476-a3a8-4517-86e1-77107110ff0e', 'title': 'N J Nandini in Arkay'}]",89,1,1,1
2ea2b2ad-fa0a-441d-a4b3-36f0fc992aa2,96_Dharini_Telusukonti,[],"{'artist': {'mbid': 'bb385b39-7765-4a7c-9233-dad4c0f67d27', 'name': 'N J Nandini'}, 'instrument': {'mbid': 'd92884b7-ee0c-46d5-96f3-918196ba8c5b', 'name': 'Voice'}, 'lead': 1, 'attributes': ''}","[{'mbid': '97912476-a3a8-4517-86e1-77107110ff0e', 'title': 'N J Nandini in Arkay'}]",90,1,1,1
7509190d-d2ea-46bf-b9e0-483420a30510,96_Dharini_Telusukonti,[],"{'artist': {'mbid': 'bb385b39-7765-4a7c-9233-dad4c0f67d27', 'name': 'N J Nandini'}, 'instrument': {'mbid': 'd92884b7-ee0c-46d5-96f3-918196ba8c5b', 'name': 'Voice'}, 'lead': 1, 'attributes': ''}","[{'mbid': '97912476-a3a8-4517-86e1-77107110ff0e', 'title': 'N J Nandini in Arkay'}]",91,1,1,1
0cce5896-6f93-4314-9ede-31b3367699c4,96_Dharini_Telusukonti,[],"{'artist': {'mbid': 'bb385b39-7765-4a7c-9233-dad4c0f67d27', 'name': 'N J Nandini'}, 'instrument': {'mbid': 'd92884b7-ee0c-46d5-96f3-918196ba8c5b', 'name': 'Voice'}, 'lead': 1, 'attributes': ''}","[{'mbid': '97912476-a3a8-4517-86e1-77107110ff0e', 'title': 'N J Nandini in Arkay'}]",92,1,1,1
4a4db5d8-ab5e-46e8-8e32-eea8c46767e6,96_Dharini_Telusukonti,[],"{'artist': {'mbid': 'bb385b39-7765-4a7c-9233-dad4c0f67d27', 'name': 'N J Nandini'}, 'instrument': {'mbid': 'd92884b7-ee0c-46d5-96f3-918196ba8c5b', 'name': 'Voice'}, 'lead': 1, 'attributes': ''}","[{'mbid': '97912476-a3a8-4517-86e1-77107110ff0e', 'title': 'N J Nandini in Arkay'}]",93,1,1,1
3f6fc076-2ea9-4df9-822c-df2b48ccde3d,96_Dharini_Telusukonti,[],"{'artist': {'mbid': 'bb385b39-7765-4a7c-9233-dad4c0f67d27', 'name': 'N J Nandini'}, 'instrument': {'mbid': 'd92884b7-ee0c-46d5-96f3-918196ba8c5b', 'name': 'Voice'}, 'lead': 1, 'attributes': ''}","[{'mbid': '97912476-a3a8-4517-86e1-77107110ff0e', 'title': 'N J Nandini in Arkay'}]",94,1,1,1
52c0a85f-77be-4507-b2bf-37a506e27167,96_Dharini_Telusukonti,[],"{'artist': {'mbid': 'bb385b39-7765-4a7c-9233-dad4c0f67d27', 'name': 'N J Nandini'}, 'instrument': {'mbid': 'd92884b7-ee0c-46d5-96f3-918196ba8c5b', 'name': 'Voice'}, 'lead': 1, 'attributes': ''}","[{'mbid': '97912476-a3a8-4517-86e1-77107110ff0e', 'title': 'N J Nandini in Arkay'}]",95,1,1,1
a0c6ece4-53cc-4513-83cd-045e36e4e1a7,96_Dharini_Telusukonti,[],"{'artist': {'mbid': 'bb385b39-7765-4a7c-9233-dad4c0f67d27', 'name': 'N J Nandini'}, 'instrument': {'mbid': 'd92884b7-ee0c-46d5-96f3-918196ba8c5b', 'name': 'Voice'}, 'lead': 1, 'attributes': ''}","[{'mbid': '97912476-a3a8-4517-86e1-77107110ff0e', 'title': 'N J Nandini in Arkay'}]",96,1,1,1
74d73e0f-c9e5-411d-9f5f-3cd88e437c80,96_Dharini_Telusukonti,[],"{'artist': {'mbid': 'bb385b39-7765-4a7c-9233-dad4c0f67d27', 'name': 'N J Nandini'}, 'instrument': {'mbid': 'd92884b7-ee0c-46d5-96f3-918196ba8c5b', 'name': 'Voice'}, 'lead': 1, 'attributes': ''}","[{'mbid': '97912476-a3a8-4517-86e1-77107110ff0e', 'title': 'N J Nandini in Arkay'}]",97,1,1,1
41550130-22d1-4fdc-a53c-00fa2a0d6eb6,96_Dharini_Telusukonti,[],"{'artist': {'mbid': 'bb385b39-7765-4a7c-9233-dad4c0f67d27', 'name': 'N J Nandini'}, 'instrument': {'mbid': 'd92884b7-ee0c-46d5-96f3-918196ba8c5b', 'name': 'Voice'}, 'lead': 1, 'attributes': ''}","[{'mbid': '97912476-a3a8-4517-86e1-77107110ff0e', 'title': 'N J Nandini in Arkay'}]",98,1,1,1
75ceb29e-f850-4429-afb0-1a24a75fc3a0,96_Dharini_Telusukonti,[],"{'artist': {'mbid': 'bb385b39-7765-4a7c-9233-dad4c0f67d27', 'name': 'N J Nandini'}, 'instrument': {'mbid': 'd92884b7-ee0c-46d5-96f3-918196ba8c5b', 'name': 'Voice'}, 'lead': 1, 'attributes': ''}","[{'mbid': '97912476-a3a8-4517-86e1-77107110ff0e', 'title': 'N J Nandini in Arkay'}]",99,1,1,1
e75a6c2c-3d6b-4a7c-af52-d60987bc3aa0,96_Dharini_Telusukonti,[],"{'artist': {'mbid': 'bb385b39-7765-4a7c-9233-dad4c0f67d27', 'name': 'N J Nandini'}, 'instrument': {'mbid': 'd92884b7-ee0c-46d5-96f3-918196ba8c5b', 'name': 'Voice'}, 'lead': 1, 'attributes': ''}","[{'mbid': '97912476-a3a8-4517-86e1-77107110ff0e', 'title': 'N J Nandini in Arkay'}]",100,1,1,1
985efe58-c1fb-4bab-88b9-f4698a7f797f,96_Dharini_Telusukonti,[],"{'artist': {'mbid': 'bb385b39-7765-4a7c-9233-dad4c0f67d27', 'name': 'N J Nandini'}, 'instrument': {'mbid': 'd92884b7-ee0c-46d5-96f3-918196ba8c5b', 'name': 'Voice'}, 'lead': 1, 'attributes': ''}","[{'mbid': '97912476-a3a8-4517-86e1-77107110ff0e', 'title': 'N J Nandini in Arkay'}]",101,1,1,1
0a7116b9-154b-4670-8973-fd0737a2ab93,96_Dharini_Telusukonti,[],"{'artist': {'mbid': 'bb385b39-7765-4a7c-9233-dad4c0f67d27', 'name': 'N J Nandini'}, 'instrument': {'mbid': 'd92884b7-ee0c-46d5-96f3-918196ba8c5b', 'name': 'Voice'}, 'lead': 1, 'attributes': ''}","[{'mbid': '97912476-a3a8-4517-86e1-77107110ff0e', 'title': 'N J Nandini in Arkay'}]",102,1,1,1
6eadbfc3-31fe-4130-b4bb-a0057cc550b7,96_Dharini_Telusukonti,[],"{'artist': {'mbid': 'bb385b39-7765-4a7c-9233-dad4c0f67d27', 'name': 'N J Nandini'}, 'instrument': {'mbid': 'd92884b7-ee0c-46d5-96f3-918196ba8c5b', 'name': 'Voice'}, 'lead': 1, 'attributes': ''}","[{'mbid': '97912476-a3a8-4517-86e1-77107110ff0e', 'title': 'N J Nandini in Arkay'}]",103,1,1,1
67c553e0-84d7-465d-84d1-e28948a9cee4,96_Dharini_Telusukonti,[],"{'artist': {'mbid': 'bb385b39-7765-4a7c-9233-dad4c0f67d27', 'name': 'N J Nandini'}, 'instrument': {'mbid': 'd92884b7-ee0c-46d5-96f3-918196ba8c5b', 'name': 'Voice'}, 'lead': 1, 'attributes': ''}","[{'mbid': '97912476-a3a8-4517-86e1-77107110ff0e', 'title': 'N J Nandini in Arkay'}]",104,1,1,1
6a1276d4-e21d-4632-9453-299cc97a58b1,96_Dharini_Telusukonti,[],"{'artist': {'mbid': 'bb385b39-7765-4a7c-9233-dad4c0f67d27', 'name': 'N J Nandini'}, 'instrument': {'mbid': 'd92884b7-ee0c-46d5-96f3-918196ba8c5b', 'name': 'Voice'}, 'lead': 1, 'attributes': ''}","[{'mbid': '97912476-a3a8-4517-86e1-77107110ff0e', 'title': 'N J Nandini in Arkay'}]",105,1,1,1
c450d5b3-1f7d-4ec2-8d01-487040d4b021,96_Dharini_Telusukonti,[],"{'artist': {'mbid': 'bb385b39-7765-4a7c-9233-dad4c0f67d27', 'name': 'N J Nandini'}, 'instrument': {'mbid': 'd92884b7-ee0c-46d5-96f3-918196ba8c5b', 'name': 'Voice'}, 'lead': 1, 'attributes': ''}","[{'mbid': '97912476-a3a8-4517-86e1-77107110ff0e', 'title': 'N J Nandini in Arkay'}]",106,1,1,1
373887b7-73f8-49a6-bde0-ceca156be912,96_Dharini_Telusukonti,[],"{'artist': {'mbid': 'bb385b39-7765-4a7c-9233-dad4c0f67d27', 'name': 'N J Nandini'}, 'instrument': {'mbid': 'd92884b7-ee0c-46d5-96f3-918196ba8c5b', 'name': 'Voice'}, 'lead': 1, 'attributes': ''}","[{'mbid': '97912476-a3a8-4517-86e1-77107110ff0e', 'title': 'N J Nandini in Arkay'}]",107,1,1,1
39dac3fc-b464-4d0f-8c98-62bb4b4ca15b,96_Dharini_Telusukonti,[],"{'artist': {'mbid': 'bb385b39-7765-4a7c-9233-dad4c0f67d27', 'name': 'N J Nandini'}, 'instrument': {'mbid': 'd92884b7-ee0c-46d5-96f3-918196ba8c5b', 'name': 'Voice'}, 'lead': 1, 'attributes': ''}","[{'mbid': '97912476-a3a8-4517-86e1-77107110ff0e', 'title': 'N J Nandini in Arkay'}]",108,1,1,1
d2f2e86b-8012-42ef-b373-d1e05800df31,96_Dharini_Telusukonti,[],"{'artist': {'mbid': 'bb385b39-7765-4a7c-9233-dad4c0f67d27', 'name': 'N J Nandini'}, 'instrument': {'mbid': 'd92884b7-ee0c-46d5-96f3-918196ba8c5b', 'name': 'Voice'}, 'lead': 1, 'attributes': ''}","[{'mbid': '97912476-a3a8-4517-86e1-77107110ff0e', 'title': 'N J Nandini in Arkay'}]",109,1,1,1
6a82f363-4ac7-416a-8c0d-f8b18b12aa25,96_Dharini_Telusukonti,[],"{'artist': {'mbid': 'bb385b39-7765-4a7c-9233-dad4c0f67d27', 'name': 'N J Nandini'}, 'instrument': {'mbid': 'd92884b7-ee0c-46d5-96f3-918196ba8c5b', 'name': 'Voice'}, 'lead': 1, 'attributes': ''}","[{'mbid': '97912476-a3a8-4517-86e1-77107110ff0e', 'title': 'N J Nandini in Arkay'}]",110,1,1,1
04ac295a-499a-4952-8a6f-db69b21ebaa8,96_Dharini_Telusukonti,[],"{'artist': {'mbid': 'bb385b39-7765-4a7c-9233-dad4c0f67d27', 'name': 'N J Nandini'}, 'instrument': {'mbid': 'd92884b7-ee0c-46d5-96f3-918196ba8c5b', 'name': 'Voice'}, 'lead': 1, 'attributes': ''}","[{'mbid': '97912476-a3a8-4517-86e1-77107110ff0e', 'title': 'N J Nandini in Arkay'}]",111,1,1,1
6526020d-74a9-4b31-9248-1b5029963163,96_Dharini_Telusukonti,[],"{'artist': {'mbid': 'bb385b39-7765-4a7c-9233-dad4c0f67d27', 'name': 'N J Nandini'}, 'instrument': {'mbid': 'd92884b7-ee0c-46d5-96f3-918196ba8c5b', 'name': 'Voice'}, 'lead': 1, 'attributes': ''}","[{'mbid': '97912476-a3a8-4517-86e1-77107110ff0e', 'title': 'N J Nandini in Arkay'}]",112,1,1,1
16ea4dad-620e-44bc-95ff-e3085f40a951,96_Dharini_Telusukonti,[],"{'artist': {'mbid': 'bb385b39-7765-4a7c-9233-dad4c0f67d27', 'name': 'N J Nandini'}, 'instrument': {'mbid': 'd92884b7-ee0c-46d5-96f3-918196ba8c5b', 'name': 'Voice'}, 'lead': 1, 'attributes': ''}","[{'mbid': '97912476-a3a8-4517-86e1-77107110ff0e', 'title': 'N J Nandini in Arkay'}]",113,1,1,1
df0a7ea4-fd51-44a6-b84f-5764c375cbfd,96_Dharini_Telusukonti,[],"{'artist': {'mbid': 'bb385b39-7765-4a7c-9233-dad4c0f67d27', 'name': 'N J Nandini'}, 'instrument': {'mbid': 'd92884b7-ee0c-46d5-96f3-918196ba8c5b', 'name': 'Voice'}, 'lead': 1, 'attributes': ''}","[{'mbid': '97912476-a3a8-4517-86e1-77107110ff0e', 'title': 'N J Nandini in Arkay'}]",114,1,1,1
193db679-9d48-4d09-806d-2e5bf8f98d3c,96_Dharini_Telusukonti,[],"{'artist': {'mbid': 'bb385b39-7765-4a7c-9233-dad4c0f67d27', 'name': 'N J Nandini'}, 'instrument': {'mbid': 'd92884b7-ee0c-46d5-96f3-918196ba8c5b', 'name': 'Voice'}, 'lead': 1, 'attributes': ''}","[{'mbid': '97912476-a3a8-4517-86e1-77107110ff0e', 'title': 'N J Nandini in Arkay'}]",115,1,1,1
ed452af6-10e0-46a3-950a-d84f47a84f9e,96_Dharini_Telusukonti,[],"{'artist': {'mbid': 'bb385b39-7765-4a7c-9233-dad4c0f67d27', 'name': 'N J Nandini'}, 'instrument': {'mbid': 'd92884b7-ee0c-46d5-96f3-918196ba8c5b', 'name': 'Voice'}, 'lead': 1, 'attributes': ''}","[{'mbid': '97912476-a3a8-4517-86e1-77107110ff0e', 'title': 'N J Nandini in Arkay'}]",116,1,1,1
fec28af3-1934-4612-aa26-6e343662ecae,96_Dharini_Telusukonti,[],"{'artist': {'mbid': 'bb385b39-7765-4a7c-9233-dad4c0f67d27', 'name': 'N J Nandini'}, 'instrument': {'mbid': 'd92884b7-ee0c-46d5-96f3-918196ba8c5b', 'name': 'Voice'}, 'lead': 1, 'attributes': ''}","[{'mbid': '97912476-a3a8-4517-86e1-77107110ff0e', 'title': 'N J Nandini in Arkay'}]",117,1,1,1
a17f4b17-af17-4a86-bff3-fe31bd3eb683,96_Dharini_Telusukonti,[],"{'artist': {'mbid': 'bb385b39-7765-4a7c-9233-dad4c0f67d27', 'name': 'N J Nandini'}, 'instrument': {'mbid': 'd92884b7-ee0c-46d5-96f3-918196ba8c5b', 'name': 'Voice'}, 'lead': 1, 'attributes': ''}","[{'mbid': '97912476-a3a8-4517-86e1-77107110ff0e', 'title': 'N J Nandini in Arkay'}]",118,1,1,1
f846e1c9-c887-4744-9fb9-a9516dc3ca69,96_Dharini_Telusukonti,[],"{'artist': {'mbid': 'bb385b39-7765-4a7c-9233-dad4c0f67d27', 'name': 'N J Nandini'}, 'instrument': {'mbid': 'd92884b7-ee0c-46d5-96f3-918196ba8c5b', 'name': 'Voice'}, 'lead': 1, 'attributes': ''}","[{'mbid': '97912476-a3a8-4517-86e1-77107110ff0e', 'title': 'N J Nandini in Arkay'}]",119,1,1,1
8aa3257c-32cb-4451-8519-d6c4fe259a13,96_Dharini_Telusukonti,[],"{'artist': {'mbid': 'bb385b39-7765-4a7c-9233-dad4c0f67d27', 'name': 'N J Nandini'}, 'instrument': {'mbid': 'd92884b7-ee0c-46d5-96f3-918196ba8c5b', 'name': 'Voice'}, 'lead': 1, 'attributes': ''}","[{'mbid': '97912476-a3a8-4517-86e1-77107110ff0e', 'title': 'N J Nandini in Arkay'}]",120,1,1,1
95aeebed-c960-4373-8da7-f3ccb56d4473,96_Dharini_Telusukonti,[],"{'artist': {'mbid': 'bb385b39-7765-4a7c-9233-dad4c0f67d27', 'name': 'N J Nandini'}, 'instrument': {'mbid': 'd92884b7-ee0c-46d5-96f3-918196ba8c5b', 'name': 'Voice'}, 'lead': 1, 'attributes': ''}","[{'mbid': '97912476-a3a8-4517-86e1-77107110ff0e', 'title': 'N J Nandini in Arkay'}]",121,1,1,1
449ca219-d24c-410c-9fb1-3686e61aecd6,96_Dharini_Telusukonti,[],"{'artist': {'mbid': 'bb385b39-7765-4a7c-9233-dad4c0f67d27', 'name': 'N J Nandini'}, 'instrument': {'mbid': 'd92884b7-ee0c-46d5-96f3-918196ba8c5b', 'name': 'Voice'}, 'lead': 1, 'attributes': ''}","[{'mbid': '97912476-a3a8-4517-86e1-77107110ff0e', 'title': 'N J Nandini in Arkay'}]",122,1,1,1
bfc64c0c-180c-4139-ac27-a31a1acfe580,96_Dharini_Telusukonti,[],"{'artist': {'mbid': 'bb385b39-7765-4a7c-9233-dad4c0f67d27', 'name': 'N J Nandini'}, 'instrument': {'mbid': 'd92884b7-ee0c-46d5-96f3-918196ba8c5b', 'name': 'Voice'}, 'lead': 1, 'attributes': ''}","[{'mbid': '97912476-a3a8-4517-86e1-77107110ff0e', 'title': 'N J Nandini in Arkay'}]",123,1,1,1
a68c0c7b-753c-4d5d-8c15-4c30f48de1ed,96_Dharini_Telusukonti,[],"{'artist': {'mbid': 'bb385b39-7765-4a7c-9233-dad4c0f67d27', 'name': 'N J Nandini'}, 'instrument': {'mbid': 'd92884b7-ee0c-46d5-96f3-918196ba8c5b', 'name': 'Voice'}, 'lead': 1, 'attributes': ''}","[{'mbid': '97912476-a3a8-4517-86e1-77107110ff0e', 'title': 'N J Nandini in Arkay'}]",124,1,1,1
e9d487e9-ed4a-4e90-9ce7-bf4cb9277d23,96_Dharini_Telusukonti,[],"{'artist': {'mbid': 'bb385b39-7765-4a7c-9233-dad4c0f67d27', 'name': 'N J Nandini'}, 'instrument': {'mbid': 'd92884b7-ee0c-46d5-96f3-918196ba8c5b', 'name': 'Voice'}, 'lead': 1, 'attributes': ''}","[{'mbid': '97912476-a3a8-4517-86e1-77107110ff0e', 'title': 'N J Nandini in Arkay'}]",125,1,1,1
4b3dcae0-cfb6-47bd-afce-fb9594b1fdf1,96_Dharini_Telusukonti,[],"{'artist': {'mbid': 'bb385b39-7765-4a7c-9233-dad4c0f67d27', 'name': 'N J Nandini'}, 'instrument': {'mbid': 'd92884b7-ee0c-46d5-96f3-918196ba8c5b', 'name': 'Voice'}, 'lead': 1, 'attributes': ''}","[{'mbid': '97912476-a3a8-4517-86e1-77107110ff0e', 'title': 'N J Nandini in Arkay'}]",126,1,1,1
403c60fe-8788-4448-a5a4-8f9fc3f8db19,96_Dharini_Telusukonti,[],"{'artist': {'mbid': 'bb385b39-7765-4a7c-9233-dad4c0f67d27', 'name': 'N J Nandini'}, 'instrument': {'mbid': 'd92884b7-ee0c-46d5-96f3-918196ba8c5b', 'name': 'Voice'}, 'lead': 1, 'attributes': ''}","[{'mbid': '97912476-a3a8-4517-86e1-77107110ff0e', 'title': 'N J Nandini in Arkay'}]",127,1,1,1
939054f8-ee23-4fcc-ab79-0d7e188b409d,96_Dharini_Telusukonti,[],"{'artist': {'mbid': 'bb385b39-7765-4a7c-9233-dad4c0f67d27', 'name': 'N J Nandini'}, 'instrument': {'mbid': 'd92884b7-ee0c-46d5-96f3-918196ba8c5b', 'name': 'Voice'}, 'lead': 1, 'attributes': ''}","[{'mbid': '97912476-a3a8-4517-86e1-77107110ff0e', 'title': 'N J Nandini in Arkay'}]",128,1,1,1
b3a14890-a5bc-4f9d-ab19-df9645bfaa62,96_Dharini_Telusukonti,[],"{'artist': {'mbid': 'bb385b39-7765-4a7c-9233-dad4c0f67d27', 'name': 'N J Nandini'}, 'instrument': {'mbid': 'd92884b7-ee0c-46d5-96f3-918196ba8c5b', 'name': 'Voice'}, 'lead': 1, 'attributes': ''}","[{'mbid': '97912476-a3a8-4517-86e1-77107110ff0e', 'title': 'N J Nandini in Arkay'}]",129,1,1,1
c594134e-fcae-4b2a-a604-afe81f711392,96_Dharini_Telusukonti,[],"{'artist': {'mbid': 'bb385b39-7765-4a7c-9233-dad4c0f67d27', 'name': 'N J Nandini'}, 'instrument': {'mbid': 'd92884b7-ee0c-46d5-96f3-918196ba8c5b', 'name': 'Voice'}, 'lead': 1, 'attributes': ''}","[{'mbid': '97912476-a3a8-4517-86e1-77107110ff0e', 'title': 'N J Nandini in Arkay'}]",130,1,1,1
a34b56b1-6fef-4ab0-ae49-513e60b96e0b,96_Dharini_Telusukonti,[],"{'artist': {'mbid': 'bb385b39-7765-4a7c-9233-dad4c0f67d27', 'name': 'N J Nandini'}, 'instrument': {'mbid': 'd92884b7-ee0c-46d5-96f3-918196ba8c5b', 'name': 'Voice'}, 'lead': 1, 'attributes': ''}","[{'mbid': '97912476-a3a8-4517-86e1-77107110ff0e', 'title': 'N J Nandini in Arkay'}]",131,1,1,1
03a7a76c-b474-4487-a532-2d4ba09b8394,96_Dharini_Telusukonti,[],"{'artist': {'mbid': 'bb385b39-7765-4a7c-9233-dad4c0f67d27', 'name': 'N J Nandini'}, 'instrument': {'mbid': 'd92884b7-ee0c-46d5-96f3-918196ba8c5b', 'name': 'Voice'}, 'lead': 1, 'attributes': ''}","[{'mbid': '97912476-a3a8-4517-86e1-77107110ff0e', 'title': 'N J Nandini in Arkay'}]",132,1,1,1
e2ed5bcb-2f47-4733-b2b3-11b2fdb257d3,96_Dharini_Telusukonti,[],"{'artist': {'mbid': 'bb385b39-7765-4a7c-9233-dad4c0f67d27', 'name': 'N J Nandini'}, 'instrument': {'mbid': 'd92884b7-ee0c-46d5-96f3-918196ba8c5b', 'name': 'Voice'}, 'lead': 1, 'attributes': ''}","[{'mbid': '97912476-a3a8-4517-86e1-77107110ff0e', 'title': 'N J Nandini in Arkay'}]",133,1,1,1
3c15fa5e-474e-43f5-b6d3-d14885595c1d,96_Dharini_Telusukonti,[],"{'artist': {'mbid': 'bb385b39-7765-4a7c-9233-dad4c0f67d27', 'name': 'N J Nandini'}, 'instrument': {'mbid': 'd92884b7-ee0c-46d5-96f3-918196ba8c5b', 'name': 'Voice'}, 'lead': 1, 'attributes': ''}","[{'mbid': '97912476-a3a8-4517-86e1-77107110ff0e', 'title': 'N J Nandini in Arkay'}]",134,1,1,1
7cef59d1-ea86-47e6-b9d6-a97bc5275dcd,96_Dharini_Telusukonti,[],"{'artist': {'mbid': 'bb385b39-7765-4a7c-9233-dad4c0f67d27', 'name': 'N J Nandini'}, 'instrument': {'mbid': 'd92884b7-ee0c-46d5-96f3-918196ba8c5b', 'name': 'Voice'}, 'lead': 1, 'attributes': ''}","[{'mbid': '97912476-a3a8-4517-86e1-77107110ff0e', 'title': 'N J Nandini in Arkay'}]",135,1,1,1
77c1c911-bfca-4f55-9721-7ba66f081d12,96_Dharini_Telusukonti,[],"{'artist': {'mbid': 'bb385b39-7765-4a7c-9233-dad4c0f67d27', 'name': 'N J Nandini'}, 'instrument': {'mbid': 'd92884b7-ee0c-46d5-96f3-918196ba8c5b', 'name': 'Voice'}, 'lead': 1, 'attributes': ''}","[{'mbid': '97912476-a3a8-4517-86e1-77107110ff0e', 'title': 'N J Nandini in Arkay'}]",136,1,1,1
65958062-96c7-4642-ac28-15608d8bdce0,96_Dharini_Telusukonti,[],"{'artist': {'mbid': 'bb385b39-7765-4a7c-9233-dad4c0f67d27', 'name': 'N J Nandini'}, 'instrument': {'mbid': 'd92884b7-ee0c-46d5-96f3-918196ba8c5b', 'name': 'Voice'}, 'lead': 1, 'attributes': ''}","[{'mbid': '97912476-a3a8-4517-86e1-77107110ff0e', 'title': 'N J Nandini in Arkay'}]",137,1,1,1
6bd495cc-cfb1-4c35-a220-81bad24bdc06,96_Dharini_Telusukonti,[],"{'artist': {'mbid': 'bb385b39-7765-4a7c-9233-dad4c0f67d27', 'name': 'N J Nandini'}, 'instrument': {'mbid': 'd92884b7-ee0c-46d5-96f3-918196ba8c5b', 'name': 'Voice'}, 'lead': 1, 'attributes': ''}","[{'mbid': '97912476-a3a8-4517-86e1-77107110ff0e', 'title': 'N J Nandini in Arkay'}]",138,1,1,1
7b5e4cac-778b-4e5c-b7bb-ac1474b5eb63,96_Dharini_Telusukonti,[],"{'artist': {'mbid': 'bb385b39-7765-4a7c-9233-dad4c0f67d27', 'name': 'N J Nandini'}, 'instrument': {'mbid': 'd92884b7-ee0c-46d5-96f3-918196ba8c5b', 'name': 'Voice'}, 'lead': 1, 'attributes': ''}","[{'mbid': '97912476-a3a8-4517-86e1-77107110ff0e', 'title': 'N J Nandini in Arkay'}]",139,1,1,1
de27de3f-4ff1-4426-94a0-2a9641a9f1e6,96_Dharini_Telusukonti,[],"{'artist': {'mbid': 'bb385b39-7765-4a7c-9233-dad4c0f67d27', 'name': 'N J Nandini'}, 'instrument': {'mbid': 'd92884b7-ee0c-46d5-96f3-918196ba8c5b', 'name': 'Voice'}, 'lead': 1, 'attributes': ''}","[{'mbid': '97912476-a3a8-4517-86e1-77107110ff0e', 'title': 'N J Nandini in Arkay'}]",140,1,1,1
831532d3-0494-4878-aacb-e92d9ef65b73,96_Dharini_Telusukonti,[],"{'artist': {'mbid': 'bb385b39-7765-4a7c-9233-dad4c0f67d27', 'name': 'N J Nandini'}, 'instrument': {'mbid': 'd92884b7-ee0c-46d5-96f3-918196ba8c5b', 'name': 'Voice'}, 'lead': 1, 'attributes': ''}","[{'mbid': '97912476-a3a8-4517-86e1-77107110ff0e', 'title': 'N J Nandini in Arkay'}]",141,1,1,1
69d6c533-e458-4b56-bb29-61c22470624c,96_Dharini_Telusukonti,[],"{'artist': {'mbid': 'bb385b39-7765-4a7c-9233-dad4c0f67d27', 'name': 'N J Nandini'}, 'instrument': {'mbid': 'd92884b7-ee0c-46d5-96f3-918196ba8c5b', 'name': 'Voice'}, 'lead': 1, 'attributes': ''}","[{'mbid': '97912476-a3a8-4517-86e1-77107110ff0e', 'title': 'N J Nandini in Arkay'}]",142,1,1,1
330c360d-5245-44c2-aa15-7187e0cc6e29,96_Dharini_Telusukonti,[],"{'artist': {'mbid': 'bb385b39-7765-4a7c-9233-dad4c0f67d27', 'name': 'N J Nandini'}, 'instrument': {'mbid': 'd92884b7-ee0c-46d5-96f3-918196ba8c5b', 'name': 'Voice'}, 'lead': 1, 'attributes': ''}","[{'mbid': '97912476-a3a8-4517-86e1-77107110ff0e', 'title': 'N J Nandini in Arkay'}]",143,1,1,1
5db0f712-b608-415b-be79-78fcbcfd0c0d,96_Dharini_Telusukonti,[],"{'artist': {'mbid': 'bb385b39-7765-4a7c-9233-dad4c0f67d27', 'name': 'N J Nandini'}, 'instrument': {'mbid': 'd92884b7-ee0c-46d5-96f3-918196ba8c5b', 'name': 'Voice'}, 'lead': 1, 'attributes': ''}","[{'mbid': '97912476-a3a8-4517-86e1-77107110ff0e', 'title': 'N J Nandini in Arkay'}]",144,1,1,1
bbce668d-dcd0-4c11-8afb-0938c8357618,96_Dharini_Telusukonti,[],"{'artist': {'mbid': 'bb385b39-7765-4a7c-9233-dad4c0f67d27', 'name': 'N J Nandini'}, 'instrument': {'mbid': 'd92884b7-ee0c-46d5-96f3-918196ba8c5b', 'name': 'Voice'}, 'lead': 1, 'attributes': ''}","[{'mbid': '97912476-a3a8-4517-86e1-77107110ff0e', 'title': 'N J Nandini in Arkay'}]",145,1,1,1
72e58be5-c938-4c50-ab0e-330fb28b3eda,96_Dharini_Telusukonti,[],"{'artist': {'mbid': 'bb385b39-7765-4a7c-9233-dad4c0f67d27', 'name': 'N J Nandini'}, 'instrument': {'mbid': 'd92884b7-ee0c-46d5-96f3-918196ba8c5b', 'name': 'Voice'}, 'lead': 1, 'attributes': ''}","[{'mbid': '97912476-a3a8-4517-86e1-77107110ff0e', 'title': 'N J Nandini in Arkay'}]",146,1,1,1
b1d64e1c-14f5-4bf3-95c0-fa6405c83b31,96_Dharini_Telusukonti,[],"{'artist': {'mbid': 'bb385b39-7765-4a7c-9233-dad4c0f67d27', 'name': 'N J Nandini'}, 'instrument': {'mbid': 'd92884b7-ee0c-46d5-96f3-918196ba8c5b', 'name': 'Voice'}, 'lead': 1, 'attributes': ''}","[{'mbid': '97912476-a3a8-4517-86e1-77107110ff0e', 'title': 'N J Nandini in Arkay'}]",147,1,1,1
19d3d99c-a606-4711-8aff-e9887db5b9ab,96_Dharini_Telusukonti,[],"{'artist': {'mbid': 'bb385b39-7765-4a7c-9233-dad4c0f67d27', 'name': 'N J Nandini'}, 'instrument': {'mbid': 'd92884b7-ee0c-46d5-96f3-918196ba8c5b', 'name': 'Voice'}, 'lead': 1, 'attributes': ''}","[{'mbid': '97912476-a3a8-4517-86e1-77107110ff0e', 'title': 'N J Nandini in Arkay'}]",148,1,1,1
29f65fea-a99a-4c01-bce4-5ab9c81c0477,96_Dharini_Telusukonti,[],"{'artist': {'mbid': 'bb385b39-7765-4a7c-9233-dad4c0f67d27', 'name': 'N J Nandini'}, 'instrument': {'mbid': 'd92884b7-ee0c-46d5-96f3-918196ba8c5b', 'name': 'Voice'}, 'lead': 1, 'attributes': ''}","[{'mbid': '97912476-a3a8-4517-86e1-77107110ff0e', 'title': 'N J Nandini in Arkay'}]",149,1,1,1
dbf09437-6a15-44e9-9567-dbbd131d5b76,96_Dharini_Telusukonti,[],"{'artist': {'mbid': 'bb385b39-7765-4a7c-9233-dad4c0f67d27', 'name': 'N J Nandini'}, 'instrument': {'mbid': 'd92884b7-ee0c-46d5-96f3-918196ba8c5b', 'name': 'Voice'}, 'lead': 1, 'attributes': ''}","[{'mbid': '97912476-a3a8-4517-86e1-77107110ff0e', 'title': 'N J Nandini in Arkay'}]",150,1,1,1
c04c7f4a-5090-4a6e-839e-6e918b367bd8,96_Dharini_Telusukonti,[],"{'artist': {'mbid': 'bb385b39-7765-4a7c-9233-dad4c0f67d27', 'name': 'N J Nandini'}, 'instrument': {'mbid': 'd92884b7-ee0c-46d5-96f3-918196ba8c5b', 'name': 'Voice'}, 'lead': 1, 'attributes': ''}","[{'mbid': '97912476-a3a8-4517-86e1-77107110ff0e', 'title': 'N J Nandini in Arkay'}]",151,1,1,1
c9438241-bc6a-4bcb-a339-89133c3d1bf9,96_Dharini_Telusukonti,[],"{'artist': {'mbid': 'bb385b39-7765-4a7c-9233-dad4c0f67d27', 'name': 'N J Nandini'}, 'instrument': {'mbid': 'd92884b7-ee0c-46d5-96f3-918196ba8c5b', 'name': 'Voice'}, 'lead': 1, 'attributes': ''}","[{'mbid': '97912476-a3a8-4517-86e1-77107110ff0e', 'title': 'N J Nandini in Arkay'}]",152,1,1,1
cc2c4d03-5d17-47ee-a35a-fae4d2f3836b,96_Dharini_Telusukonti,[],"{'artist': {'mbid': 'bb385b39-7765-4a7c-9233-dad4c0f67d27', 'name': 'N J Nandini'}, 'instrument': {'mbid': 'd92884b7-ee0c-46d5-96f3-918196ba8c5b', 'name': 'Voice'}, 'lead': 1, 'attributes': ''}","[{'mbid': '97912476-a3a8-4517-86e1-77107110ff0e', 'title': 'N J Nandini in Arkay'}]",153,1,1,1
94cf3f18-8dc0-4a6e-a8a8-d8b33c39bbfd,96_Dharini_Telusukonti,[],"{'artist': {'mbid': 'bb385b39-7765-4a7c-9233-dad4c0f67d27', 'name': 'N J Nandini'}, 'instrument': {'mbid': 'd92884b7-ee0c-46d5-96f3-918196ba8c5b', 'name': 'Voice'}, 'lead': 1, 'attributes': ''}","[{'mbid': '97912476-a3a8-4517-86e1-77107110ff0e', 'title': 'N J Nandini in Arkay'}]",154,1,1,1
06de9f74-4777-4d12-8309-5bdc540b1908,96_Dharini_Telusukonti,[],"{'artist': {'mbid': 'bb385b39-7765-4a7c-9233-dad4c0f67d27', 'name': 'N J Nandini'}, 'instrument': {'mbid': 'd92884b7-ee0c-46d5-96f3-918196ba8c5b', 'name': 'Voice'}, 'lead': 1, 'attributes': ''}","[{'mbid': '97912476-a3a8-4517-86e1-77107110ff0e', 'title': 'N J Nandini in Arkay'}]",155,1,1,1
e32147dd-70ba-4ff5-a720-efe1173154b6,96_Dharini_Telusukonti,[],"{'artist': {'mbid': 'bb385b39-7765-4a7c-9233-dad4c0f67d27', 'name': 'N J Nandini'}, 'instrument': {'mbid': 'd92884b7-ee0c-46d5-96f3-918196ba8c5b', 'name': 'Voice'}, 'lead': 1, 'attributes': ''}","[{'mbid': '97912476-a3a8-4517-86e1-77107110ff0e', 'title': 'N J Nandini in Arkay'}]",156,1,0,1
fefa83d0-7629-4626-bacd-15f8a460dc8c,96_Dharini_Telusukonti,[],"{'artist': {'mbid': 'bb385b39-7765-4a7c-9233-dad4c0f67d27', 'name': 'N J Nandini'}, 'instrument': {'mbid': 'd92884b7-ee0c-46d5-96f3-918196ba8c5b', 'name': 'Voice'}, 'lead': 1, 'attributes': ''}","[{'mbid': '97912476-a3a8-4517-86e1-77107110ff0e', 'title': 'N J Nandini in Arkay'}]",157,1,1,1
f76bd962-ac30-4a38-a280-3d109f1411c5,96_Dharini_Telusukonti,[],"{'artist': {'mbid': 'bb385b39-7765-4a7c-9233-dad4c0f67d27', 'name': 'N J Nandini'}, 'instrument': {'mbid': 'd92884b7-ee0c-46d5-96f3-918196ba8c5b', 'name': 'Voice'}, 'lead': 1, 'attributes': ''}","[{'mbid': '97912476-a3a8-4517-86e1-77107110ff0e', 'title': 'N J Nandini in Arkay'}]",158,1,1,1
93f48a2e-15f2-4aae-8cd9-94bce6f5366c,96_Dharini_Telusukonti,[],"{'artist': {'mbid': 'bb385b39-7765-4a7c-9233-dad4c0f67d27', 'name': 'N J Nandini'}, 'instrument': {'mbid': 'd92884b7-ee0c-46d5-96f3-918196ba8c5b', 'name': 'Voice'}, 'lead': 1, 'attributes': ''}","[{'mbid': '97912476-a3a8-4517-86e1-77107110ff0e', 'title': 'N J Nandini in Arkay'}]",159,1,1,1
2c55e020-e2e7-40b8-b564-3a2ecc1fdea4,96_Dharini_Telusukonti,[],"{'artist': {'mbid': 'bb385b39-7765-4a7c-9233-dad4c0f67d27', 'name': 'N J Nandini'}, 'instrument': {'mbid': 'd92884b7-ee0c-46d5-96f3-918196ba8c5b', 'name': 'Voice'}, 'lead': 1, 'attributes': ''}","[{'mbid': '97912476-a3a8-4517-86e1-77107110ff0e', 'title': 'N J Nandini in Arkay'}]",160,1,1,1
53a8f657-2324-4ebe-8f3b-715ccb18d793,96_Dharini_Telusukonti,[],"{'artist': {'mbid': 'bb385b39-7765-4a7c-9233-dad4c0f67d27', 'name': 'N J Nandini'}, 'instrument': {'mbid': 'd92884b7-ee0c-46d5-96f3-918196ba8c5b', 'name': 'Voice'}, 'lead': 1, 'attributes': ''}","[{'mbid': '97912476-a3a8-4517-86e1-77107110ff0e', 'title': 'N J Nandini in Arkay'}]",161,1,1,1
7afa4f00-62b9-4c85-baf3-f5acdd8e18d5,96_Dharini_Telusukonti,[],"{'artist': {'mbid': 'bb385b39-7765-4a7c-9233-dad4c0f67d27', 'name': 'N J Nandini'}, 'instrument': {'mbid': 'd92884b7-ee0c-46d5-96f3-918196ba8c5b', 'name': 'Voice'}, 'lead': 1, 'attributes': ''}","[{'mbid': '97912476-a3a8-4517-86e1-77107110ff0e', 'title': 'N J Nandini in Arkay'}]",162,1,1,1
35ce7b83-dd41-4d9f-9d38-f4d8f2590d35,96_Dharini_Telusukonti,[],"{'artist': {'mbid': 'bb385b39-7765-4a7c-9233-dad4c0f67d27', 'name': 'N J Nandini'}, 'instrument': {'mbid': 'd92884b7-ee0c-46d5-96f3-918196ba8c5b', 'name': 'Voice'}, 'lead': 1, 'attributes': ''}","[{'mbid': '97912476-a3a8-4517-86e1-77107110ff0e', 'title': 'N J Nandini in Arkay'}]",163,1,1,1
278435e6-8aa6-40cc-87e6-7f518ab59952,96_Dharini_Telusukonti,[],"{'artist': {'mbid': 'bb385b39-7765-4a7c-9233-dad4c0f67d27', 'name': 'N J Nandini'}, 'instrument': {'mbid': 'd92884b7-ee0c-46d5-96f3-918196ba8c5b', 'name': 'Voice'}, 'lead': 1, 'attributes': ''}","[{'mbid': '97912476-a3a8-4517-86e1-77107110ff0e', 'title': 'N J Nandini in Arkay'}]",164,1,0,1
40bc1d82-b5f4-4e32-84a8-8e7aba2b5a06,96_Dharini_Telusukonti,[],"{'artist': {'mbid': 'bb385b39-7765-4a7c-9233-dad4c0f67d27', 'name': 'N J Nandini'}, 'instrument': {'mbid': 'd92884b7-ee0c-46d5-96f3-918196ba8c5b', 'name': 'Voice'}, 'lead': 1, 'attributes': ''}","[{'mbid': '97912476-a3a8-4517-86e1-77107110ff0e', 'title': 'N J Nandini in Arkay'}]",165,1,1,1
618731e3-9b50-420d-b66c-7a256ada561d,96_Dharini_Telusukonti,[],"{'artist': {'mbid': 'bb385b39-7765-4a7c-9233-dad4c0f67d27', 'name': 'N J Nandini'}, 'instrument': {'mbid': 'd92884b7-ee0c-46d5-96f3-918196ba8c5b', 'name': 'Voice'}, 'lead': 1, 'attributes': ''}","[{'mbid': '97912476-a3a8-4517-86e1-77107110ff0e', 'title': 'N J Nandini in Arkay'}]",166,1,1,1
f34daffe-e9e5-4898-a338-f76728a9c9b8,96_Dharini_Telusukonti,[],"{'artist': {'mbid': 'bb385b39-7765-4a7c-9233-dad4c0f67d27', 'name': 'N J Nandini'}, 'instrument': {'mbid': 'd92884b7-ee0c-46d5-96f3-918196ba8c5b', 'name': 'Voice'}, 'lead': 1, 'attributes': ''}","[{'mbid': '97912476-a3a8-4517-86e1-77107110ff0e', 'title': 'N J Nandini in Arkay'}]",167,1,1,1
bd8a7d3e-df37-4dd2-93ce-5a73e65882a9,96_Dharini_Telusukonti,[],"{'artist': {'mbid': 'bb385b39-7765-4a7c-9233-dad4c0f67d27', 'name': 'N J Nandini'}, 'instrument': {'mbid': 'd92884b7-ee0c-46d5-96f3-918196ba8c5b', 'name': 'Voice'}, 'lead': 1, 'attributes': ''}","[{'mbid': '97912476-a3a8-4517-86e1-77107110ff0e', 'title': 'N J Nandini in Arkay'}]",168,1,1,1
89930aa3-fe29-45b1-b6e9-6c7b17c99b88,96_Dharini_Telusukonti,[],"{'artist': {'mbid': 'bb385b39-7765-4a7c-9233-dad4c0f67d27', 'name': 'N J Nandini'}, 'instrument': {'mbid': 'd92884b7-ee0c-46d5-96f3-918196ba8c5b', 'name': 'Voice'}, 'lead': 1, 'attributes': ''}","[{'mbid': '97912476-a3a8-4517-86e1-77107110ff0e', 'title': 'N J Nandini in Arkay'}]",169,1,1,1
be62850d-759c-450b-8e2d-ec634b088de4,96_Dharini_Telusukonti,[],"{'artist': {'mbid': 'bb385b39-7765-4a7c-9233-dad4c0f67d27', 'name': 'N J Nandini'}, 'instrument': {'mbid': 'd92884b7-ee0c-46d5-96f3-918196ba8c5b', 'name': 'Voice'}, 'lead': 1, 'attributes': ''}","[{'mbid': '97912476-a3a8-4517-86e1-77107110ff0e', 'title': 'N J Nandini in Arkay'}]",170,1,1,1
4dffbd83-e69f-4bc5-a49f-1c6e8127854e,96_Dharini_Telusukonti,[],"{'artist': {'mbid': 'bb385b39-7765-4a7c-9233-dad4c0f67d27', 'name': 'N J Nandini'}, 'instrument': {'mbid': 'd92884b7-ee0c-46d5-96f3-918196ba8c5b', 'name': 'Voice'}, 'lead': 1, 'attributes': ''}","[{'mbid': '97912476-a3a8-4517-86e1-77107110ff0e', 'title': 'N J Nandini in Arkay'}]",171,1,0,1
61f3e73d-0a76-41ac-8069-bb1c6ca94fe7,96_Dharini_Telusukonti,[],"{'artist': {'mbid': 'bb385b39-7765-4a7c-9233-dad4c0f67d27', 'name': 'N J Nandini'}, 'instrument': {'mbid': 'd92884b7-ee0c-46d5-96f3-918196ba8c5b', 'name': 'Voice'}, 'lead': 1, 'attributes': ''}","[{'mbid': '97912476-a3a8-4517-86e1-77107110ff0e', 'title': 'N J Nandini in Arkay'}]",172,1,1,1
ea42b34b-1ea4-4cc1-b6c4-570a80bd68dc,96_Dharini_Telusukonti,[],"{'artist': {'mbid': 'bb385b39-7765-4a7c-9233-dad4c0f67d27', 'name': 'N J Nandini'}, 'instrument': {'mbid': 'd92884b7-ee0c-46d5-96f3-918196ba8c5b', 'name': 'Voice'}, 'lead': 1, 'attributes': ''}","[{'mbid': '97912476-a3a8-4517-86e1-77107110ff0e', 'title': 'N J Nandini in Arkay'}]",173,1,1,1
4ac910fc-6d59-4604-80c2-8f6e550a8367,96_Dharini_Telusukonti,[],"{'artist': {'mbid': 'bb385b39-7765-4a7c-9233-dad4c0f67d27', 'name': 'N J Nandini'}, 'instrument': {'mbid': 'd92884b7-ee0c-46d5-96f3-918196ba8c5b', 'name': 'Voice'}, 'lead': 1, 'attributes': ''}","[{'mbid': '97912476-a3a8-4517-86e1-77107110ff0e', 'title': 'N J Nandini in Arkay'}]",174,1,1,1
6673091a-2259-46c6-9446-0d07f0e770c7,96_Dharini_Telusukonti,[],"{'artist': {'mbid': 'bb385b39-7765-4a7c-9233-dad4c0f67d27', 'name': 'N J Nandini'}, 'instrument': {'mbid': 'd92884b7-ee0c-46d5-96f3-918196ba8c5b', 'name': 'Voice'}, 'lead': 1, 'attributes': ''}","[{'mbid': '97912476-a3a8-4517-86e1-77107110ff0e', 'title': 'N J Nandini in Arkay'}]",175,1,1,1
14b57467-04c7-4465-9dbf-f2c26bad1722,96_Dharini_Telusukonti,[],"{'artist': {'mbid': 'bb385b39-7765-4a7c-9233-dad4c0f67d27', 'name': 'N J Nandini'}, 'instrument': {'mbid': 'd92884b7-ee0c-46d5-96f3-918196ba8c5b', 'name': 'Voice'}, 'lead': 1, 'attributes': ''}","[{'mbid': '97912476-a3a8-4517-86e1-77107110ff0e', 'title': 'N J Nandini in Arkay'}]",176,1,1,1
a4929b5e-8950-4993-bf91-6d8b15545f13,96_Dharini_Telusukonti,[],"{'artist': {'mbid': 'bb385b39-7765-4a7c-9233-dad4c0f67d27', 'name': 'N J Nandini'}, 'instrument': {'mbid': 'd92884b7-ee0c-46d5-96f3-918196ba8c5b', 'name': 'Voice'}, 'lead': 1, 'attributes': ''}","[{'mbid': '97912476-a3a8-4517-86e1-77107110ff0e', 'title': 'N J Nandini in Arkay'}]",177,1,1,1
378335c5-fedc-48d2-958d-29f79a266586,96_Dharini_Telusukonti,[],"{'artist': {'mbid': 'bb385b39-7765-4a7c-9233-dad4c0f67d27', 'name': 'N J Nandini'}, 'instrument': {'mbid': 'd92884b7-ee0c-46d5-96f3-918196ba8c5b', 'name': 'Voice'}, 'lead': 1, 'attributes': ''}","[{'mbid': '97912476-a3a8-4517-86e1-77107110ff0e', 'title': 'N J Nandini in Arkay'}]",178,1,1,1
df09c2f4-5d8a-44da-b900-823791f7a652,96_Dharini_Telusukonti,[],"{'artist': {'mbid': 'bb385b39-7765-4a7c-9233-dad4c0f67d27', 'name': 'N J Nandini'}, 'instrument': {'mbid': 'd92884b7-ee0c-46d5-96f3-918196ba8c5b', 'name': 'Voice'}, 'lead': 1, 'attributes': ''}","[{'mbid': '97912476-a3a8-4517-86e1-77107110ff0e', 'title': 'N J Nandini in Arkay'}]",179,1,1,1
6d0ad0a9-f9a4-4595-87f9-2174dff4374f,96_Dharini_Telusukonti,[],"{'artist': {'mbid': 'bb385b39-7765-4a7c-9233-dad4c0f67d27', 'name': 'N J Nandini'}, 'instrument': {'mbid': 'd92884b7-ee0c-46d5-96f3-918196ba8c5b', 'name': 'Voice'}, 'lead': 1, 'attributes': ''}","[{'mbid': '97912476-a3a8-4517-86e1-77107110ff0e', 'title': 'N J Nandini in Arkay'}]",180,1,1,1
3c0887a6-2d1b-47fc-be94-3f9f0c7f2f51,96_Dharini_Telusukonti,[],"{'artist': {'mbid': 'bb385b39-7765-4a7c-9233-dad4c0f67d27', 'name': 'N J Nandini'}, 'instrument': {'mbid': 'd92884b7-ee0c-46d5-96f3-918196ba8c5b', 'name': 'Voice'}, 'lead': 1, 'attributes': ''}","[{'mbid': '97912476-a3a8-4517-86e1-77107110ff0e', 'title': 'N J Nandini in Arkay'}]",181,1,1,1
84b63d6a-1df9-4bb8-a8db-2a290c2a338f,96_Dharini_Telusukonti,[],"{'artist': {'mbid': 'bb385b39-7765-4a7c-9233-dad4c0f67d27', 'name': 'N J Nandini'}, 'instrument': {'mbid': 'd92884b7-ee0c-46d5-96f3-918196ba8c5b', 'name': 'Voice'}, 'lead': 1, 'attributes': ''}","[{'mbid': '97912476-a3a8-4517-86e1-77107110ff0e', 'title': 'N J Nandini in Arkay'}]",182,1,1,1
d75d5cdc-a4f7-4c9f-919a-3e28bc4988c7,96_Dharini_Telusukonti,[],"{'artist': {'mbid': 'bb385b39-7765-4a7c-9233-dad4c0f67d27', 'name': 'N J Nandini'}, 'instrument': {'mbid': 'd92884b7-ee0c-46d5-96f3-918196ba8c5b', 'name': 'Voice'}, 'lead': 1, 'attributes': ''}","[{'mbid': '97912476-a3a8-4517-86e1-77107110ff0e', 'title': 'N J Nandini in Arkay'}]",183,1,1,1
b499dd9e-8060-4ea3-b0f5-3a9353a96615,96_Dharini_Telusukonti,[],"{'artist': {'mbid': 'bb385b39-7765-4a7c-9233-dad4c0f67d27', 'name': 'N J Nandini'}, 'instrument': {'mbid': 'd92884b7-ee0c-46d5-96f3-918196ba8c5b', 'name': 'Voice'}, 'lead': 1, 'attributes': ''}","[{'mbid': '97912476-a3a8-4517-86e1-77107110ff0e', 'title': 'N J Nandini in Arkay'}]",184,1,1,1
55e1d593-8318-4349-8a2e-8437bff7fa52,96_Dharini_Telusukonti,[],"{'artist': {'mbid': 'bb385b39-7765-4a7c-9233-dad4c0f67d27', 'name': 'N J Nandini'}, 'instrument': {'mbid': 'd92884b7-ee0c-46d5-96f3-918196ba8c5b', 'name': 'Voice'}, 'lead': 1, 'attributes': ''}","[{'mbid': '97912476-a3a8-4517-86e1-77107110ff0e', 'title': 'N J Nandini in Arkay'}]",185,1,1,1
942ad5a1-3671-44a3-9520-6ad00c7b8907,96_Dharini_Telusukonti,[],"{'artist': {'mbid': 'bb385b39-7765-4a7c-9233-dad4c0f67d27', 'name': 'N J Nandini'}, 'instrument': {'mbid': 'd92884b7-ee0c-46d5-96f3-918196ba8c5b', 'name': 'Voice'}, 'lead': 1, 'attributes': ''}","[{'mbid': '97912476-a3a8-4517-86e1-77107110ff0e', 'title': 'N J Nandini in Arkay'}]",186,1,1,1
9b122002-1c48-4c26-9d07-3caf988893ef,96_Dharini_Telusukonti,[],"{'artist': {'mbid': 'bb385b39-7765-4a7c-9233-dad4c0f67d27', 'name': 'N J Nandini'}, 'instrument': {'mbid': 'd92884b7-ee0c-46d5-96f3-918196ba8c5b', 'name': 'Voice'}, 'lead': 1, 'attributes': ''}","[{'mbid': '97912476-a3a8-4517-86e1-77107110ff0e', 'title': 'N J Nandini in Arkay'}]",187,1,1,1
196f0b96-37c7-4b03-b2d0-90b53bc7a62d,96_Dharini_Telusukonti,[],"{'artist': {'mbid': 'bb385b39-7765-4a7c-9233-dad4c0f67d27', 'name': 'N J Nandini'}, 'instrument': {'mbid': 'd92884b7-ee0c-46d5-96f3-918196ba8c5b', 'name': 'Voice'}, 'lead': 1, 'attributes': ''}","[{'mbid': '97912476-a3a8-4517-86e1-77107110ff0e', 'title': 'N J Nandini in Arkay'}]",188,1,1,1
51194bb4-83a2-474d-8462-c4dc63da35d8,96_Dharini_Telusukonti,[],"{'artist': {'mbid': 'bb385b39-7765-4a7c-9233-dad4c0f67d27', 'name': 'N J Nandini'}, 'instrument': {'mbid': 'd92884b7-ee0c-46d5-96f3-918196ba8c5b', 'name': 'Voice'}, 'lead': 1, 'attributes': ''}","[{'mbid': '97912476-a3a8-4517-86e1-77107110ff0e', 'title': 'N J Nandini in Arkay'}]",189,1,1,1
0d01c0fe-1fc2-4127-b9e3-a1491863a8b9,96_Dharini_Telusukonti,[],"{'artist': {'mbid': 'bb385b39-7765-4a7c-9233-dad4c0f67d27', 'name': 'N J Nandini'}, 'instrument': {'mbid': 'd92884b7-ee0c-46d5-96f3-918196ba8c5b', 'name': 'Voice'}, 'lead': 1, 'attributes': ''}","[{'mbid': '97912476-a3a8-4517-86e1-77107110ff0e', 'title': 'N J Nandini in Arkay'}]",190,1,1,1
13e1d983-0b0c-45b2-87dc-3b96b2941bdb,96_Dharini_Telusukonti,[],"{'artist': {'mbid': 'bb385b39-7765-4a7c-9233-dad4c0f67d27', 'name': 'N J Nandini'}, 'instrument': {'mbid': 'd92884b7-ee0c-46d5-96f3-918196ba8c5b', 'name': 'Voice'}, 'lead': 1, 'attributes': ''}","[{'mbid': '97912476-a3a8-4517-86e1-77107110ff0e', 'title': 'N J Nandini in Arkay'}]",191,1,1,1
b47714c0-00c3-424f-8afe-78bec41900f6,96_Dharini_Telusukonti,[],"{'artist': {'mbid': 'bb385b39-7765-4a7c-9233-dad4c0f67d27', 'name': 'N J Nandini'}, 'instrument': {'mbid': 'd92884b7-ee0c-46d5-96f3-918196ba8c5b', 'name': 'Voice'}, 'lead': 1, 'attributes': ''}","[{'mbid': '97912476-a3a8-4517-86e1-77107110ff0e', 'title': 'N J Nandini in Arkay'}]",192,1,1,1
c076537a-01f8-4a03-951e-6a59bcce9fd6,96_Dharini_Telusukonti,[],"{'artist': {'mbid': 'bb385b39-7765-4a7c-9233-dad4c0f67d27', 'name': 'N J Nandini'}, 'instrument': {'mbid': 'd92884b7-ee0c-46d5-96f3-918196ba8c5b', 'name': 'Voice'}, 'lead': 1, 'attributes': ''}","[{'mbid': '97912476-a3a8-4517-86e1-77107110ff0e', 'title': 'N J Nandini in Arkay'}]",193,1,1,1
0898235e-bfdc-4746-abfa-311d45394797,96_Dharini_Telusukonti,[],"{'artist': {'mbid': 'bb385b39-7765-4a7c-9233-dad4c0f67d27', 'name': 'N J Nandini'}, 'instrument': {'mbid': 'd92884b7-ee0c-46d5-96f3-918196ba8c5b', 'name': 'Voice'}, 'lead': 1, 'attributes': ''}","[{'mbid': '97912476-a3a8-4517-86e1-77107110ff0e', 'title': 'N J Nandini in Arkay'}]",194,1,1,1
eecd0917-72a5-482a-8574-33e77cf81a2e,96_Dharini_Telusukonti,[],"{'artist': {'mbid': 'bb385b39-7765-4a7c-9233-dad4c0f67d27', 'name': 'N J Nandini'}, 'instrument': {'mbid': 'd92884b7-ee0c-46d5-96f3-918196ba8c5b', 'name': 'Voice'}, 'lead': 1, 'attributes': ''}","[{'mbid': '97912476-a3a8-4517-86e1-77107110ff0e', 'title': 'N J Nandini in Arkay'}]",195,1,1,1
48ce7edb-dceb-42ec-8c74-446b51b47c72,96_Dharini_Telusukonti,[],"{'artist': {'mbid': 'bb385b39-7765-4a7c-9233-dad4c0f67d27', 'name': 'N J Nandini'}, 'instrument': {'mbid': 'd92884b7-ee0c-46d5-96f3-918196ba8c5b', 'name': 'Voice'}, 'lead': 1, 'attributes': ''}","[{'mbid': '97912476-a3a8-4517-86e1-77107110ff0e', 'title': 'N J Nandini in Arkay'}]",196,1,1,1
ecd938e4-84c7-4a91-8a1c-5b25ab67dd8f,96_Dharini_Telusukonti,[],"{'artist': {'mbid': 'bb385b39-7765-4a7c-9233-dad4c0f67d27', 'name': 'N J Nandini'}, 'instrument': {'mbid': 'd92884b7-ee0c-46d5-96f3-918196ba8c5b', 'name': 'Voice'}, 'lead': 1, 'attributes': ''}","[{'mbid': '97912476-a3a8-4517-86e1-77107110ff0e', 'title': 'N J Nandini in Arkay'}]",197,1,1,1
51ccd58b-880f-444d-8337-8ff1596e16bd,96_Dharini_Telusukonti,[],"{'artist': {'mbid': 'bb385b39-7765-4a7c-9233-dad4c0f67d27', 'name': 'N J Nandini'}, 'instrument': {'mbid': 'd92884b7-ee0c-46d5-96f3-918196ba8c5b', 'name': 'Voice'}, 'lead': 1, 'attributes': ''}","[{'mbid': '97912476-a3a8-4517-86e1-77107110ff0e', 'title': 'N J Nandini in Arkay'}]",198,1,1,1
1dad3dcb-083f-4bf0-83ef-469109df247e,96_Dharini_Telusukonti,[],"{'artist': {'mbid': 'bb385b39-7765-4a7c-9233-dad4c0f67d27', 'name': 'N J Nandini'}, 'instrument': {'mbid': 'd92884b7-ee0c-46d5-96f3-918196ba8c5b', 'name': 'Voice'}, 'lead': 1, 'attributes': ''}","[{'mbid': '97912476-a3a8-4517-86e1-77107110ff0e', 'title': 'N J Nandini in Arkay'}]",199,1,1,1
ed22ddc5-4052-404f-922c-b98f3a2c7ef9,96_Dharini_Telusukonti,[],"{'artist': {'mbid': 'bb385b39-7765-4a7c-9233-dad4c0f67d27', 'name': 'N J Nandini'}, 'instrument': {'mbid': 'd92884b7-ee0c-46d5-96f3-918196ba8c5b', 'name': 'Voice'}, 'lead': 1, 'attributes': ''}","[{'mbid': '97912476-a3a8-4517-86e1-77107110ff0e', 'title': 'N J Nandini in Arkay'}]",200,1,1,1
7f8f376d-bf47-48ab-a5b3-c22163163c96,96_Dharini_Telusukonti,[],"{'artist': {'mbid': 'bb385b39-7765-4a7c-9233-dad4c0f67d27', 'name': 'N J Nandini'}, 'instrument': {'mbid': 'd92884b7-ee0c-46d5-96f3-918196ba8c5b', 'name': 'Voice'}, 'lead': 1, 'attributes': ''}","[{'mbid': '97912476-a3a8-4517-86e1-77107110ff0e', 'title': 'N J Nandini in Arkay'}]",201,1,1,1
e4f3a5af-ae0b-47a6-9bbd-a7cc4f9af48f,96_Dharini_Telusukonti,[],"{'artist': {'mbid': 'bb385b39-7765-4a7c-9233-dad4c0f67d27', 'name': 'N J Nandini'}, 'instrument': {'mbid': 'd92884b7-ee0c-46d5-96f3-918196ba8c5b', 'name': 'Voice'}, 'lead': 1, 'attributes': ''}","[{'mbid': '97912476-a3a8-4517-86e1-77107110ff0e', 'title': 'N J Nandini in Arkay'}]",202,1,1,1
3d976063-d1e4-460d-bc29-bf8cfeb237a6,96_Dharini_Telusukonti,[],"{'artist': {'mbid': 'bb385b39-7765-4a7c-9233-dad4c0f67d27', 'name': 'N J Nandini'}, 'instrument': {'mbid': 'd92884b7-ee0c-46d5-96f3-918196ba8c5b', 'name': 'Voice'}, 'lead': 1, 'attributes': ''}","[{'mbid': '97912476-a3a8-4517-86e1-77107110ff0e', 'title': 'N J Nandini in Arkay'}]",203,1,1,1
03d80927-3a37-4ec9-bd29-9d342cb48ce3,96_Dharini_Telusukonti,[],"{'artist': {'mbid': 'bb385b39-7765-4a7c-9233-dad4c0f67d27', 'name': 'N J Nandini'}, 'instrument': {'mbid': 'd92884b7-ee0c-46d5-96f3-918196ba8c5b', 'name': 'Voice'}, 'lead': 1, 'attributes': ''}","[{'mbid': '97912476-a3a8-4517-86e1-77107110ff0e', 'title': 'N J Nandini in Arkay'}]",204,1,1,1
e28ce6be-06f3-43a5-8708-bbc64713f35f,96_Dharini_Telusukonti,[],"{'artist': {'mbid': 'bb385b39-7765-4a7c-9233-dad4c0f67d27', 'name': 'N J Nandini'}, 'instrument': {'mbid': 'd92884b7-ee0c-46d5-96f3-918196ba8c5b', 'name': 'Voice'}, 'lead': 1, 'attributes': ''}","[{'mbid': '97912476-a3a8-4517-86e1-77107110ff0e', 'title': 'N J Nandini in Arkay'}]",205,1,1,1
e4ccbb32-1377-4f69-ba59-9536e3edec6e,96_Dharini_Telusukonti,[],"{'artist': {'mbid': 'bb385b39-7765-4a7c-9233-dad4c0f67d27', 'name': 'N J Nandini'}, 'instrument': {'mbid': 'd92884b7-ee0c-46d5-96f3-918196ba8c5b', 'name': 'Voice'}, 'lead': 1, 'attributes': ''}","[{'mbid': '97912476-a3a8-4517-86e1-77107110ff0e', 'title': 'N J Nandini in Arkay'}]",206,1,0,1
5f62d5ef-448f-4442-9ca8-718a0a62c6ca,96_Dharini_Telusukonti,[],"{'artist': {'mbid': 'bb385b39-7765-4a7c-9233-dad4c0f67d27', 'name': 'N J Nandini'}, 'instrument': {'mbid': 'd92884b7-ee0c-46d5-96f3-918196ba8c5b', 'name': 'Voice'}, 'lead': 1, 'attributes': ''}","[{'mbid': '97912476-a3a8-4517-86e1-77107110ff0e', 'title': 'N J Nandini in Arkay'}]",207,1,0,1
068c7edd-424a-4481-b190-e8fa417399c8,96_Dharini_Telusukonti,[],"{'artist': {'mbid': 'bb385b39-7765-4a7c-9233-dad4c0f67d27', 'name': 'N J Nandini'}, 'instrument': {'mbid': 'd92884b7-ee0c-46d5-96f3-918196ba8c5b', 'name': 'Voice'}, 'lead': 1, 'attributes': ''}","[{'mbid': '97912476-a3a8-4517-86e1-77107110ff0e', 'title': 'N J Nandini in Arkay'}]",208,1,1,1
4530f508-ab71-4988-b7cc-0d7366f5cceb,96_Dharini_Telusukonti,[],"{'artist': {'mbid': 'bb385b39-7765-4a7c-9233-dad4c0f67d27', 'name': 'N J Nandini'}, 'instrument': {'mbid': 'd92884b7-ee0c-46d5-96f3-918196ba8c5b', 'name': 'Voice'}, 'lead': 1, 'attributes': ''}","[{'mbid': '97912476-a3a8-4517-86e1-77107110ff0e', 'title': 'N J Nandini in Arkay'}]",209,1,1,1
82eeb806-600f-4d8b-9b63-ef4ab1c02be7,96_Dharini_Telusukonti,[],"{'artist': {'mbid': 'bb385b39-7765-4a7c-9233-dad4c0f67d27', 'name': 'N J Nandini'}, 'instrument': {'mbid': 'd92884b7-ee0c-46d5-96f3-918196ba8c5b', 'name': 'Voice'}, 'lead': 1, 'attributes': ''}","[{'mbid': '97912476-a3a8-4517-86e1-77107110ff0e', 'title': 'N J Nandini in Arkay'}]",210,1,1,1
9f4f3a4f-8f9c-4ca6-be37-4ea279e40e7f,96_Dharini_Telusukonti,[],"{'artist': {'mbid': 'bb385b39-7765-4a7c-9233-dad4c0f67d27', 'name': 'N J Nandini'}, 'instrument': {'mbid': 'd92884b7-ee0c-46d5-96f3-918196ba8c5b', 'name': 'Voice'}, 'lead': 1, 'attributes': ''}","[{'mbid': '97912476-a3a8-4517-86e1-77107110ff0e', 'title': 'N J Nandini in Arkay'}]",211,1,1,1
5ce9e281-0449-4930-94ca-2aa40500a5c1,96_Dharini_Telusukonti,[],"{'artist': {'mbid': 'bb385b39-7765-4a7c-9233-dad4c0f67d27', 'name': 'N J Nandini'}, 'instrument': {'mbid': 'd92884b7-ee0c-46d5-96f3-918196ba8c5b', 'name': 'Voice'}, 'lead': 1, 'attributes': ''}","[{'mbid': '97912476-a3a8-4517-86e1-77107110ff0e', 'title': 'N J Nandini in Arkay'}]",212,1,1,1
a006b1a2-24c7-4d41-9124-94f9f0fece14,96_Dharini_Telusukonti,[],"{'artist': {'mbid': 'bb385b39-7765-4a7c-9233-dad4c0f67d27', 'name': 'N J Nandini'}, 'instrument': {'mbid': 'd92884b7-ee0c-46d5-96f3-918196ba8c5b', 'name': 'Voice'}, 'lead': 1, 'attributes': ''}","[{'mbid': '97912476-a3a8-4517-86e1-77107110ff0e', 'title': 'N J Nandini in Arkay'}]",213,1,1,1
01f269be-e9f3-4c1e-8cc1-fa72d91289c7,96_Dharini_Telusukonti,[],"{'artist': {'mbid': 'bb385b39-7765-4a7c-9233-dad4c0f67d27', 'name': 'N J Nandini'}, 'instrument': {'mbid': 'd92884b7-ee0c-46d5-96f3-918196ba8c5b', 'name': 'Voice'}, 'lead': 1, 'attributes': ''}","[{'mbid': '97912476-a3a8-4517-86e1-77107110ff0e', 'title': 'N J Nandini in Arkay'}]",214,1,1,1
c204a27c-753b-434c-9d8e-f392d770b615,96_Dharini_Telusukonti,[],"{'artist': {'mbid': 'bb385b39-7765-4a7c-9233-dad4c0f67d27', 'name': 'N J Nandini'}, 'instrument': {'mbid': 'd92884b7-ee0c-46d5-96f3-918196ba8c5b', 'name': 'Voice'}, 'lead': 1, 'attributes': ''}","[{'mbid': '97912476-a3a8-4517-86e1-77107110ff0e', 'title': 'N J Nandini in Arkay'}]",215,1,1,1
b8bd9fa8-4c3b-461e-a6cf-90c0c5afdb9f,96_Dharini_Telusukonti,[],"{'artist': {'mbid': 'bb385b39-7765-4a7c-9233-dad4c0f67d27', 'name': 'N J Nandini'}, 'instrument': {'mbid': 'd92884b7-ee0c-46d5-96f3-918196ba8c5b', 'name': 'Voice'}, 'lead': 1, 'attributes': ''}","[{'mbid': '97912476-a3a8-4517-86e1-77107110ff0e', 'title': 'N J Nandini in Arkay'}]",216,1,1,1
923633d7-1fd4-40c8-a5f8-925594339cdd,96_Dharini_Telusukonti,[],"{'artist': {'mbid': 'bb385b39-7765-4a7c-9233-dad4c0f67d27', 'name': 'N J Nandini'}, 'instrument': {'mbid': 'd92884b7-ee0c-46d5-96f3-918196ba8c5b', 'name': 'Voice'}, 'lead': 1, 'attributes': ''}","[{'mbid': '97912476-a3a8-4517-86e1-77107110ff0e', 'title': 'N J Nandini in Arkay'}]",217,1,1,1
9d13ad79-d2ac-4d67-9c33-f17207650c10,96_Dharini_Telusukonti,[],"{'artist': {'mbid': 'bb385b39-7765-4a7c-9233-dad4c0f67d27', 'name': 'N J Nandini'}, 'instrument': {'mbid': 'd92884b7-ee0c-46d5-96f3-918196ba8c5b', 'name': 'Voice'}, 'lead': 1, 'attributes': ''}","[{'mbid': '97912476-a3a8-4517-86e1-77107110ff0e', 'title': 'N J Nandini in Arkay'}]",218,1,1,1
c6036678-da6c-4e2c-a6d0-22a1fed5ecec,96_Dharini_Telusukonti,[],"{'artist': {'mbid': 'bb385b39-7765-4a7c-9233-dad4c0f67d27', 'name': 'N J Nandini'}, 'instrument': {'mbid': 'd92884b7-ee0c-46d5-96f3-918196ba8c5b', 'name': 'Voice'}, 'lead': 1, 'attributes': ''}","[{'mbid': '97912476-a3a8-4517-86e1-77107110ff0e', 'title': 'N J Nandini in Arkay'}]",219,1,1,1
791aaafd-fc00-49f9-9043-f20721fa4e2f,96_Dharini_Telusukonti,[],"{'artist': {'mbid': 'bb385b39-7765-4a7c-9233-dad4c0f67d27', 'name': 'N J Nandini'}, 'instrument': {'mbid': 'd92884b7-ee0c-46d5-96f3-918196ba8c5b', 'name': 'Voice'}, 'lead': 1, 'attributes': ''}","[{'mbid': '97912476-a3a8-4517-86e1-77107110ff0e', 'title': 'N J Nandini in Arkay'}]",220,1,1,1
e5231f81-c543-4cdb-a654-f53af992198c,96_Dharini_Telusukonti,[],"{'artist': {'mbid': 'bb385b39-7765-4a7c-9233-dad4c0f67d27', 'name': 'N J Nandini'}, 'instrument': {'mbid': 'd92884b7-ee0c-46d5-96f3-918196ba8c5b', 'name': 'Voice'}, 'lead': 1, 'attributes': ''}","[{'mbid': '97912476-a3a8-4517-86e1-77107110ff0e', 'title': 'N J Nandini in Arkay'}]",221,1,1,1
8b687538-a72a-42fc-970b-2cc52cb9f97f,96_Dharini_Telusukonti,[],"{'artist': {'mbid': 'bb385b39-7765-4a7c-9233-dad4c0f67d27', 'name': 'N J Nandini'}, 'instrument': {'mbid': 'd92884b7-ee0c-46d5-96f3-918196ba8c5b', 'name': 'Voice'}, 'lead': 1, 'attributes': ''}","[{'mbid': '97912476-a3a8-4517-86e1-77107110ff0e', 'title': 'N J Nandini in Arkay'}]",222,1,1,1
ba84a6df-3abd-469f-9739-72184f0f4568,96_Dharini_Telusukonti,[],"{'artist': {'mbid': 'bb385b39-7765-4a7c-9233-dad4c0f67d27', 'name': 'N J Nandini'}, 'instrument': {'mbid': 'd92884b7-ee0c-46d5-96f3-918196ba8c5b', 'name': 'Voice'}, 'lead': 1, 'attributes': ''}","[{'mbid': '97912476-a3a8-4517-86e1-77107110ff0e', 'title': 'N J Nandini in Arkay'}]",223,1,1,1
2de0b1da-914c-4997-8353-5f5167915008,96_Dharini_Telusukonti,[],"{'artist': {'mbid': 'bb385b39-7765-4a7c-9233-dad4c0f67d27', 'name': 'N J Nandini'}, 'instrument': {'mbid': 'd92884b7-ee0c-46d5-96f3-918196ba8c5b', 'name': 'Voice'}, 'lead': 1, 'attributes': ''}","[{'mbid': '97912476-a3a8-4517-86e1-77107110ff0e', 'title': 'N J Nandini in Arkay'}]",224,1,1,1
790f2c05-538f-426b-9c1e-86a09806a7a8,96_Dharini_Telusukonti,[],"{'artist': {'mbid': 'bb385b39-7765-4a7c-9233-dad4c0f67d27', 'name': 'N J Nandini'}, 'instrument': {'mbid': 'd92884b7-ee0c-46d5-96f3-918196ba8c5b', 'name': 'Voice'}, 'lead': 1, 'attributes': ''}","[{'mbid': '97912476-a3a8-4517-86e1-77107110ff0e', 'title': 'N J Nandini in Arkay'}]",225,1,1,1
728aee46-f753-4fdb-aad0-35e44701d9aa,96_Dharini_Telusukonti,[],"{'artist': {'mbid': 'bb385b39-7765-4a7c-9233-dad4c0f67d27', 'name': 'N J Nandini'}, 'instrument': {'mbid': 'd92884b7-ee0c-46d5-96f3-918196ba8c5b', 'name': 'Voice'}, 'lead': 1, 'attributes': ''}","[{'mbid': '97912476-a3a8-4517-86e1-77107110ff0e', 'title': 'N J Nandini in Arkay'}]",226,1,1,1
8bd90f79-8bd4-4c4d-886a-d9b37b1f22d0,96_Dharini_Telusukonti,[],"{'artist': {'mbid': 'bb385b39-7765-4a7c-9233-dad4c0f67d27', 'name': 'N J Nandini'}, 'instrument': {'mbid': 'd92884b7-ee0c-46d5-96f3-918196ba8c5b', 'name': 'Voice'}, 'lead': 1, 'attributes': ''}","[{'mbid': '97912476-a3a8-4517-86e1-77107110ff0e', 'title': 'N J Nandini in Arkay'}]",227,1,1,1
e2133f08-b74c-44c5-a725-41b0f3a36449,96_Dharini_Telusukonti,[],"{'artist': {'mbid': 'bb385b39-7765-4a7c-9233-dad4c0f67d27', 'name': 'N J Nandini'}, 'instrument': {'mbid': 'd92884b7-ee0c-46d5-96f3-918196ba8c5b', 'name': 'Voice'}, 'lead': 1, 'attributes': ''}","[{'mbid': '97912476-a3a8-4517-86e1-77107110ff0e', 'title': 'N J Nandini in Arkay'}]",228,1,1,1
5a416396-8743-4fcc-ab2e-f1fa15897fcf,96_Dharini_Telusukonti,[],"{'artist': {'mbid': 'bb385b39-7765-4a7c-9233-dad4c0f67d27', 'name': 'N J Nandini'}, 'instrument': {'mbid': 'd92884b7-ee0c-46d5-96f3-918196ba8c5b', 'name': 'Voice'}, 'lead': 1, 'attributes': ''}","[{'mbid': '97912476-a3a8-4517-86e1-77107110ff0e', 'title': 'N J Nandini in Arkay'}]",229,1,1,1
082e2e8e-5b6a-4fb2-9c8a-da1343047597,96_Dharini_Telusukonti,[],"{'artist': {'mbid': 'bb385b39-7765-4a7c-9233-dad4c0f67d27', 'name': 'N J Nandini'}, 'instrument': {'mbid': 'd92884b7-ee0c-46d5-96f3-918196ba8c5b', 'name': 'Voice'}, 'lead': 1, 'attributes': ''}","[{'mbid': '97912476-a3a8-4517-86e1-77107110ff0e', 'title': 'N J Nandini in Arkay'}]",230,1,1,1
340e53a2-f798-41f4-80e3-830b8265fb59,96_Dharini_Telusukonti,[],"{'artist': {'mbid': 'bb385b39-7765-4a7c-9233-dad4c0f67d27', 'name': 'N J Nandini'}, 'instrument': {'mbid': 'd92884b7-ee0c-46d5-96f3-918196ba8c5b', 'name': 'Voice'}, 'lead': 1, 'attributes': ''}","[{'mbid': '97912476-a3a8-4517-86e1-77107110ff0e', 'title': 'N J Nandini in Arkay'}]",231,1,1,1
788b3558-c006-46b2-b9c7-676d5b284de9,96_Dharini_Telusukonti,[],"{'artist': {'mbid': 'bb385b39-7765-4a7c-9233-dad4c0f67d27', 'name': 'N J Nandini'}, 'instrument': {'mbid': 'd92884b7-ee0c-46d5-96f3-918196ba8c5b', 'name': 'Voice'}, 'lead': 1, 'attributes': ''}","[{'mbid': '97912476-a3a8-4517-86e1-77107110ff0e', 'title': 'N J Nandini in Arkay'}]",232,1,0,1
1e21e332-9455-45be-9f8b-fd3b4838b6b5,96_Dharini_Telusukonti,[],"{'artist': {'mbid': 'bb385b39-7765-4a7c-9233-dad4c0f67d27', 'name': 'N J Nandini'}, 'instrument': {'mbid': 'd92884b7-ee0c-46d5-96f3-918196ba8c5b', 'name': 'Voice'}, 'lead': 1, 'attributes': ''}","[{'mbid': '97912476-a3a8-4517-86e1-77107110ff0e', 'title': 'N J Nandini in Arkay'}]",233,1,1,1
88631441-df67-47d6-a341-488e7ddf124d,96_Dharini_Telusukonti,[],"{'artist': {'mbid': 'bb385b39-7765-4a7c-9233-dad4c0f67d27', 'name': 'N J Nandini'}, 'instrument': {'mbid': 'd92884b7-ee0c-46d5-96f3-918196ba8c5b', 'name': 'Voice'}, 'lead': 1, 'attributes': ''}","[{'mbid': '97912476-a3a8-4517-86e1-77107110ff0e', 'title': 'N J Nandini in Arkay'}]",234,1,1,1
bbf3a87a-85f7-4e7b-91e1-ab4f4dce507b,96_Dharini_Telusukonti,[],"{'artist': {'mbid': 'bb385b39-7765-4a7c-9233-dad4c0f67d27', 'name': 'N J Nandini'}, 'instrument': {'mbid': 'd92884b7-ee0c-46d5-96f3-918196ba8c5b', 'name': 'Voice'}, 'lead': 1, 'attributes': ''}","[{'mbid': '97912476-a3a8-4517-86e1-77107110ff0e', 'title': 'N J Nandini in Arkay'}]",235,1,1,1
182781f1-54e6-4494-b07b-cffcbb28146d,96_Dharini_Telusukonti,[],"{'artist': {'mbid': 'bb385b39-7765-4a7c-9233-dad4c0f67d27', 'name': 'N J Nandini'}, 'instrument': {'mbid': 'd92884b7-ee0c-46d5-96f3-918196ba8c5b', 'name': 'Voice'}, 'lead': 1, 'attributes': ''}","[{'mbid': '97912476-a3a8-4517-86e1-77107110ff0e', 'title': 'N J Nandini in Arkay'}]",236,1,1,1
1d7e45a4-f17d-4cf1-86cf-45a410a01bce,96_Dharini_Telusukonti,[],"{'artist': {'mbid': 'bb385b39-7765-4a7c-9233-dad4c0f67d27', 'name': 'N J Nandini'}, 'instrument': {'mbid': 'd92884b7-ee0c-46d5-96f3-918196ba8c5b', 'name': 'Voice'}, 'lead': 1, 'attributes': ''}","[{'mbid': '97912476-a3a8-4517-86e1-77107110ff0e', 'title': 'N J Nandini in Arkay'}]",237,1,0,1
ad3373a3-77a8-48d8-8976-e625b41bda78,96_Dharini_Telusukonti,[],"{'artist': {'mbid': 'bb385b39-7765-4a7c-9233-dad4c0f67d27', 'name': 'N J Nandini'}, 'instrument': {'mbid': 'd92884b7-ee0c-46d5-96f3-918196ba8c5b', 'name': 'Voice'}, 'lead': 1, 'attributes': ''}","[{'mbid': '97912476-a3a8-4517-86e1-77107110ff0e', 'title': 'N J Nandini in Arkay'}]",238,1,1,1
87bec8dc-4d8d-43ea-94fb-80def1b1bf88,96_Dharini_Telusukonti,[],"{'artist': {'mbid': 'bb385b39-7765-4a7c-9233-dad4c0f67d27', 'name': 'N J Nandini'}, 'instrument': {'mbid': 'd92884b7-ee0c-46d5-96f3-918196ba8c5b', 'name': 'Voice'}, 'lead': 1, 'attributes': ''}","[{'mbid': '97912476-a3a8-4517-86e1-77107110ff0e', 'title': 'N J Nandini in Arkay'}]",239,1,1,1
3092efdb-d3a2-4472-96e3-9a00fe336348,96_Dharini_Telusukonti,[],"{'artist': {'mbid': 'bb385b39-7765-4a7c-9233-dad4c0f67d27', 'name': 'N J Nandini'}, 'instrument': {'mbid': 'd92884b7-ee0c-46d5-96f3-918196ba8c5b', 'name': 'Voice'}, 'lead': 1, 'attributes': ''}","[{'mbid': '97912476-a3a8-4517-86e1-77107110ff0e', 'title': 'N J Nandini in Arkay'}]",240,1,1,1
7bf47ed0-c8e7-49c2-bb63-3095af2e57ed,96_Dharini_Telusukonti,[],"{'artist': {'mbid': 'bb385b39-7765-4a7c-9233-dad4c0f67d27', 'name': 'N J Nandini'}, 'instrument': {'mbid': 'd92884b7-ee0c-46d5-96f3-918196ba8c5b', 'name': 'Voice'}, 'lead': 1, 'attributes': ''}","[{'mbid': '97912476-a3a8-4517-86e1-77107110ff0e', 'title': 'N J Nandini in Arkay'}]",241,1,1,1
020c4f5e-a6f2-4be9-b486-6bb3674884f9,96_Dharini_Telusukonti,[],"{'artist': {'mbid': 'bb385b39-7765-4a7c-9233-dad4c0f67d27', 'name': 'N J Nandini'}, 'instrument': {'mbid': 'd92884b7-ee0c-46d5-96f3-918196ba8c5b', 'name': 'Voice'}, 'lead': 1, 'attributes': ''}","[{'mbid': '97912476-a3a8-4517-86e1-77107110ff0e', 'title': 'N J Nandini in Arkay'}]",242,1,1,1
0e5ea0b4-8c00-409d-b16c-14a62efc3a87,96_Dharini_Telusukonti,[],"{'artist': {'mbid': 'bb385b39-7765-4a7c-9233-dad4c0f67d27', 'name': 'N J Nandini'}, 'instrument': {'mbid': 'd92884b7-ee0c-46d5-96f3-918196ba8c5b', 'name': 'Voice'}, 'lead': 1, 'attributes': ''}","[{'mbid': '97912476-a3a8-4517-86e1-77107110ff0e', 'title': 'N J Nandini in Arkay'}]",243,1,1,1
86df836c-d779-4dff-aaa8-a853e85558bd,96_Dharini_Telusukonti,[],"{'artist': {'mbid': 'bb385b39-7765-4a7c-9233-dad4c0f67d27', 'name': 'N J Nandini'}, 'instrument': {'mbid': 'd92884b7-ee0c-46d5-96f3-918196ba8c5b', 'name': 'Voice'}, 'lead': 1, 'attributes': ''}","[{'mbid': '97912476-a3a8-4517-86e1-77107110ff0e', 'title': 'N J Nandini in Arkay'}]",244,1,1,1
55c3f8b6-dfc3-4018-aec4-11a85c20352f,96_Dharini_Telusukonti,[],"{'artist': {'mbid': 'bb385b39-7765-4a7c-9233-dad4c0f67d27', 'name': 'N J Nandini'}, 'instrument': {'mbid': 'd92884b7-ee0c-46d5-96f3-918196ba8c5b', 'name': 'Voice'}, 'lead': 1, 'attributes': ''}","[{'mbid': '97912476-a3a8-4517-86e1-77107110ff0e', 'title': 'N J Nandini in Arkay'}]",245,1,1,1
ada65b1d-79f5-4aef-a49e-464c63615229,96_Dharini_Telusukonti,[],"{'artist': {'mbid': 'bb385b39-7765-4a7c-9233-dad4c0f67d27', 'name': 'N J Nandini'}, 'instrument': {'mbid': 'd92884b7-ee0c-46d5-96f3-918196ba8c5b', 'name': 'Voice'}, 'lead': 1, 'attributes': ''}","[{'mbid': '97912476-a3a8-4517-86e1-77107110ff0e', 'title': 'N J Nandini in Arkay'}]",246,1,1,1
94cf3908-f924-4934-8541-5beb848edd6f,96_Dharini_Telusukonti,[],"{'artist': {'mbid': 'bb385b39-7765-4a7c-9233-dad4c0f67d27', 'name': 'N J Nandini'}, 'instrument': {'mbid': 'd92884b7-ee0c-46d5-96f3-918196ba8c5b', 'name': 'Voice'}, 'lead': 1, 'attributes': ''}","[{'mbid': '97912476-a3a8-4517-86e1-77107110ff0e', 'title': 'N J Nandini in Arkay'}]",247,1,1,1
cf4b39f1-c563-4411-bbb8-aece903f14c2,96_Dharini_Telusukonti,[],"{'artist': {'mbid': 'bb385b39-7765-4a7c-9233-dad4c0f67d27', 'name': 'N J Nandini'}, 'instrument': {'mbid': 'd92884b7-ee0c-46d5-96f3-918196ba8c5b', 'name': 'Voice'}, 'lead': 1, 'attributes': ''}","[{'mbid': '97912476-a3a8-4517-86e1-77107110ff0e', 'title': 'N J Nandini in Arkay'}]",248,1,1,1
02476fed-995f-42c2-adf0-38c1f7f5c4e3,96_Dharini_Telusukonti,[],"{'artist': {'mbid': 'bb385b39-7765-4a7c-9233-dad4c0f67d27', 'name': 'N J Nandini'}, 'instrument': {'mbid': 'd92884b7-ee0c-46d5-96f3-918196ba8c5b', 'name': 'Voice'}, 'lead': 1, 'attributes': ''}","[{'mbid': '97912476-a3a8-4517-86e1-77107110ff0e', 'title': 'N J Nandini in Arkay'}]",249,1,1,1
f4d54d0c-a952-4ef0-8b13-dde662e7a062,96_Dharini_Telusukonti,[],"{'artist': {'mbid': 'bb385b39-7765-4a7c-9233-dad4c0f67d27', 'name': 'N J Nandini'}, 'instrument': {'mbid': 'd92884b7-ee0c-46d5-96f3-918196ba8c5b', 'name': 'Voice'}, 'lead': 1, 'attributes': ''}","[{'mbid': '97912476-a3a8-4517-86e1-77107110ff0e', 'title': 'N J Nandini in Arkay'}]",250,1,1,1
3cddfc4c-5a64-443f-b404-a0c99748c972,96_Dharini_Telusukonti,[],"{'artist': {'mbid': 'bb385b39-7765-4a7c-9233-dad4c0f67d27', 'name': 'N J Nandini'}, 'instrument': {'mbid': 'd92884b7-ee0c-46d5-96f3-918196ba8c5b', 'name': 'Voice'}, 'lead': 1, 'attributes': ''}","[{'mbid': '97912476-a3a8-4517-86e1-77107110ff0e', 'title': 'N J Nandini in Arkay'}]",251,1,1,1
442c69a7-d96c-4f3a-8965-824b112b1f90,96_Dharini_Telusukonti,[],"{'artist': {'mbid': 'bb385b39-7765-4a7c-9233-dad4c0f67d27', 'name': 'N J Nandini'}, 'instrument': {'mbid': 'd92884b7-ee0c-46d5-96f3-918196ba8c5b', 'name': 'Voice'}, 'lead': 1, 'attributes': ''}","[{'mbid': '97912476-a3a8-4517-86e1-77107110ff0e', 'title': 'N J Nandini in Arkay'}]",252,1,0,1
81fee518-b13b-48e2-b18b-69d1ae736e3d,96_Dharini_Telusukonti,[],"{'artist': {'mbid': 'bb385b39-7765-4a7c-9233-dad4c0f67d27', 'name': 'N J Nandini'}, 'instrument': {'mbid': 'd92884b7-ee0c-46d5-96f3-918196ba8c5b', 'name': 'Voice'}, 'lead': 1, 'attributes': ''}","[{'mbid': '97912476-a3a8-4517-86e1-77107110ff0e', 'title': 'N J Nandini in Arkay'}]",253,1,1,1
569219df-dfb3-4de9-be61-f00cc5b55d9c,96_Dharini_Telusukonti,[],"{'artist': {'mbid': 'bb385b39-7765-4a7c-9233-dad4c0f67d27', 'name': 'N J Nandini'}, 'instrument': {'mbid': 'd92884b7-ee0c-46d5-96f3-918196ba8c5b', 'name': 'Voice'}, 'lead': 1, 'attributes': ''}","[{'mbid': '97912476-a3a8-4517-86e1-77107110ff0e', 'title': 'N J Nandini in Arkay'}]",254,1,1,1
70f2a4dd-ad8b-4c99-bf7c-2370283727a2,96_Dharini_Telusukonti,[],"{'artist': {'mbid': 'bb385b39-7765-4a7c-9233-dad4c0f67d27', 'name': 'N J Nandini'}, 'instrument': {'mbid': 'd92884b7-ee0c-46d5-96f3-918196ba8c5b', 'name': 'Voice'}, 'lead': 1, 'attributes': ''}","[{'mbid': '97912476-a3a8-4517-86e1-77107110ff0e', 'title': 'N J Nandini in Arkay'}]",255,1,1,1
de939027-7457-49a6-86da-bc8902368ef1,96_Dharini_Telusukonti,[],"{'artist': {'mbid': 'bb385b39-7765-4a7c-9233-dad4c0f67d27', 'name': 'N J Nandini'}, 'instrument': {'mbid': 'd92884b7-ee0c-46d5-96f3-918196ba8c5b', 'name': 'Voice'}, 'lead': 1, 'attributes': ''}","[{'mbid': '97912476-a3a8-4517-86e1-77107110ff0e', 'title': 'N J Nandini in Arkay'}]",256,1,1,1
c5f568c2-edf8-4a49-b593-56cee8e2e159,96_Dharini_Telusukonti,[],"{'artist': {'mbid': 'bb385b39-7765-4a7c-9233-dad4c0f67d27', 'name': 'N J Nandini'}, 'instrument': {'mbid': 'd92884b7-ee0c-46d5-96f3-918196ba8c5b', 'name': 'Voice'}, 'lead': 1, 'attributes': ''}","[{'mbid': '97912476-a3a8-4517-86e1-77107110ff0e', 'title': 'N J Nandini in Arkay'}]",257,1,1,1
73548c0b-4864-41db-ab18-ffb3fa21702d,96_Dharini_Telusukonti,[],"{'artist': {'mbid': 'bb385b39-7765-4a7c-9233-dad4c0f67d27', 'name': 'N J Nandini'}, 'instrument': {'mbid': 'd92884b7-ee0c-46d5-96f3-918196ba8c5b', 'name': 'Voice'}, 'lead': 1, 'attributes': ''}","[{'mbid': '97912476-a3a8-4517-86e1-77107110ff0e', 'title': 'N J Nandini in Arkay'}]",258,1,0,1
c9b05e99-a1e4-44a8-a26d-77144301852d,96_Dharini_Telusukonti,[],"{'artist': {'mbid': 'bb385b39-7765-4a7c-9233-dad4c0f67d27', 'name': 'N J Nandini'}, 'instrument': {'mbid': 'd92884b7-ee0c-46d5-96f3-918196ba8c5b', 'name': 'Voice'}, 'lead': 1, 'attributes': ''}","[{'mbid': '97912476-a3a8-4517-86e1-77107110ff0e', 'title': 'N J Nandini in Arkay'}]",259,1,1,1
017cf5ba-796a-48c6-a245-7bb7435045a5,96_Dharini_Telusukonti,[],"{'artist': {'mbid': 'bb385b39-7765-4a7c-9233-dad4c0f67d27', 'name': 'N J Nandini'}, 'instrument': {'mbid': 'd92884b7-ee0c-46d5-96f3-918196ba8c5b', 'name': 'Voice'}, 'lead': 1, 'attributes': ''}","[{'mbid': '97912476-a3a8-4517-86e1-77107110ff0e', 'title': 'N J Nandini in Arkay'}]",260,1,1,1
c5844992-c05c-4a33-ada3-812ff0e03c79,96_Dharini_Telusukonti,[],"{'artist': {'mbid': 'bb385b39-7765-4a7c-9233-dad4c0f67d27', 'name': 'N J Nandini'}, 'instrument': {'mbid': 'd92884b7-ee0c-46d5-96f3-918196ba8c5b', 'name': 'Voice'}, 'lead': 1, 'attributes': ''}","[{'mbid': '97912476-a3a8-4517-86e1-77107110ff0e', 'title': 'N J Nandini in Arkay'}]",261,1,1,1
0b177e33-af58-4a42-a8d6-d0a4b3d46d7e,96_Dharini_Telusukonti,[],"{'artist': {'mbid': 'bb385b39-7765-4a7c-9233-dad4c0f67d27', 'name': 'N J Nandini'}, 'instrument': {'mbid': 'd92884b7-ee0c-46d5-96f3-918196ba8c5b', 'name': 'Voice'}, 'lead': 1, 'attributes': ''}","[{'mbid': '97912476-a3a8-4517-86e1-77107110ff0e', 'title': 'N J Nandini in Arkay'}]",262,1,1,1
9f22c79d-7f70-43d8-82d5-df277a69c783,96_Dharini_Telusukonti,[],"{'artist': {'mbid': 'bb385b39-7765-4a7c-9233-dad4c0f67d27', 'name': 'N J Nandini'}, 'instrument': {'mbid': 'd92884b7-ee0c-46d5-96f3-918196ba8c5b', 'name': 'Voice'}, 'lead': 1, 'attributes': ''}","[{'mbid': '97912476-a3a8-4517-86e1-77107110ff0e', 'title': 'N J Nandini in Arkay'}]",263,1,1,1
c370f96d-6db1-46e7-ac50-2ca9f3d59de3,96_Dharini_Telusukonti,[],"{'artist': {'mbid': 'bb385b39-7765-4a7c-9233-dad4c0f67d27', 'name': 'N J Nandini'}, 'instrument': {'mbid': 'd92884b7-ee0c-46d5-96f3-918196ba8c5b', 'name': 'Voice'}, 'lead': 1, 'attributes': ''}","[{'mbid': '97912476-a3a8-4517-86e1-77107110ff0e', 'title': 'N J Nandini in Arkay'}]",264,1,1,1
0a14b5ed-7431-4517-82ea-c548cf8a7d81,96_Dharini_Telusukonti,[],"{'artist': {'mbid': 'bb385b39-7765-4a7c-9233-dad4c0f67d27', 'name': 'N J Nandini'}, 'instrument': {'mbid': 'd92884b7-ee0c-46d5-96f3-918196ba8c5b', 'name': 'Voice'}, 'lead': 1, 'attributes': ''}","[{'mbid': '97912476-a3a8-4517-86e1-77107110ff0e', 'title': 'N J Nandini in Arkay'}]",265,1,1,1
8212e056-74cd-46bf-b397-b3f3c1a04c38,96_Dharini_Telusukonti,[],"{'artist': {'mbid': 'bb385b39-7765-4a7c-9233-dad4c0f67d27', 'name': 'N J Nandini'}, 'instrument': {'mbid': 'd92884b7-ee0c-46d5-96f3-918196ba8c5b', 'name': 'Voice'}, 'lead': 1, 'attributes': ''}","[{'mbid': '97912476-a3a8-4517-86e1-77107110ff0e', 'title': 'N J Nandini in Arkay'}]",266,1,1,1
9d1d9cc8-531f-4700-8ba1-6bbeb5c74c73,96_Dharini_Telusukonti,[],"{'artist': {'mbid': 'bb385b39-7765-4a7c-9233-dad4c0f67d27', 'name': 'N J Nandini'}, 'instrument': {'mbid': 'd92884b7-ee0c-46d5-96f3-918196ba8c5b', 'name': 'Voice'}, 'lead': 1, 'attributes': ''}","[{'mbid': '97912476-a3a8-4517-86e1-77107110ff0e', 'title': 'N J Nandini in Arkay'}]",267,1,1,1
8bc79d85-aaee-471f-8803-fd73db942496,96_Dharini_Telusukonti,[],"{'artist': {'mbid': 'bb385b39-7765-4a7c-9233-dad4c0f67d27', 'name': 'N J Nandini'}, 'instrument': {'mbid': 'd92884b7-ee0c-46d5-96f3-918196ba8c5b', 'name': 'Voice'}, 'lead': 1, 'attributes': ''}","[{'mbid': '97912476-a3a8-4517-86e1-77107110ff0e', 'title': 'N J Nandini in Arkay'}]",268,1,1,1
9eb557b0-b3aa-4922-93a7-59872b1dc4a6,96_Dharini_Telusukonti,[],"{'artist': {'mbid': 'bb385b39-7765-4a7c-9233-dad4c0f67d27', 'name': 'N J Nandini'}, 'instrument': {'mbid': 'd92884b7-ee0c-46d5-96f3-918196ba8c5b', 'name': 'Voice'}, 'lead': 1, 'attributes': ''}","[{'mbid': '97912476-a3a8-4517-86e1-77107110ff0e', 'title': 'N J Nandini in Arkay'}]",269,1,1,1
3b75aeb5-f1d4-46b9-9cbd-a3fcbabe0b4a,96_Dharini_Telusukonti,[],"{'artist': {'mbid': 'bb385b39-7765-4a7c-9233-dad4c0f67d27', 'name': 'N J Nandini'}, 'instrument': {'mbid': 'd92884b7-ee0c-46d5-96f3-918196ba8c5b', 'name': 'Voice'}, 'lead': 1, 'attributes': ''}","[{'mbid': '97912476-a3a8-4517-86e1-77107110ff0e', 'title': 'N J Nandini in Arkay'}]",270,1,1,1
7062eb5b-4d74-499b-bdba-6f0eba99fe2a,96_Dharini_Telusukonti,[],"{'artist': {'mbid': 'bb385b39-7765-4a7c-9233-dad4c0f67d27', 'name': 'N J Nandini'}, 'instrument': {'mbid': 'd92884b7-ee0c-46d5-96f3-918196ba8c5b', 'name': 'Voice'}, 'lead': 1, 'attributes': ''}","[{'mbid': '97912476-a3a8-4517-86e1-77107110ff0e', 'title': 'N J Nandini in Arkay'}]",271,1,1,1
cb5ad3f3-199f-4c9d-a107-0b9ab7f0f9b1,96_Dharini_Telusukonti,[],"{'artist': {'mbid': 'bb385b39-7765-4a7c-9233-dad4c0f67d27', 'name': 'N J Nandini'}, 'instrument': {'mbid': 'd92884b7-ee0c-46d5-96f3-918196ba8c5b', 'name': 'Voice'}, 'lead': 1, 'attributes': ''}","[{'mbid': '97912476-a3a8-4517-86e1-77107110ff0e', 'title': 'N J Nandini in Arkay'}]",272,1,1,1
6b09e0b0-3ed1-40e0-93dc-9935f8e2183a,96_Dharini_Telusukonti,[],"{'artist': {'mbid': 'bb385b39-7765-4a7c-9233-dad4c0f67d27', 'name': 'N J Nandini'}, 'instrument': {'mbid': 'd92884b7-ee0c-46d5-96f3-918196ba8c5b', 'name': 'Voice'}, 'lead': 1, 'attributes': ''}","[{'mbid': '97912476-a3a8-4517-86e1-77107110ff0e', 'title': 'N J Nandini in Arkay'}]",273,1,1,1
a517125e-c362-4972-9393-3a50773f2b29,96_Dharini_Telusukonti,[],"{'artist': {'mbid': 'bb385b39-7765-4a7c-9233-dad4c0f67d27', 'name': 'N J Nandini'}, 'instrument': {'mbid': 'd92884b7-ee0c-46d5-96f3-918196ba8c5b', 'name': 'Voice'}, 'lead': 1, 'attributes': ''}","[{'mbid': '97912476-a3a8-4517-86e1-77107110ff0e', 'title': 'N J Nandini in Arkay'}]",274,1,1,1
3f757f1e-e4cb-44b4-82e5-dd8b2f8cd14b,96_Dharini_Telusukonti,[],"{'artist': {'mbid': 'bb385b39-7765-4a7c-9233-dad4c0f67d27', 'name': 'N J Nandini'}, 'instrument': {'mbid': 'd92884b7-ee0c-46d5-96f3-918196ba8c5b', 'name': 'Voice'}, 'lead': 1, 'attributes': ''}","[{'mbid': '97912476-a3a8-4517-86e1-77107110ff0e', 'title': 'N J Nandini in Arkay'}]",275,1,1,1
acc97903-8216-4331-aaf0-4f6c7f6558e5,96_Dharini_Telusukonti,[],"{'artist': {'mbid': 'bb385b39-7765-4a7c-9233-dad4c0f67d27', 'name': 'N J Nandini'}, 'instrument': {'mbid': 'd92884b7-ee0c-46d5-96f3-918196ba8c5b', 'name': 'Voice'}, 'lead': 1, 'attributes': ''}","[{'mbid': '97912476-a3a8-4517-86e1-77107110ff0e', 'title': 'N J Nandini in Arkay'}]",276,1,1,1
585fe643-4010-49b2-9853-33130db3abe9,96_Dharini_Telusukonti,[],"{'artist': {'mbid': 'bb385b39-7765-4a7c-9233-dad4c0f67d27', 'name': 'N J Nandini'}, 'instrument': {'mbid': 'd92884b7-ee0c-46d5-96f3-918196ba8c5b', 'name': 'Voice'}, 'lead': 1, 'attributes': ''}","[{'mbid': '97912476-a3a8-4517-86e1-77107110ff0e', 'title': 'N J Nandini in Arkay'}]",277,1,1,1
8cb1b427-526a-48eb-9451-a99f6e8482e5,96_Dharini_Telusukonti,[],"{'artist': {'mbid': 'bb385b39-7765-4a7c-9233-dad4c0f67d27', 'name': 'N J Nandini'}, 'instrument': {'mbid': 'd92884b7-ee0c-46d5-96f3-918196ba8c5b', 'name': 'Voice'}, 'lead': 1, 'attributes': ''}","[{'mbid': '97912476-a3a8-4517-86e1-77107110ff0e', 'title': 'N J Nandini in Arkay'}]",278,1,1,1
7fc0fd25-5ed1-4e7a-8b30-a008699eaee9,96_Dharini_Telusukonti,[],"{'artist': {'mbid': 'bb385b39-7765-4a7c-9233-dad4c0f67d27', 'name': 'N J Nandini'}, 'instrument': {'mbid': 'd92884b7-ee0c-46d5-96f3-918196ba8c5b', 'name': 'Voice'}, 'lead': 1, 'attributes': ''}","[{'mbid': '97912476-a3a8-4517-86e1-77107110ff0e', 'title': 'N J Nandini in Arkay'}]",279,1,1,1
c4e7a0a8-69bf-422a-baff-645e8c31b52e,96_Dharini_Telusukonti,[],"{'artist': {'mbid': 'bb385b39-7765-4a7c-9233-dad4c0f67d27', 'name': 'N J Nandini'}, 'instrument': {'mbid': 'd92884b7-ee0c-46d5-96f3-918196ba8c5b', 'name': 'Voice'}, 'lead': 1, 'attributes': ''}","[{'mbid': '97912476-a3a8-4517-86e1-77107110ff0e', 'title': 'N J Nandini in Arkay'}]",280,1,1,1
609d18a9-40a7-47fd-89b5-d613430976d2,96_Dharini_Telusukonti,[],"{'artist': {'mbid': 'bb385b39-7765-4a7c-9233-dad4c0f67d27', 'name': 'N J Nandini'}, 'instrument': {'mbid': 'd92884b7-ee0c-46d5-96f3-918196ba8c5b', 'name': 'Voice'}, 'lead': 1, 'attributes': ''}","[{'mbid': '97912476-a3a8-4517-86e1-77107110ff0e', 'title': 'N J Nandini in Arkay'}]",281,1,1,1
296a839e-1651-429d-94e8-c4f6e0ea465f,96_Dharini_Telusukonti,[],"{'artist': {'mbid': 'bb385b39-7765-4a7c-9233-dad4c0f67d27', 'name': 'N J Nandini'}, 'instrument': {'mbid': 'd92884b7-ee0c-46d5-96f3-918196ba8c5b', 'name': 'Voice'}, 'lead': 1, 'attributes': ''}","[{'mbid': '97912476-a3a8-4517-86e1-77107110ff0e', 'title': 'N J Nandini in Arkay'}]",282,1,1,1
7142abf5-b8d7-44c1-93e6-4eca116cb5fa,96_Dharini_Telusukonti,[],"{'artist': {'mbid': 'bb385b39-7765-4a7c-9233-dad4c0f67d27', 'name': 'N J Nandini'}, 'instrument': {'mbid': 'd92884b7-ee0c-46d5-96f3-918196ba8c5b', 'name': 'Voice'}, 'lead': 1, 'attributes': ''}","[{'mbid': '97912476-a3a8-4517-86e1-77107110ff0e', 'title': 'N J Nandini in Arkay'}]",283,0,0,0
130fd423-9ba0-4c76-8bec-fff4778d33a3,96_Dharini_Telusukonti,[],"{'artist': {'mbid': 'bb385b39-7765-4a7c-9233-dad4c0f67d27', 'name': 'N J Nandini'}, 'instrument': {'mbid': 'd92884b7-ee0c-46d5-96f3-918196ba8c5b', 'name': 'Voice'}, 'lead': 1, 'attributes': ''}","[{'mbid': '97912476-a3a8-4517-86e1-77107110ff0e', 'title': 'N J Nandini in Arkay'}]",284,0,0,0
08a8278f-a6ad-4e46-9311-6316b9f250b8,96_Dharini_Telusukonti,[],"{'artist': {'mbid': 'bb385b39-7765-4a7c-9233-dad4c0f67d27', 'name': 'N J Nandini'}, 'instrument': {'mbid': 'd92884b7-ee0c-46d5-96f3-918196ba8c5b', 'name': 'Voice'}, 'lead': 1, 'attributes': ''}","[{'mbid': '97912476-a3a8-4517-86e1-77107110ff0e', 'title': 'N J Nandini in Arkay'}]",285,0,0,0
22f31040-0205-4d4d-8393-beb0a7de4e5f,96_Dharini_Telusukonti,[],"{'artist': {'mbid': 'bb385b39-7765-4a7c-9233-dad4c0f67d27', 'name': 'N J Nandini'}, 'instrument': {'mbid': 'd92884b7-ee0c-46d5-96f3-918196ba8c5b', 'name': 'Voice'}, 'lead': 1, 'attributes': ''}","[{'mbid': '97912476-a3a8-4517-86e1-77107110ff0e', 'title': 'N J Nandini in Arkay'}]",286,1,0,0
2ec53067-00ea-4f94-8933-e4d8c74b5ed6,96_Dharini_Telusukonti,[],"{'artist': {'mbid': 'bb385b39-7765-4a7c-9233-dad4c0f67d27', 'name': 'N J Nandini'}, 'instrument': {'mbid': 'd92884b7-ee0c-46d5-96f3-918196ba8c5b', 'name': 'Voice'}, 'lead': 1, 'attributes': ''}","[{'mbid': '97912476-a3a8-4517-86e1-77107110ff0e', 'title': 'N J Nandini in Arkay'}]",287,0,0,0
e6463534-5645-472e-a4ec-7b98921b649e,96_Dharini_Telusukonti,[],"{'artist': {'mbid': 'bb385b39-7765-4a7c-9233-dad4c0f67d27', 'name': 'N J Nandini'}, 'instrument': {'mbid': 'd92884b7-ee0c-46d5-96f3-918196ba8c5b', 'name': 'Voice'}, 'lead': 1, 'attributes': ''}","[{'mbid': '97912476-a3a8-4517-86e1-77107110ff0e', 'title': 'N J Nandini in Arkay'}]",288,0,0,0
ec64e2e9-54e4-4524-a9e5-1b09da54796b,96_Dharini_Telusukonti,[],"{'artist': {'mbid': 'bb385b39-7765-4a7c-9233-dad4c0f67d27', 'name': 'N J Nandini'}, 'instrument': {'mbid': 'd92884b7-ee0c-46d5-96f3-918196ba8c5b', 'name': 'Voice'}, 'lead': 1, 'attributes': ''}","[{'mbid': '97912476-a3a8-4517-86e1-77107110ff0e', 'title': 'N J Nandini in Arkay'}]",289,0,0,0
03e07e61-17d7-44f5-839a-439d76b096fc,96_Dharini_Telusukonti,[],"{'artist': {'mbid': 'bb385b39-7765-4a7c-9233-dad4c0f67d27', 'name': 'N J Nandini'}, 'instrument': {'mbid': 'd92884b7-ee0c-46d5-96f3-918196ba8c5b', 'name': 'Voice'}, 'lead': 1, 'attributes': ''}","[{'mbid': '97912476-a3a8-4517-86e1-77107110ff0e', 'title': 'N J Nandini in Arkay'}]",290,0,0,0
3c55206f-599f-40bf-b1bd-1acd51a6d992,96_Dharini_Telusukonti,[],"{'artist': {'mbid': 'bb385b39-7765-4a7c-9233-dad4c0f67d27', 'name': 'N J Nandini'}, 'instrument': {'mbid': 'd92884b7-ee0c-46d5-96f3-918196ba8c5b', 'name': 'Voice'}, 'lead': 1, 'attributes': ''}","[{'mbid': '97912476-a3a8-4517-86e1-77107110ff0e', 'title': 'N J Nandini in Arkay'}]",291,1,0,0
24433f74-f997-4dbd-801d-78994f9a2a40,96_Dharini_Telusukonti,[],"{'artist': {'mbid': 'bb385b39-7765-4a7c-9233-dad4c0f67d27', 'name': 'N J Nandini'}, 'instrument': {'mbid': 'd92884b7-ee0c-46d5-96f3-918196ba8c5b', 'name': 'Voice'}, 'lead': 1, 'attributes': ''}","[{'mbid': '97912476-a3a8-4517-86e1-77107110ff0e', 'title': 'N J Nandini in Arkay'}]",292,0,1,0
9288c4c1-19e0-4710-a1d2-b87782d56055,96_Dharini_Telusukonti,[],"{'artist': {'mbid': 'bb385b39-7765-4a7c-9233-dad4c0f67d27', 'name': 'N J Nandini'}, 'instrument': {'mbid': 'd92884b7-ee0c-46d5-96f3-918196ba8c5b', 'name': 'Voice'}, 'lead': 1, 'attributes': ''}","[{'mbid': '97912476-a3a8-4517-86e1-77107110ff0e', 'title': 'N J Nandini in Arkay'}]",293,0,0,0
3cd7fc86-ce27-4a35-8518-01bf60d04c64,96_Dharini_Telusukonti,[],"{'artist': {'mbid': 'bb385b39-7765-4a7c-9233-dad4c0f67d27', 'name': 'N J Nandini'}, 'instrument': {'mbid': 'd92884b7-ee0c-46d5-96f3-918196ba8c5b', 'name': 'Voice'}, 'lead': 1, 'attributes': ''}","[{'mbid': '97912476-a3a8-4517-86e1-77107110ff0e', 'title': 'N J Nandini in Arkay'}]",294,1,1,1
322c2a41-3295-4d98-a619-b2a7edd9e1b7,96_Dharini_Telusukonti,[],"{'artist': {'mbid': 'bb385b39-7765-4a7c-9233-dad4c0f67d27', 'name': 'N J Nandini'}, 'instrument': {'mbid': 'd92884b7-ee0c-46d5-96f3-918196ba8c5b', 'name': 'Voice'}, 'lead': 1, 'attributes': ''}","[{'mbid': '97912476-a3a8-4517-86e1-77107110ff0e', 'title': 'N J Nandini in Arkay'}]",295,1,1,0
9d7576ce-5899-4af7-a36e-ba5302cd1077,96_Dharini_Telusukonti,[],"{'artist': {'mbid': 'bb385b39-7765-4a7c-9233-dad4c0f67d27', 'name': 'N J Nandini'}, 'instrument': {'mbid': 'd92884b7-ee0c-46d5-96f3-918196ba8c5b', 'name': 'Voice'}, 'lead': 1, 'attributes': ''}","[{'mbid': '97912476-a3a8-4517-86e1-77107110ff0e', 'title': 'N J Nandini in Arkay'}]",296,1,1,1
18606d90-7d9d-4b80-b9e6-44bc6b32982b,96_Dharini_Telusukonti,[],"{'artist': {'mbid': 'bb385b39-7765-4a7c-9233-dad4c0f67d27', 'name': 'N J Nandini'}, 'instrument': {'mbid': 'd92884b7-ee0c-46d5-96f3-918196ba8c5b', 'name': 'Voice'}, 'lead': 1, 'attributes': ''}","[{'mbid': '97912476-a3a8-4517-86e1-77107110ff0e', 'title': 'N J Nandini in Arkay'}]",297,1,1,1
13ef89fa-d132-42f8-9b9e-165ac84137e8,96_Dharini_Telusukonti,[],"{'artist': {'mbid': 'bb385b39-7765-4a7c-9233-dad4c0f67d27', 'name': 'N J Nandini'}, 'instrument': {'mbid': 'd92884b7-ee0c-46d5-96f3-918196ba8c5b', 'name': 'Voice'}, 'lead': 1, 'attributes': ''}","[{'mbid': '97912476-a3a8-4517-86e1-77107110ff0e', 'title': 'N J Nandini in Arkay'}]",298,1,1,1
2f880d9f-0ba4-4714-a078-1b01facdb690,96_Dharini_Telusukonti,[],"{'artist': {'mbid': 'bb385b39-7765-4a7c-9233-dad4c0f67d27', 'name': 'N J Nandini'}, 'instrument': {'mbid': 'd92884b7-ee0c-46d5-96f3-918196ba8c5b', 'name': 'Voice'}, 'lead': 1, 'attributes': ''}","[{'mbid': '97912476-a3a8-4517-86e1-77107110ff0e', 'title': 'N J Nandini in Arkay'}]",299,1,1,1
7acc4fe4-b846-44b6-b6b2-6cda991284e7,96_Dharini_Telusukonti,[],"{'artist': {'mbid': 'bb385b39-7765-4a7c-9233-dad4c0f67d27', 'name': 'N J Nandini'}, 'instrument': {'mbid': 'd92884b7-ee0c-46d5-96f3-918196ba8c5b', 'name': 'Voice'}, 'lead': 1, 'attributes': ''}","[{'mbid': '97912476-a3a8-4517-86e1-77107110ff0e', 'title': 'N J Nandini in Arkay'}]",300,1,1,1
88116e18-3921-4f96-893f-15ba80b70cdc,96_Dharini_Telusukonti,[],"{'artist': {'mbid': 'bb385b39-7765-4a7c-9233-dad4c0f67d27', 'name': 'N J Nandini'}, 'instrument': {'mbid': 'd92884b7-ee0c-46d5-96f3-918196ba8c5b', 'name': 'Voice'}, 'lead': 1, 'attributes': ''}","[{'mbid': '97912476-a3a8-4517-86e1-77107110ff0e', 'title': 'N J Nandini in Arkay'}]",301,1,1,1
618f0ad1-ada8-45e0-9455-2657c3221b46,96_Dharini_Telusukonti,[],"{'artist': {'mbid': 'bb385b39-7765-4a7c-9233-dad4c0f67d27', 'name': 'N J Nandini'}, 'instrument': {'mbid': 'd92884b7-ee0c-46d5-96f3-918196ba8c5b', 'name': 'Voice'}, 'lead': 1, 'attributes': ''}","[{'mbid': '97912476-a3a8-4517-86e1-77107110ff0e', 'title': 'N J Nandini in Arkay'}]",302,1,1,1
ac4332b9-8d3e-496e-bfbe-8de36dfbc8d8,96_Dharini_Telusukonti,[],"{'artist': {'mbid': 'bb385b39-7765-4a7c-9233-dad4c0f67d27', 'name': 'N J Nandini'}, 'instrument': {'mbid': 'd92884b7-ee0c-46d5-96f3-918196ba8c5b', 'name': 'Voice'}, 'lead': 1, 'attributes': ''}","[{'mbid': '97912476-a3a8-4517-86e1-77107110ff0e', 'title': 'N J Nandini in Arkay'}]",303,1,1,1
ffdcb034-0fd7-4916-8806-d6bf5fe58009,96_Dharini_Telusukonti,[],"{'artist': {'mbid': 'bb385b39-7765-4a7c-9233-dad4c0f67d27', 'name': 'N J Nandini'}, 'instrument': {'mbid': 'd92884b7-ee0c-46d5-96f3-918196ba8c5b', 'name': 'Voice'}, 'lead': 1, 'attributes': ''}","[{'mbid': '97912476-a3a8-4517-86e1-77107110ff0e', 'title': 'N J Nandini in Arkay'}]",304,1,1,1
c541b752-cbcd-4cec-9f0d-13d35c52542b,96_Dharini_Telusukonti,[],"{'artist': {'mbid': 'bb385b39-7765-4a7c-9233-dad4c0f67d27', 'name': 'N J Nandini'}, 'instrument': {'mbid': 'd92884b7-ee0c-46d5-96f3-918196ba8c5b', 'name': 'Voice'}, 'lead': 1, 'attributes': ''}","[{'mbid': '97912476-a3a8-4517-86e1-77107110ff0e', 'title': 'N J Nandini in Arkay'}]",305,1,1,1
1718537b-2956-432b-814f-c33ee61e81c6,96_Dharini_Telusukonti,[],"{'artist': {'mbid': 'bb385b39-7765-4a7c-9233-dad4c0f67d27', 'name': 'N J Nandini'}, 'instrument': {'mbid': 'd92884b7-ee0c-46d5-96f3-918196ba8c5b', 'name': 'Voice'}, 'lead': 1, 'attributes': ''}","[{'mbid': '97912476-a3a8-4517-86e1-77107110ff0e', 'title': 'N J Nandini in Arkay'}]",306,1,1,1
827efde3-4234-41f2-9e3a-ebe7bfdf9440,96_Dharini_Telusukonti,[],"{'artist': {'mbid': 'bb385b39-7765-4a7c-9233-dad4c0f67d27', 'name': 'N J Nandini'}, 'instrument': {'mbid': 'd92884b7-ee0c-46d5-96f3-918196ba8c5b', 'name': 'Voice'}, 'lead': 1, 'attributes': ''}","[{'mbid': '97912476-a3a8-4517-86e1-77107110ff0e', 'title': 'N J Nandini in Arkay'}]",307,1,1,1
9aab061c-8ea0-4723-af46-dc74b2abaa29,96_Dharini_Telusukonti,[],"{'artist': {'mbid': 'bb385b39-7765-4a7c-9233-dad4c0f67d27', 'name': 'N J Nandini'}, 'instrument': {'mbid': 'd92884b7-ee0c-46d5-96f3-918196ba8c5b', 'name': 'Voice'}, 'lead': 1, 'attributes': ''}","[{'mbid': '97912476-a3a8-4517-86e1-77107110ff0e', 'title': 'N J Nandini in Arkay'}]",308,1,1,1
7c304900-73c5-483e-adbd-766e5699741a,96_Dharini_Telusukonti,[],"{'artist': {'mbid': 'bb385b39-7765-4a7c-9233-dad4c0f67d27', 'name': 'N J Nandini'}, 'instrument': {'mbid': 'd92884b7-ee0c-46d5-96f3-918196ba8c5b', 'name': 'Voice'}, 'lead': 1, 'attributes': ''}","[{'mbid': '97912476-a3a8-4517-86e1-77107110ff0e', 'title': 'N J Nandini in Arkay'}]",309,1,1,1
3c3ef0ee-e847-4d23-aa66-df375d290e33,96_Dharini_Telusukonti,[],"{'artist': {'mbid': 'bb385b39-7765-4a7c-9233-dad4c0f67d27', 'name': 'N J Nandini'}, 'instrument': {'mbid': 'd92884b7-ee0c-46d5-96f3-918196ba8c5b', 'name': 'Voice'}, 'lead': 1, 'attributes': ''}","[{'mbid': '97912476-a3a8-4517-86e1-77107110ff0e', 'title': 'N J Nandini in Arkay'}]",310,1,1,1
9010fcd9-619b-47fc-b962-f767fa7afda8,96_Dharini_Telusukonti,[],"{'artist': {'mbid': 'bb385b39-7765-4a7c-9233-dad4c0f67d27', 'name': 'N J Nandini'}, 'instrument': {'mbid': 'd92884b7-ee0c-46d5-96f3-918196ba8c5b', 'name': 'Voice'}, 'lead': 1, 'attributes': ''}","[{'mbid': '97912476-a3a8-4517-86e1-77107110ff0e', 'title': 'N J Nandini in Arkay'}]",311,1,1,1
9e5849d6-6d40-497d-ac91-378040b962b2,96_Dharini_Telusukonti,[],"{'artist': {'mbid': 'bb385b39-7765-4a7c-9233-dad4c0f67d27', 'name': 'N J Nandini'}, 'instrument': {'mbid': 'd92884b7-ee0c-46d5-96f3-918196ba8c5b', 'name': 'Voice'}, 'lead': 1, 'attributes': ''}","[{'mbid': '97912476-a3a8-4517-86e1-77107110ff0e', 'title': 'N J Nandini in Arkay'}]",312,1,1,1
a4a44a43-b793-4716-9537-4639d41c4cc7,96_Dharini_Telusukonti,[],"{'artist': {'mbid': 'bb385b39-7765-4a7c-9233-dad4c0f67d27', 'name': 'N J Nandini'}, 'instrument': {'mbid': 'd92884b7-ee0c-46d5-96f3-918196ba8c5b', 'name': 'Voice'}, 'lead': 1, 'attributes': ''}","[{'mbid': '97912476-a3a8-4517-86e1-77107110ff0e', 'title': 'N J Nandini in Arkay'}]",313,1,1,1
a598312f-c042-477e-9bfe-34b4c727bf5c,96_Dharini_Telusukonti,[],"{'artist': {'mbid': 'bb385b39-7765-4a7c-9233-dad4c0f67d27', 'name': 'N J Nandini'}, 'instrument': {'mbid': 'd92884b7-ee0c-46d5-96f3-918196ba8c5b', 'name': 'Voice'}, 'lead': 1, 'attributes': ''}","[{'mbid': '97912476-a3a8-4517-86e1-77107110ff0e', 'title': 'N J Nandini in Arkay'}]",314,1,1,1
0b392ace-88fd-4493-a690-448a4253f358,96_Dharini_Telusukonti,[],"{'artist': {'mbid': 'bb385b39-7765-4a7c-9233-dad4c0f67d27', 'name': 'N J Nandini'}, 'instrument': {'mbid': 'd92884b7-ee0c-46d5-96f3-918196ba8c5b', 'name': 'Voice'}, 'lead': 1, 'attributes': ''}","[{'mbid': '97912476-a3a8-4517-86e1-77107110ff0e', 'title': 'N J Nandini in Arkay'}]",315,1,1,1
82413920-381f-4521-b49f-67484d2fe6b3,96_Dharini_Telusukonti,[],"{'artist': {'mbid': 'bb385b39-7765-4a7c-9233-dad4c0f67d27', 'name': 'N J Nandini'}, 'instrument': {'mbid': 'd92884b7-ee0c-46d5-96f3-918196ba8c5b', 'name': 'Voice'}, 'lead': 1, 'attributes': ''}","[{'mbid': '97912476-a3a8-4517-86e1-77107110ff0e', 'title': 'N J Nandini in Arkay'}]",316,1,1,1
f86501b7-bbab-4217-b40b-a4f118d9b134,96_Dharini_Telusukonti,[],"{'artist': {'mbid': 'bb385b39-7765-4a7c-9233-dad4c0f67d27', 'name': 'N J Nandini'}, 'instrument': {'mbid': 'd92884b7-ee0c-46d5-96f3-918196ba8c5b', 'name': 'Voice'}, 'lead': 1, 'attributes': ''}","[{'mbid': '97912476-a3a8-4517-86e1-77107110ff0e', 'title': 'N J Nandini in Arkay'}]",317,1,1,1
ebdf0606-b35b-4cb5-87f2-1c91ce4130b2,96_Dharini_Telusukonti,[],"{'artist': {'mbid': 'bb385b39-7765-4a7c-9233-dad4c0f67d27', 'name': 'N J Nandini'}, 'instrument': {'mbid': 'd92884b7-ee0c-46d5-96f3-918196ba8c5b', 'name': 'Voice'}, 'lead': 1, 'attributes': ''}","[{'mbid': '97912476-a3a8-4517-86e1-77107110ff0e', 'title': 'N J Nandini in Arkay'}]",318,1,1,1
c105212a-dd57-45ee-a57d-a9c2ec1a5405,96_Dharini_Telusukonti,[],"{'artist': {'mbid': 'bb385b39-7765-4a7c-9233-dad4c0f67d27', 'name': 'N J Nandini'}, 'instrument': {'mbid': 'd92884b7-ee0c-46d5-96f3-918196ba8c5b', 'name': 'Voice'}, 'lead': 1, 'attributes': ''}","[{'mbid': '97912476-a3a8-4517-86e1-77107110ff0e', 'title': 'N J Nandini in Arkay'}]",319,1,1,1
24726535-83db-4da8-a3f9-d6405db31f65,96_Dharini_Telusukonti,[],"{'artist': {'mbid': 'bb385b39-7765-4a7c-9233-dad4c0f67d27', 'name': 'N J Nandini'}, 'instrument': {'mbid': 'd92884b7-ee0c-46d5-96f3-918196ba8c5b', 'name': 'Voice'}, 'lead': 1, 'attributes': ''}","[{'mbid': '97912476-a3a8-4517-86e1-77107110ff0e', 'title': 'N J Nandini in Arkay'}]",320,1,1,1
eeee8e5a-212b-4f0f-8afb-2f970f736d1e,96_Dharini_Telusukonti,[],"{'artist': {'mbid': 'bb385b39-7765-4a7c-9233-dad4c0f67d27', 'name': 'N J Nandini'}, 'instrument': {'mbid': 'd92884b7-ee0c-46d5-96f3-918196ba8c5b', 'name': 'Voice'}, 'lead': 1, 'attributes': ''}","[{'mbid': '97912476-a3a8-4517-86e1-77107110ff0e', 'title': 'N J Nandini in Arkay'}]",321,1,1,1
cd5f63f9-a048-4b6a-a1f2-2bfab9b8b237,96_Dharini_Telusukonti,[],"{'artist': {'mbid': 'bb385b39-7765-4a7c-9233-dad4c0f67d27', 'name': 'N J Nandini'}, 'instrument': {'mbid': 'd92884b7-ee0c-46d5-96f3-918196ba8c5b', 'name': 'Voice'}, 'lead': 1, 'attributes': ''}","[{'mbid': '97912476-a3a8-4517-86e1-77107110ff0e', 'title': 'N J Nandini in Arkay'}]",322,1,1,1
c24b332e-5fd4-4389-b95f-3df1f74b2cce,96_Dharini_Telusukonti,[],"{'artist': {'mbid': 'bb385b39-7765-4a7c-9233-dad4c0f67d27', 'name': 'N J Nandini'}, 'instrument': {'mbid': 'd92884b7-ee0c-46d5-96f3-918196ba8c5b', 'name': 'Voice'}, 'lead': 1, 'attributes': ''}","[{'mbid': '97912476-a3a8-4517-86e1-77107110ff0e', 'title': 'N J Nandini in Arkay'}]",323,1,1,1
b3846998-0a9a-4eac-9f9c-cfa336eb3955,96_Dharini_Telusukonti,[],"{'artist': {'mbid': 'bb385b39-7765-4a7c-9233-dad4c0f67d27', 'name': 'N J Nandini'}, 'instrument': {'mbid': 'd92884b7-ee0c-46d5-96f3-918196ba8c5b', 'name': 'Voice'}, 'lead': 1, 'attributes': ''}","[{'mbid': '97912476-a3a8-4517-86e1-77107110ff0e', 'title': 'N J Nandini in Arkay'}]",324,1,1,1
a76adea6-98e9-420c-a60d-0f96a59c3a38,96_Dharini_Telusukonti,[],"{'artist': {'mbid': 'bb385b39-7765-4a7c-9233-dad4c0f67d27', 'name': 'N J Nandini'}, 'instrument': {'mbid': 'd92884b7-ee0c-46d5-96f3-918196ba8c5b', 'name': 'Voice'}, 'lead': 1, 'attributes': ''}","[{'mbid': '97912476-a3a8-4517-86e1-77107110ff0e', 'title': 'N J Nandini in Arkay'}]",325,1,1,1
8c9f2b10-0b5a-4c62-b3e4-e998144c6e33,96_Dharini_Telusukonti,[],"{'artist': {'mbid': 'bb385b39-7765-4a7c-9233-dad4c0f67d27', 'name': 'N J Nandini'}, 'instrument': {'mbid': 'd92884b7-ee0c-46d5-96f3-918196ba8c5b', 'name': 'Voice'}, 'lead': 1, 'attributes': ''}","[{'mbid': '97912476-a3a8-4517-86e1-77107110ff0e', 'title': 'N J Nandini in Arkay'}]",326,1,1,1
3f7eeb78-2592-42e6-b9f7-614aaa6d9921,96_Dharini_Telusukonti,[],"{'artist': {'mbid': 'bb385b39-7765-4a7c-9233-dad4c0f67d27', 'name': 'N J Nandini'}, 'instrument': {'mbid': 'd92884b7-ee0c-46d5-96f3-918196ba8c5b', 'name': 'Voice'}, 'lead': 1, 'attributes': ''}","[{'mbid': '97912476-a3a8-4517-86e1-77107110ff0e', 'title': 'N J Nandini in Arkay'}]",327,1,1,1
172dbfd0-9f99-4bc9-b4bf-dbf970a48a1d,96_Dharini_Telusukonti,[],"{'artist': {'mbid': 'bb385b39-7765-4a7c-9233-dad4c0f67d27', 'name': 'N J Nandini'}, 'instrument': {'mbid': 'd92884b7-ee0c-46d5-96f3-918196ba8c5b', 'name': 'Voice'}, 'lead': 1, 'attributes': ''}","[{'mbid': '97912476-a3a8-4517-86e1-77107110ff0e', 'title': 'N J Nandini in Arkay'}]",328,1,1,1
196ad114-07c4-4e03-a9a4-ee55c2fca035,96_Dharini_Telusukonti,[],"{'artist': {'mbid': 'bb385b39-7765-4a7c-9233-dad4c0f67d27', 'name': 'N J Nandini'}, 'instrument': {'mbid': 'd92884b7-ee0c-46d5-96f3-918196ba8c5b', 'name': 'Voice'}, 'lead': 1, 'attributes': ''}","[{'mbid': '97912476-a3a8-4517-86e1-77107110ff0e', 'title': 'N J Nandini in Arkay'}]",329,1,1,1
2027ad08-0bfb-4a86-9e02-9e1fd7547cdb,96_Dharini_Telusukonti,[],"{'artist': {'mbid': 'bb385b39-7765-4a7c-9233-dad4c0f67d27', 'name': 'N J Nandini'}, 'instrument': {'mbid': 'd92884b7-ee0c-46d5-96f3-918196ba8c5b', 'name': 'Voice'}, 'lead': 1, 'attributes': ''}","[{'mbid': '97912476-a3a8-4517-86e1-77107110ff0e', 'title': 'N J Nandini in Arkay'}]",330,1,1,1
2d1d1341-e74c-4d35-8968-cf24bd5bd9c3,96_Dharini_Telusukonti,[],"{'artist': {'mbid': 'bb385b39-7765-4a7c-9233-dad4c0f67d27', 'name': 'N J Nandini'}, 'instrument': {'mbid': 'd92884b7-ee0c-46d5-96f3-918196ba8c5b', 'name': 'Voice'}, 'lead': 1, 'attributes': ''}","[{'mbid': '97912476-a3a8-4517-86e1-77107110ff0e', 'title': 'N J Nandini in Arkay'}]",331,1,1,1
314f4f83-a19e-4cf3-9e48-c8208f422d8a,96_Dharini_Telusukonti,[],"{'artist': {'mbid': 'bb385b39-7765-4a7c-9233-dad4c0f67d27', 'name': 'N J Nandini'}, 'instrument': {'mbid': 'd92884b7-ee0c-46d5-96f3-918196ba8c5b', 'name': 'Voice'}, 'lead': 1, 'attributes': ''}","[{'mbid': '97912476-a3a8-4517-86e1-77107110ff0e', 'title': 'N J Nandini in Arkay'}]",332,1,1,1
bd10b299-8ddb-4cb9-b9f7-e758511f6433,96_Dharini_Telusukonti,[],"{'artist': {'mbid': 'bb385b39-7765-4a7c-9233-dad4c0f67d27', 'name': 'N J Nandini'}, 'instrument': {'mbid': 'd92884b7-ee0c-46d5-96f3-918196ba8c5b', 'name': 'Voice'}, 'lead': 1, 'attributes': ''}","[{'mbid': '97912476-a3a8-4517-86e1-77107110ff0e', 'title': 'N J Nandini in Arkay'}]",333,1,1,1
34bed9b5-beb2-4f35-a899-bd6bd12ea482,96_Dharini_Telusukonti,[],"{'artist': {'mbid': 'bb385b39-7765-4a7c-9233-dad4c0f67d27', 'name': 'N J Nandini'}, 'instrument': {'mbid': 'd92884b7-ee0c-46d5-96f3-918196ba8c5b', 'name': 'Voice'}, 'lead': 1, 'attributes': ''}","[{'mbid': '97912476-a3a8-4517-86e1-77107110ff0e', 'title': 'N J Nandini in Arkay'}]",334,1,1,1
29f34f46-7405-4736-9506-70693c29428a,96_Dharini_Telusukonti,[],"{'artist': {'mbid': 'bb385b39-7765-4a7c-9233-dad4c0f67d27', 'name': 'N J Nandini'}, 'instrument': {'mbid': 'd92884b7-ee0c-46d5-96f3-918196ba8c5b', 'name': 'Voice'}, 'lead': 1, 'attributes': ''}","[{'mbid': '97912476-a3a8-4517-86e1-77107110ff0e', 'title': 'N J Nandini in Arkay'}]",335,1,1,0
841307b1-8aab-47c6-aaec-cbbe348d0588,96_Dharini_Telusukonti,[],"{'artist': {'mbid': 'bb385b39-7765-4a7c-9233-dad4c0f67d27', 'name': 'N J Nandini'}, 'instrument': {'mbid': 'd92884b7-ee0c-46d5-96f3-918196ba8c5b', 'name': 'Voice'}, 'lead': 1, 'attributes': ''}","[{'mbid': '97912476-a3a8-4517-86e1-77107110ff0e', 'title': 'N J Nandini in Arkay'}]",336,1,1,1
d9efe573-8b1d-4ea3-837c-e4a292779795,96_Dharini_Telusukonti,[],"{'artist': {'mbid': 'bb385b39-7765-4a7c-9233-dad4c0f67d27', 'name': 'N J Nandini'}, 'instrument': {'mbid': 'd92884b7-ee0c-46d5-96f3-918196ba8c5b', 'name': 'Voice'}, 'lead': 1, 'attributes': ''}","[{'mbid': '97912476-a3a8-4517-86e1-77107110ff0e', 'title': 'N J Nandini in Arkay'}]",337,1,1,1
619cfaa0-dde4-4a06-aaae-97aa828b5c4f,96_Dharini_Telusukonti,[],"{'artist': {'mbid': 'bb385b39-7765-4a7c-9233-dad4c0f67d27', 'name': 'N J Nandini'}, 'instrument': {'mbid': 'd92884b7-ee0c-46d5-96f3-918196ba8c5b', 'name': 'Voice'}, 'lead': 1, 'attributes': ''}","[{'mbid': '97912476-a3a8-4517-86e1-77107110ff0e', 'title': 'N J Nandini in Arkay'}]",338,1,1,1
69cbe686-fa82-4980-bdf0-bc9d79ee2eb8,96_Dharini_Telusukonti,[],"{'artist': {'mbid': 'bb385b39-7765-4a7c-9233-dad4c0f67d27', 'name': 'N J Nandini'}, 'instrument': {'mbid': 'd92884b7-ee0c-46d5-96f3-918196ba8c5b', 'name': 'Voice'}, 'lead': 1, 'attributes': ''}","[{'mbid': '97912476-a3a8-4517-86e1-77107110ff0e', 'title': 'N J Nandini in Arkay'}]",339,1,1,1
90aefe6f-561a-413b-a21d-eb1d7d4cb567,96_Dharini_Telusukonti,[],"{'artist': {'mbid': 'bb385b39-7765-4a7c-9233-dad4c0f67d27', 'name': 'N J Nandini'}, 'instrument': {'mbid': 'd92884b7-ee0c-46d5-96f3-918196ba8c5b', 'name': 'Voice'}, 'lead': 1, 'attributes': ''}","[{'mbid': '97912476-a3a8-4517-86e1-77107110ff0e', 'title': 'N J Nandini in Arkay'}]",340,1,1,1
a7be582a-7de7-4075-8bd9-485d293d1f8e,96_Dharini_Telusukonti,[],"{'artist': {'mbid': 'bb385b39-7765-4a7c-9233-dad4c0f67d27', 'name': 'N J Nandini'}, 'instrument': {'mbid': 'd92884b7-ee0c-46d5-96f3-918196ba8c5b', 'name': 'Voice'}, 'lead': 1, 'attributes': ''}","[{'mbid': '97912476-a3a8-4517-86e1-77107110ff0e', 'title': 'N J Nandini in Arkay'}]",341,1,1,1
46984d1f-f2c5-492f-bc0c-1a9680419ce5,96_Dharini_Telusukonti,[],"{'artist': {'mbid': 'bb385b39-7765-4a7c-9233-dad4c0f67d27', 'name': 'N J Nandini'}, 'instrument': {'mbid': 'd92884b7-ee0c-46d5-96f3-918196ba8c5b', 'name': 'Voice'}, 'lead': 1, 'attributes': ''}","[{'mbid': '97912476-a3a8-4517-86e1-77107110ff0e', 'title': 'N J Nandini in Arkay'}]",342,1,1,1
110c8d87-6fe9-44f2-b167-7dd063d00ff9,96_Dharini_Telusukonti,[],"{'artist': {'mbid': 'bb385b39-7765-4a7c-9233-dad4c0f67d27', 'name': 'N J Nandini'}, 'instrument': {'mbid': 'd92884b7-ee0c-46d5-96f3-918196ba8c5b', 'name': 'Voice'}, 'lead': 1, 'attributes': ''}","[{'mbid': '97912476-a3a8-4517-86e1-77107110ff0e', 'title': 'N J Nandini in Arkay'}]",343,1,1,1
193c7a7f-3b5f-4cb4-bed5-5215a4c5d57d,96_Dharini_Telusukonti,[],"{'artist': {'mbid': 'bb385b39-7765-4a7c-9233-dad4c0f67d27', 'name': 'N J Nandini'}, 'instrument': {'mbid': 'd92884b7-ee0c-46d5-96f3-918196ba8c5b', 'name': 'Voice'}, 'lead': 1, 'attributes': ''}","[{'mbid': '97912476-a3a8-4517-86e1-77107110ff0e', 'title': 'N J Nandini in Arkay'}]",344,1,1,1
431fa2bf-93f8-4e6b-9f24-d1193a4f9589,96_Dharini_Telusukonti,[],"{'artist': {'mbid': 'bb385b39-7765-4a7c-9233-dad4c0f67d27', 'name': 'N J Nandini'}, 'instrument': {'mbid': 'd92884b7-ee0c-46d5-96f3-918196ba8c5b', 'name': 'Voice'}, 'lead': 1, 'attributes': ''}","[{'mbid': '97912476-a3a8-4517-86e1-77107110ff0e', 'title': 'N J Nandini in Arkay'}]",345,1,1,1
3eeb1542-b20c-4bda-8092-03e52301d2e5,96_Dharini_Telusukonti,[],"{'artist': {'mbid': 'bb385b39-7765-4a7c-9233-dad4c0f67d27', 'name': 'N J Nandini'}, 'instrument': {'mbid': 'd92884b7-ee0c-46d5-96f3-918196ba8c5b', 'name': 'Voice'}, 'lead': 1, 'attributes': ''}","[{'mbid': '97912476-a3a8-4517-86e1-77107110ff0e', 'title': 'N J Nandini in Arkay'}]",346,1,1,1
7c2429fa-096e-47b6-84a6-de4520f4b372,96_Dharini_Telusukonti,[],"{'artist': {'mbid': 'bb385b39-7765-4a7c-9233-dad4c0f67d27', 'name': 'N J Nandini'}, 'instrument': {'mbid': 'd92884b7-ee0c-46d5-96f3-918196ba8c5b', 'name': 'Voice'}, 'lead': 1, 'attributes': ''}","[{'mbid': '97912476-a3a8-4517-86e1-77107110ff0e', 'title': 'N J Nandini in Arkay'}]",347,1,1,1
2b072be8-e781-4d6e-b424-751d8ac5e9aa,96_Dharini_Telusukonti,[],"{'artist': {'mbid': 'bb385b39-7765-4a7c-9233-dad4c0f67d27', 'name': 'N J Nandini'}, 'instrument': {'mbid': 'd92884b7-ee0c-46d5-96f3-918196ba8c5b', 'name': 'Voice'}, 'lead': 1, 'attributes': ''}","[{'mbid': '97912476-a3a8-4517-86e1-77107110ff0e', 'title': 'N J Nandini in Arkay'}]",348,1,1,1
18c5310d-da39-49e5-a336-d125280d533f,96_Dharini_Telusukonti,[],"{'artist': {'mbid': 'bb385b39-7765-4a7c-9233-dad4c0f67d27', 'name': 'N J Nandini'}, 'instrument': {'mbid': 'd92884b7-ee0c-46d5-96f3-918196ba8c5b', 'name': 'Voice'}, 'lead': 1, 'attributes': ''}","[{'mbid': '97912476-a3a8-4517-86e1-77107110ff0e', 'title': 'N J Nandini in Arkay'}]",349,1,1,1
1c4daa0d-1bb8-442a-99e4-79f023e4f671,96_Dharini_Telusukonti,[],"{'artist': {'mbid': 'bb385b39-7765-4a7c-9233-dad4c0f67d27', 'name': 'N J Nandini'}, 'instrument': {'mbid': 'd92884b7-ee0c-46d5-96f3-918196ba8c5b', 'name': 'Voice'}, 'lead': 1, 'attributes': ''}","[{'mbid': '97912476-a3a8-4517-86e1-77107110ff0e', 'title': 'N J Nandini in Arkay'}]",350,1,1,1
cd6bcb6f-4fb6-4654-9813-77abfc34fe00,96_Dharini_Telusukonti,[],"{'artist': {'mbid': 'bb385b39-7765-4a7c-9233-dad4c0f67d27', 'name': 'N J Nandini'}, 'instrument': {'mbid': 'd92884b7-ee0c-46d5-96f3-918196ba8c5b', 'name': 'Voice'}, 'lead': 1, 'attributes': ''}","[{'mbid': '97912476-a3a8-4517-86e1-77107110ff0e', 'title': 'N J Nandini in Arkay'}]",351,1,1,1
c724a2d7-a7c7-4cb8-b04d-9dbbd89e64dd,96_Dharini_Telusukonti,[],"{'artist': {'mbid': 'bb385b39-7765-4a7c-9233-dad4c0f67d27', 'name': 'N J Nandini'}, 'instrument': {'mbid': 'd92884b7-ee0c-46d5-96f3-918196ba8c5b', 'name': 'Voice'}, 'lead': 1, 'attributes': ''}","[{'mbid': '97912476-a3a8-4517-86e1-77107110ff0e', 'title': 'N J Nandini in Arkay'}]",352,1,1,1
12421dae-dd9f-4694-8771-78e7941faac2,96_Dharini_Telusukonti,[],"{'artist': {'mbid': 'bb385b39-7765-4a7c-9233-dad4c0f67d27', 'name': 'N J Nandini'}, 'instrument': {'mbid': 'd92884b7-ee0c-46d5-96f3-918196ba8c5b', 'name': 'Voice'}, 'lead': 1, 'attributes': ''}","[{'mbid': '97912476-a3a8-4517-86e1-77107110ff0e', 'title': 'N J Nandini in Arkay'}]",353,1,1,1
e9d5896a-e2c8-4b50-9a75-8541fcce617b,96_Dharini_Telusukonti,[],"{'artist': {'mbid': 'bb385b39-7765-4a7c-9233-dad4c0f67d27', 'name': 'N J Nandini'}, 'instrument': {'mbid': 'd92884b7-ee0c-46d5-96f3-918196ba8c5b', 'name': 'Voice'}, 'lead': 1, 'attributes': ''}","[{'mbid': '97912476-a3a8-4517-86e1-77107110ff0e', 'title': 'N J Nandini in Arkay'}]",354,1,1,1
b2186d3c-5bcf-4300-b362-c4204e8620da,96_Dharini_Telusukonti,[],"{'artist': {'mbid': 'bb385b39-7765-4a7c-9233-dad4c0f67d27', 'name': 'N J Nandini'}, 'instrument': {'mbid': 'd92884b7-ee0c-46d5-96f3-918196ba8c5b', 'name': 'Voice'}, 'lead': 1, 'attributes': ''}","[{'mbid': '97912476-a3a8-4517-86e1-77107110ff0e', 'title': 'N J Nandini in Arkay'}]",355,0,1,0
adee8d8a-3625-48d6-9bdd-8ccd93bf0b67,96_Dharini_Telusukonti,[],"{'artist': {'mbid': 'bb385b39-7765-4a7c-9233-dad4c0f67d27', 'name': 'N J Nandini'}, 'instrument': {'mbid': 'd92884b7-ee0c-46d5-96f3-918196ba8c5b', 'name': 'Voice'}, 'lead': 1, 'attributes': ''}","[{'mbid': '97912476-a3a8-4517-86e1-77107110ff0e', 'title': 'N J Nandini in Arkay'}]",356,1,1,0
aff01631-85ed-40a7-9737-b1643e9c73b2,96_Dharini_Telusukonti,[],"{'artist': {'mbid': 'bb385b39-7765-4a7c-9233-dad4c0f67d27', 'name': 'N J Nandini'}, 'instrument': {'mbid': 'd92884b7-ee0c-46d5-96f3-918196ba8c5b', 'name': 'Voice'}, 'lead': 1, 'attributes': ''}","[{'mbid': '97912476-a3a8-4517-86e1-77107110ff0e', 'title': 'N J Nandini in Arkay'}]",357,0,1,0
0b9b1d8f-4a74-46c6-be86-adef11149f30,96_Dharini_Telusukonti,[],"{'artist': {'mbid': 'bb385b39-7765-4a7c-9233-dad4c0f67d27', 'name': 'N J Nandini'}, 'instrument': {'mbid': 'd92884b7-ee0c-46d5-96f3-918196ba8c5b', 'name': 'Voice'}, 'lead': 1, 'attributes': ''}","[{'mbid': '97912476-a3a8-4517-86e1-77107110ff0e', 'title': 'N J Nandini in Arkay'}]",358,1,1,0
7dc333c6-d302-4237-b7a0-c29948f71180,96_Dharini_Telusukonti,[],"{'artist': {'mbid': 'bb385b39-7765-4a7c-9233-dad4c0f67d27', 'name': 'N J Nandini'}, 'instrument': {'mbid': 'd92884b7-ee0c-46d5-96f3-918196ba8c5b', 'name': 'Voice'}, 'lead': 1, 'attributes': ''}","[{'mbid': '97912476-a3a8-4517-86e1-77107110ff0e', 'title': 'N J Nandini in Arkay'}]",359,0,1,0
ce828fc8-8f07-437b-9845-a5496e6b583d,96_Dharini_Telusukonti,[],"{'artist': {'mbid': 'bb385b39-7765-4a7c-9233-dad4c0f67d27', 'name': 'N J Nandini'}, 'instrument': {'mbid': 'd92884b7-ee0c-46d5-96f3-918196ba8c5b', 'name': 'Voice'}, 'lead': 1, 'attributes': ''}","[{'mbid': '97912476-a3a8-4517-86e1-77107110ff0e', 'title': 'N J Nandini in Arkay'}]",360,0,1,0
17a5c2f9-0008-4d47-b192-4530bd092270,96_Dharini_Telusukonti,[],"{'artist': {'mbid': 'bb385b39-7765-4a7c-9233-dad4c0f67d27', 'name': 'N J Nandini'}, 'instrument': {'mbid': 'd92884b7-ee0c-46d5-96f3-918196ba8c5b', 'name': 'Voice'}, 'lead': 1, 'attributes': ''}","[{'mbid': '97912476-a3a8-4517-86e1-77107110ff0e', 'title': 'N J Nandini in Arkay'}]",361,1,1,0
c49467cb-bc22-4e32-ab30-281ce9cd7137,96_Dharini_Telusukonti,[],"{'artist': {'mbid': 'bb385b39-7765-4a7c-9233-dad4c0f67d27', 'name': 'N J Nandini'}, 'instrument': {'mbid': 'd92884b7-ee0c-46d5-96f3-918196ba8c5b', 'name': 'Voice'}, 'lead': 1, 'attributes': ''}","[{'mbid': '97912476-a3a8-4517-86e1-77107110ff0e', 'title': 'N J Nandini in Arkay'}]",362,1,1,0
0582b98d-ccc8-46d1-8805-ced732db5043,96_Dharini_Telusukonti,[],"{'artist': {'mbid': 'bb385b39-7765-4a7c-9233-dad4c0f67d27', 'name': 'N J Nandini'}, 'instrument': {'mbid': 'd92884b7-ee0c-46d5-96f3-918196ba8c5b', 'name': 'Voice'}, 'lead': 1, 'attributes': ''}","[{'mbid': '97912476-a3a8-4517-86e1-77107110ff0e', 'title': 'N J Nandini in Arkay'}]",363,1,1,1
97abc000-18bf-4627-9c66-2b70c054cfa4,96_Dharini_Telusukonti,[],"{'artist': {'mbid': 'bb385b39-7765-4a7c-9233-dad4c0f67d27', 'name': 'N J Nandini'}, 'instrument': {'mbid': 'd92884b7-ee0c-46d5-96f3-918196ba8c5b', 'name': 'Voice'}, 'lead': 1, 'attributes': ''}","[{'mbid': '97912476-a3a8-4517-86e1-77107110ff0e', 'title': 'N J Nandini in Arkay'}]",364,1,1,1
f85029e2-ea99-45cd-8868-bcc70ff4771b,96_Dharini_Telusukonti,[],"{'artist': {'mbid': 'bb385b39-7765-4a7c-9233-dad4c0f67d27', 'name': 'N J Nandini'}, 'instrument': {'mbid': 'd92884b7-ee0c-46d5-96f3-918196ba8c5b', 'name': 'Voice'}, 'lead': 1, 'attributes': ''}","[{'mbid': '97912476-a3a8-4517-86e1-77107110ff0e', 'title': 'N J Nandini in Arkay'}]",365,1,1,1
404bd939-23b7-47ea-8a7a-51e0433b2040,96_Dharini_Telusukonti,[],"{'artist': {'mbid': 'bb385b39-7765-4a7c-9233-dad4c0f67d27', 'name': 'N J Nandini'}, 'instrument': {'mbid': 'd92884b7-ee0c-46d5-96f3-918196ba8c5b', 'name': 'Voice'}, 'lead': 1, 'attributes': ''}","[{'mbid': '97912476-a3a8-4517-86e1-77107110ff0e', 'title': 'N J Nandini in Arkay'}]",366,1,1,1
0bcbca58-547b-4be3-a0d8-fee9245b227f,96_Dharini_Telusukonti,[],"{'artist': {'mbid': 'bb385b39-7765-4a7c-9233-dad4c0f67d27', 'name': 'N J Nandini'}, 'instrument': {'mbid': 'd92884b7-ee0c-46d5-96f3-918196ba8c5b', 'name': 'Voice'}, 'lead': 1, 'attributes': ''}","[{'mbid': '97912476-a3a8-4517-86e1-77107110ff0e', 'title': 'N J Nandini in Arkay'}]",367,1,1,1
5d9ed3a9-7195-4b1b-8b8a-68d19dcf2486,96_Dharini_Telusukonti,[],"{'artist': {'mbid': 'bb385b39-7765-4a7c-9233-dad4c0f67d27', 'name': 'N J Nandini'}, 'instrument': {'mbid': 'd92884b7-ee0c-46d5-96f3-918196ba8c5b', 'name': 'Voice'}, 'lead': 1, 'attributes': ''}","[{'mbid': '97912476-a3a8-4517-86e1-77107110ff0e', 'title': 'N J Nandini in Arkay'}]",368,1,1,1
16da9ed4-0cec-46ac-b10f-da4662928ba6,96_Dharini_Telusukonti,[],"{'artist': {'mbid': 'bb385b39-7765-4a7c-9233-dad4c0f67d27', 'name': 'N J Nandini'}, 'instrument': {'mbid': 'd92884b7-ee0c-46d5-96f3-918196ba8c5b', 'name': 'Voice'}, 'lead': 1, 'attributes': ''}","[{'mbid': '97912476-a3a8-4517-86e1-77107110ff0e', 'title': 'N J Nandini in Arkay'}]",369,1,1,1
f0cf4917-30ed-447d-8ae0-775034892f8f,96_Dharini_Telusukonti,[],"{'artist': {'mbid': 'bb385b39-7765-4a7c-9233-dad4c0f67d27', 'name': 'N J Nandini'}, 'instrument': {'mbid': 'd92884b7-ee0c-46d5-96f3-918196ba8c5b', 'name': 'Voice'}, 'lead': 1, 'attributes': ''}","[{'mbid': '97912476-a3a8-4517-86e1-77107110ff0e', 'title': 'N J Nandini in Arkay'}]",370,1,1,1
014df8e3-1714-40f9-a545-0eb0e5f93341,96_Dharini_Telusukonti,[],"{'artist': {'mbid': 'bb385b39-7765-4a7c-9233-dad4c0f67d27', 'name': 'N J Nandini'}, 'instrument': {'mbid': 'd92884b7-ee0c-46d5-96f3-918196ba8c5b', 'name': 'Voice'}, 'lead': 1, 'attributes': ''}","[{'mbid': '97912476-a3a8-4517-86e1-77107110ff0e', 'title': 'N J Nandini in Arkay'}]",371,1,1,1
d14fc072-ff12-44b9-9c04-9950b5762b6e,96_Dharini_Telusukonti,[],"{'artist': {'mbid': 'bb385b39-7765-4a7c-9233-dad4c0f67d27', 'name': 'N J Nandini'}, 'instrument': {'mbid': 'd92884b7-ee0c-46d5-96f3-918196ba8c5b', 'name': 'Voice'}, 'lead': 1, 'attributes': ''}","[{'mbid': '97912476-a3a8-4517-86e1-77107110ff0e', 'title': 'N J Nandini in Arkay'}]",372,1,1,1
4f412e20-975a-434f-aca3-b2c18c53eedc,96_Dharini_Telusukonti,[],"{'artist': {'mbid': 'bb385b39-7765-4a7c-9233-dad4c0f67d27', 'name': 'N J Nandini'}, 'instrument': {'mbid': 'd92884b7-ee0c-46d5-96f3-918196ba8c5b', 'name': 'Voice'}, 'lead': 1, 'attributes': ''}","[{'mbid': '97912476-a3a8-4517-86e1-77107110ff0e', 'title': 'N J Nandini in Arkay'}]",373,1,1,1
af4c5c78-d35b-4311-8adf-d873e5c6c746,96_Dharini_Telusukonti,[],"{'artist': {'mbid': 'bb385b39-7765-4a7c-9233-dad4c0f67d27', 'name': 'N J Nandini'}, 'instrument': {'mbid': 'd92884b7-ee0c-46d5-96f3-918196ba8c5b', 'name': 'Voice'}, 'lead': 1, 'attributes': ''}","[{'mbid': '97912476-a3a8-4517-86e1-77107110ff0e', 'title': 'N J Nandini in Arkay'}]",374,1,1,1
f66db0da-51ae-462e-90f2-7294809ed740,96_Dharini_Telusukonti,[],"{'artist': {'mbid': 'bb385b39-7765-4a7c-9233-dad4c0f67d27', 'name': 'N J Nandini'}, 'instrument': {'mbid': 'd92884b7-ee0c-46d5-96f3-918196ba8c5b', 'name': 'Voice'}, 'lead': 1, 'attributes': ''}","[{'mbid': '97912476-a3a8-4517-86e1-77107110ff0e', 'title': 'N J Nandini in Arkay'}]",375,1,1,1
add59588-1610-4375-bdb4-621334f29054,96_Dharini_Telusukonti,[],"{'artist': {'mbid': 'bb385b39-7765-4a7c-9233-dad4c0f67d27', 'name': 'N J Nandini'}, 'instrument': {'mbid': 'd92884b7-ee0c-46d5-96f3-918196ba8c5b', 'name': 'Voice'}, 'lead': 1, 'attributes': ''}","[{'mbid': '97912476-a3a8-4517-86e1-77107110ff0e', 'title': 'N J Nandini in Arkay'}]",376,1,1,1
23898b46-a0d0-458f-ac3d-9b4e0d6d4bf4,96_Dharini_Telusukonti,[],"{'artist': {'mbid': 'bb385b39-7765-4a7c-9233-dad4c0f67d27', 'name': 'N J Nandini'}, 'instrument': {'mbid': 'd92884b7-ee0c-46d5-96f3-918196ba8c5b', 'name': 'Voice'}, 'lead': 1, 'attributes': ''}","[{'mbid': '97912476-a3a8-4517-86e1-77107110ff0e', 'title': 'N J Nandini in Arkay'}]",377,1,1,1
855cb026-56ae-4d6d-b68f-f82bffd37fd7,96_Dharini_Telusukonti,[],"{'artist': {'mbid': 'bb385b39-7765-4a7c-9233-dad4c0f67d27', 'name': 'N J Nandini'}, 'instrument': {'mbid': 'd92884b7-ee0c-46d5-96f3-918196ba8c5b', 'name': 'Voice'}, 'lead': 1, 'attributes': ''}","[{'mbid': '97912476-a3a8-4517-86e1-77107110ff0e', 'title': 'N J Nandini in Arkay'}]",378,1,1,1
038eaa43-1685-4729-94a2-17b145b25c66,96_Dharini_Telusukonti,[],"{'artist': {'mbid': 'bb385b39-7765-4a7c-9233-dad4c0f67d27', 'name': 'N J Nandini'}, 'instrument': {'mbid': 'd92884b7-ee0c-46d5-96f3-918196ba8c5b', 'name': 'Voice'}, 'lead': 1, 'attributes': ''}","[{'mbid': '97912476-a3a8-4517-86e1-77107110ff0e', 'title': 'N J Nandini in Arkay'}]",379,1,1,1
1a47498c-d285-4d2f-b0af-1ccdf3e84f6e,96_Dharini_Telusukonti,[],"{'artist': {'mbid': 'bb385b39-7765-4a7c-9233-dad4c0f67d27', 'name': 'N J Nandini'}, 'instrument': {'mbid': 'd92884b7-ee0c-46d5-96f3-918196ba8c5b', 'name': 'Voice'}, 'lead': 1, 'attributes': ''}","[{'mbid': '97912476-a3a8-4517-86e1-77107110ff0e', 'title': 'N J Nandini in Arkay'}]",380,1,1,1
e8332dfb-82d9-4a3a-aa65-a5eca105a12a,96_Dharini_Telusukonti,[],"{'artist': {'mbid': 'bb385b39-7765-4a7c-9233-dad4c0f67d27', 'name': 'N J Nandini'}, 'instrument': {'mbid': 'd92884b7-ee0c-46d5-96f3-918196ba8c5b', 'name': 'Voice'}, 'lead': 1, 'attributes': ''}","[{'mbid': '97912476-a3a8-4517-86e1-77107110ff0e', 'title': 'N J Nandini in Arkay'}]",381,1,1,1
622f8601-90c8-4536-a905-d641578c428e,96_Dharini_Telusukonti,[],"{'artist': {'mbid': 'bb385b39-7765-4a7c-9233-dad4c0f67d27', 'name': 'N J Nandini'}, 'instrument': {'mbid': 'd92884b7-ee0c-46d5-96f3-918196ba8c5b', 'name': 'Voice'}, 'lead': 1, 'attributes': ''}","[{'mbid': '97912476-a3a8-4517-86e1-77107110ff0e', 'title': 'N J Nandini in Arkay'}]",382,1,1,1
39bbc9cb-630d-413e-9911-07afdafec9a9,96_Dharini_Telusukonti,[],"{'artist': {'mbid': 'bb385b39-7765-4a7c-9233-dad4c0f67d27', 'name': 'N J Nandini'}, 'instrument': {'mbid': 'd92884b7-ee0c-46d5-96f3-918196ba8c5b', 'name': 'Voice'}, 'lead': 1, 'attributes': ''}","[{'mbid': '97912476-a3a8-4517-86e1-77107110ff0e', 'title': 'N J Nandini in Arkay'}]",383,1,1,1
085b0566-c0e3-4dbc-ad0b-e2d6f78f4d07,96_Dharini_Telusukonti,[],"{'artist': {'mbid': 'bb385b39-7765-4a7c-9233-dad4c0f67d27', 'name': 'N J Nandini'}, 'instrument': {'mbid': 'd92884b7-ee0c-46d5-96f3-918196ba8c5b', 'name': 'Voice'}, 'lead': 1, 'attributes': ''}","[{'mbid': '97912476-a3a8-4517-86e1-77107110ff0e', 'title': 'N J Nandini in Arkay'}]",384,1,1,0
064abc1f-521e-497d-9f02-39f1e31ac421,96_Dharini_Telusukonti,[],"{'artist': {'mbid': 'bb385b39-7765-4a7c-9233-dad4c0f67d27', 'name': 'N J Nandini'}, 'instrument': {'mbid': 'd92884b7-ee0c-46d5-96f3-918196ba8c5b', 'name': 'Voice'}, 'lead': 1, 'attributes': ''}","[{'mbid': '97912476-a3a8-4517-86e1-77107110ff0e', 'title': 'N J Nandini in Arkay'}]",385,1,1,1
7b525298-7e24-4f39-9929-3b083e866d29,96_Dharini_Telusukonti,[],"{'artist': {'mbid': 'bb385b39-7765-4a7c-9233-dad4c0f67d27', 'name': 'N J Nandini'}, 'instrument': {'mbid': 'd92884b7-ee0c-46d5-96f3-918196ba8c5b', 'name': 'Voice'}, 'lead': 1, 'attributes': ''}","[{'mbid': '97912476-a3a8-4517-86e1-77107110ff0e', 'title': 'N J Nandini in Arkay'}]",386,1,1,1
1e11aeec-cc8a-4837-9cb9-dcab4cfb5c13,96_Dharini_Telusukonti,[],"{'artist': {'mbid': 'bb385b39-7765-4a7c-9233-dad4c0f67d27', 'name': 'N J Nandini'}, 'instrument': {'mbid': 'd92884b7-ee0c-46d5-96f3-918196ba8c5b', 'name': 'Voice'}, 'lead': 1, 'attributes': ''}","[{'mbid': '97912476-a3a8-4517-86e1-77107110ff0e', 'title': 'N J Nandini in Arkay'}]",387,1,1,1
77e31138-4a0b-4a48-8f36-84545c42ee25,96_Dharini_Telusukonti,[],"{'artist': {'mbid': 'bb385b39-7765-4a7c-9233-dad4c0f67d27', 'name': 'N J Nandini'}, 'instrument': {'mbid': 'd92884b7-ee0c-46d5-96f3-918196ba8c5b', 'name': 'Voice'}, 'lead': 1, 'attributes': ''}","[{'mbid': '97912476-a3a8-4517-86e1-77107110ff0e', 'title': 'N J Nandini in Arkay'}]",388,1,1,1
01a0c447-034c-492e-8176-16e31ef00050,96_Dharini_Telusukonti,[],"{'artist': {'mbid': 'bb385b39-7765-4a7c-9233-dad4c0f67d27', 'name': 'N J Nandini'}, 'instrument': {'mbid': 'd92884b7-ee0c-46d5-96f3-918196ba8c5b', 'name': 'Voice'}, 'lead': 1, 'attributes': ''}","[{'mbid': '97912476-a3a8-4517-86e1-77107110ff0e', 'title': 'N J Nandini in Arkay'}]",389,1,1,1
92a92553-2f19-42c0-a91e-c5941eea4783,96_Dharini_Telusukonti,[],"{'artist': {'mbid': 'bb385b39-7765-4a7c-9233-dad4c0f67d27', 'name': 'N J Nandini'}, 'instrument': {'mbid': 'd92884b7-ee0c-46d5-96f3-918196ba8c5b', 'name': 'Voice'}, 'lead': 1, 'attributes': ''}","[{'mbid': '97912476-a3a8-4517-86e1-77107110ff0e', 'title': 'N J Nandini in Arkay'}]",390,1,1,1
f993d3c9-d226-4d5c-a118-fd10aa045e01,96_Dharini_Telusukonti,[],"{'artist': {'mbid': 'bb385b39-7765-4a7c-9233-dad4c0f67d27', 'name': 'N J Nandini'}, 'instrument': {'mbid': 'd92884b7-ee0c-46d5-96f3-918196ba8c5b', 'name': 'Voice'}, 'lead': 1, 'attributes': ''}","[{'mbid': '97912476-a3a8-4517-86e1-77107110ff0e', 'title': 'N J Nandini in Arkay'}]",391,1,1,1
68ef31fe-9c1c-40fe-ac64-c70ebb53dc20,96_Dharini_Telusukonti,[],"{'artist': {'mbid': 'bb385b39-7765-4a7c-9233-dad4c0f67d27', 'name': 'N J Nandini'}, 'instrument': {'mbid': 'd92884b7-ee0c-46d5-96f3-918196ba8c5b', 'name': 'Voice'}, 'lead': 1, 'attributes': ''}","[{'mbid': '97912476-a3a8-4517-86e1-77107110ff0e', 'title': 'N J Nandini in Arkay'}]",392,1,1,1
ebf318f7-6c72-4788-8bb8-628877626e50,96_Dharini_Telusukonti,[],"{'artist': {'mbid': 'bb385b39-7765-4a7c-9233-dad4c0f67d27', 'name': 'N J Nandini'}, 'instrument': {'mbid': 'd92884b7-ee0c-46d5-96f3-918196ba8c5b', 'name': 'Voice'}, 'lead': 1, 'attributes': ''}","[{'mbid': '97912476-a3a8-4517-86e1-77107110ff0e', 'title': 'N J Nandini in Arkay'}]",393,1,1,1
30b4183c-3cac-4b96-8174-5a4ccf2b8a9c,96_Dharini_Telusukonti,[],"{'artist': {'mbid': 'bb385b39-7765-4a7c-9233-dad4c0f67d27', 'name': 'N J Nandini'}, 'instrument': {'mbid': 'd92884b7-ee0c-46d5-96f3-918196ba8c5b', 'name': 'Voice'}, 'lead': 1, 'attributes': ''}","[{'mbid': '97912476-a3a8-4517-86e1-77107110ff0e', 'title': 'N J Nandini in Arkay'}]",394,1,1,1
aa63ef2b-3b83-48c7-bb16-6a24759aa5c6,96_Dharini_Telusukonti,[],"{'artist': {'mbid': 'bb385b39-7765-4a7c-9233-dad4c0f67d27', 'name': 'N J Nandini'}, 'instrument': {'mbid': 'd92884b7-ee0c-46d5-96f3-918196ba8c5b', 'name': 'Voice'}, 'lead': 1, 'attributes': ''}","[{'mbid': '97912476-a3a8-4517-86e1-77107110ff0e', 'title': 'N J Nandini in Arkay'}]",395,1,1,1
e7a9a93d-8e0e-471f-ad1e-26c75c93abb6,96_Dharini_Telusukonti,[],"{'artist': {'mbid': 'bb385b39-7765-4a7c-9233-dad4c0f67d27', 'name': 'N J Nandini'}, 'instrument': {'mbid': 'd92884b7-ee0c-46d5-96f3-918196ba8c5b', 'name': 'Voice'}, 'lead': 1, 'attributes': ''}","[{'mbid': '97912476-a3a8-4517-86e1-77107110ff0e', 'title': 'N J Nandini in Arkay'}]",396,1,1,1
2ed23127-9185-48da-9f10-ebcb32aed641,96_Dharini_Telusukonti,[],"{'artist': {'mbid': 'bb385b39-7765-4a7c-9233-dad4c0f67d27', 'name': 'N J Nandini'}, 'instrument': {'mbid': 'd92884b7-ee0c-46d5-96f3-918196ba8c5b', 'name': 'Voice'}, 'lead': 1, 'attributes': ''}","[{'mbid': '97912476-a3a8-4517-86e1-77107110ff0e', 'title': 'N J Nandini in Arkay'}]",397,1,1,1
7d89a10e-f288-4d2d-a7dd-b896975941b4,96_Dharini_Telusukonti,[],"{'artist': {'mbid': 'bb385b39-7765-4a7c-9233-dad4c0f67d27', 'name': 'N J Nandini'}, 'instrument': {'mbid': 'd92884b7-ee0c-46d5-96f3-918196ba8c5b', 'name': 'Voice'}, 'lead': 1, 'attributes': ''}","[{'mbid': '97912476-a3a8-4517-86e1-77107110ff0e', 'title': 'N J Nandini in Arkay'}]",398,1,1,1
e1e143ca-62d4-4949-9ef4-11c97feb22e0,96_Dharini_Telusukonti,[],"{'artist': {'mbid': 'bb385b39-7765-4a7c-9233-dad4c0f67d27', 'name': 'N J Nandini'}, 'instrument': {'mbid': 'd92884b7-ee0c-46d5-96f3-918196ba8c5b', 'name': 'Voice'}, 'lead': 1, 'attributes': ''}","[{'mbid': '97912476-a3a8-4517-86e1-77107110ff0e', 'title': 'N J Nandini in Arkay'}]",399,1,1,1
c47af4bd-3cbb-4817-944c-a7b1a3432698,96_Dharini_Telusukonti,[],"{'artist': {'mbid': 'bb385b39-7765-4a7c-9233-dad4c0f67d27', 'name': 'N J Nandini'}, 'instrument': {'mbid': 'd92884b7-ee0c-46d5-96f3-918196ba8c5b', 'name': 'Voice'}, 'lead': 1, 'attributes': ''}","[{'mbid': '97912476-a3a8-4517-86e1-77107110ff0e', 'title': 'N J Nandini in Arkay'}]",400,0,0,0
ad608abe-955b-49cd-9705-c533d3429ef5,96_Dharini_Telusukonti,[],"{'artist': {'mbid': 'bb385b39-7765-4a7c-9233-dad4c0f67d27', 'name': 'N J Nandini'}, 'instrument': {'mbid': 'd92884b7-ee0c-46d5-96f3-918196ba8c5b', 'name': 'Voice'}, 'lead': 1, 'attributes': ''}","[{'mbid': '97912476-a3a8-4517-86e1-77107110ff0e', 'title': 'N J Nandini in Arkay'}]",401,0,0,0