song,t1,t2,rms,zcr,spectral_centroid,bandwidth,mfcc1,mfcc2,mfcc3,mfcc4,mfcc5,mfcc6,mfcc7,mfcc8,mfcc9,mfcc10,mfcc11,mfcc12,mfcc13,mfcc14,mfcc15,mfcc16,mfcc17,mfcc18,mfcc19,mfcc20,contains_violin,contains_vocal,contains_mridangam
187_Aaniraimekkani,0,11025,0.0070755924098193645,0.03125,2038.273176705761,3061.487205373182,-475.2801513671875,156.1840057373047,-11.506665229797363,34.35670471191406,-14.94067668914795,-0.8644058704376221,-27.303123474121094,-19.316476821899414,-7.207168102264404,-6.3765950202941895,-5.740288257598877,-1.0527504682540894,-0.36847737431526184,0.1994609832763672,-1.1684813499450684,4.977238655090332,-8.434334754943848,-11.834630966186523,-4.411605358123779,8.450573921203613,0,0,1
187_Aaniraimekkani,11025,22050,0.028326738625764847,0.04274680397727273,2123.067288279835,2710.6283459084207,-367.2276611328125,167.71214294433594,-47.14714050292969,30.42864418029785,-27.221349716186523,-1.523576021194458,-26.986692428588867,-10.629996299743652,-10.000821113586426,-27.50023078918457,-4.475083827972412,-2.3402936458587646,1.8541877269744873,-5.680525779724121,-12.296219825744629,3.9272255897521973,-6.1937055587768555,-8.062494277954102,-0.26332899928092957,3.2137038707733154,0,1,1
187_Aaniraimekkani,22050,33075,0.07861562073230743,0.07992276278409091,2291.3166647089943,2267.8430830589155,-257.7691650390625,155.69320678710938,-99.97598266601562,35.960166931152344,-30.30005645751953,-3.304694414138794,-22.919898986816406,-11.712130546569824,-21.154638290405273,-42.74082946777344,0.5554515719413757,-1.864302158355713,5.6052069664001465,-19.066688537597656,-22.301006317138672,-2.134896993637085,-8.832921981811523,11.438443183898926,3.5298025608062744,-4.397126197814941,0,1,1
187_Aaniraimekkani,33075,44100,0.09652981907129288,0.07481800426136363,2276.0233303699297,2130.377442448738,-248.24755859375,149.4632568359375,-106.58271789550781,21.89759063720703,-23.75457763671875,3.5076773166656494,-20.22172737121582,-18.07733917236328,-24.11652374267578,-31.30265998840332,1.1240851879119873,-2.0413057804107666,-2.962999105453491,-22.120323181152344,-20.18919563293457,-6.602383613586426,0.5430601239204407,9.988533973693848,2.3234379291534424,-2.9102373123168945,0,1,1
187_Aaniraimekkani,44100,55125,0.08918645232915878,0.07490678267045454,2281.280555553614,2044.4608911795635,-241.16136169433594,158.9829864501953,-108.41677856445312,11.939337730407715,-26.00227165222168,9.941356658935547,-25.224811553955078,-17.031082153320312,-19.64214324951172,-28.96217155456543,3.7153944969177246,1.2310702800750732,-7.358641147613525,-24.523317337036133,-13.540337562561035,-1.1874454021453857,0.31680309772491455,2.8133559226989746,-1.953330159187317,-2.831416130065918,0,1,1
187_Aaniraimekkani,55125,66150,0.055731941014528275,0.05690696022727273,2107.352888039465,2434.314014347517,-309.3290710449219,148.39707946777344,-70.55410766601562,23.00298500061035,-26.669567108154297,8.218975067138672,-37.17955780029297,-7.272454738616943,-29.287742614746094,-29.344207763671875,7.836441516876221,6.288268566131592,-15.579559326171875,-19.792436599731445,-1.6039340496063232,-4.483609199523926,-1.5272736549377441,-9.073833465576172,-3.265591621398926,11.053954124450684,0,1,1
187_Aaniraimekkani,66150,77175,0.0637148767709732,0.06547407670454546,2256.7535166206844,2412.2050676452095,-298.38397216796875,136.23789978027344,-81.80175018310547,26.444623947143555,-25.4804630279541,5.263472080230713,-30.260351181030273,-0.6028092503547668,-12.21596908569336,-18.545934677124023,5.1158905029296875,-3.379260301589966,-17.27397918701172,-14.569485664367676,-3.5042099952697754,-3.582570791244507,-0.7575080394744873,-12.997735977172852,-6.712360858917236,14.247039794921875,0,1,1
187_Aaniraimekkani,77175,88200,0.05433392897248268,0.04578746448863636,2221.9340632406825,2478.148182455188,-314.2872009277344,140.84774780273438,-76.87136840820312,18.685976028442383,-23.8378849029541,1.4378330707550049,-38.8133430480957,-1.9893715381622314,-15.490645408630371,-10.75533676147461,3.10312819480896,-6.312530994415283,-20.642789840698242,-27.594152450561523,-0.6349024176597595,2.70711350440979,10.008797645568848,8.101624488830566,16.422264099121094,27.605680465698242,0,1,1
187_Aaniraimekkani,88200,99225,0.04963119328022003,0.04665305397727273,2328.603421392588,2503.066804910009,-336.46160888671875,126.61486053466797,-76.8604736328125,21.8903751373291,-16.446134567260742,5.637889385223389,-29.584270477294922,3.452329397201538,-14.205099105834961,-5.759693622589111,2.6661760807037354,-7.2304582595825195,-29.75762367248535,-31.092924118041992,4.749487400054932,15.468552589416504,32.56357955932617,22.96885871887207,31.33302116394043,23.798866271972656,0,1,0
187_Aaniraimekkani,99225,110250,0.06290185451507568,0.062255859375,2270.2573901092724,2303.4570936558634,-300.3568115234375,141.61981201171875,-89.73303985595703,24.16082000732422,-27.656538009643555,2.4938573837280273,-24.770967483520508,2.833780527114868,-12.56809139251709,-18.487918853759766,6.281675815582275,-8.745954513549805,-17.888935089111328,-17.27142333984375,-9.811372756958008,-12.585968017578125,1.6727246046066284,-0.28991076350212097,-0.6469652652740479,18.550363540649414,0,1,1
187_Aaniraimekkani,110250,121275,0.04530052840709686,0.03402432528409091,2037.3232483219547,2424.6562977266553,-346.0846862792969,146.149169921875,-59.32569885253906,37.29975128173828,-3.8577399253845215,4.908777236938477,-36.335655212402344,-11.363225936889648,-19.010787963867188,-10.519442558288574,1.0853997468948364,-17.288341522216797,-12.424344062805176,-10.715720176696777,-10.023571968078613,-12.956787109375,-2.6673741340637207,-8.115528106689453,-1.0135966539382935,21.198951721191406,0,1,1
187_Aaniraimekkani,121275,132300,0.046154603362083435,0.039595170454545456,2013.5407217667525,2597.406250807378,-355.9395751953125,138.35574340820312,-46.227210998535156,49.45536804199219,6.210928440093994,6.664519786834717,-43.31431198120117,-15.713578224182129,-23.861326217651367,-1.8797557353973389,1.3540397882461548,-17.91010856628418,-1.3976536989212036,-14.559040069580078,-18.301788330078125,-17.288036346435547,-6.2702107429504395,-13.872979164123535,0.38803938031196594,21.32054901123047,0,1,1
187_Aaniraimekkani,132300,143325,0.04581839218735695,0.041437322443181816,2115.9955787484314,2750.3960843763757,-356.0049133300781,127.80847930908203,-41.38951873779297,63.11265563964844,0.63547682762146,-2.5599911212921143,-53.01189041137695,-7.187089920043945,-15.646743774414062,-6.60689115524292,-5.744475841522217,-21.284645080566406,-1.1791925430297852,-10.88187026977539,-13.80419635772705,-18.57733726501465,-8.45881462097168,-14.499972343444824,-1.3778010606765747,13.781209945678711,0,1,1
187_Aaniraimekkani,143325,154350,0.04216904938220978,0.026145241477272728,1954.9372344690835,2692.8510008130775,-363.8934326171875,142.41331481933594,-33.776710510253906,38.65182876586914,2.87005615234375,1.3739078044891357,-37.94160079956055,-4.712824821472168,-24.602392196655273,-14.20413875579834,0.917771577835083,-14.876778602600098,-8.685949325561523,-10.045867919921875,-6.332472324371338,-10.280715942382812,-5.403759956359863,-11.9916410446167,-4.41110897064209,7.668145656585693,0,1,1
187_Aaniraimekkani,154350,165375,0.060397401452064514,0.03384676846590909,2173.388820585415,2680.093291578173,-316.7264404296875,132.88192749023438,-57.659339904785156,48.45658874511719,-10.499102592468262,1.1118985414505005,-55.23774337768555,-1.2074646949768066,-20.397274017333984,-6.956663608551025,10.25854778289795,-20.76280403137207,-11.963083267211914,-8.43311595916748,-0.9583660364151001,-13.208334922790527,-7.535158157348633,-20.817249298095703,-4.144411087036133,11.75716781616211,0,1,1
187_Aaniraimekkani,165375,176400,0.03635599464178085,0.03420188210227273,1964.0185562464728,2511.8874138435376,-371.42218017578125,152.1798095703125,-42.417076110839844,32.03291702270508,3.984253168106079,-2.8970513343811035,-40.97296905517578,-9.409680366516113,-23.467124938964844,-10.562202453613281,-3.050462484359741,-19.41744613647461,-2.19142746925354,-4.682633399963379,-10.047228813171387,-10.480762481689453,4.190513610839844,-7.124212741851807,-1.4300671815872192,12.521576881408691,0,1,1
187_Aaniraimekkani,176400,187425,0.04934696853160858,0.04030539772727273,2075.7021746730684,2615.9449270777886,-340.9530944824219,144.00099182128906,-52.049598693847656,29.759843826293945,-11.202486991882324,8.630955696105957,-39.59669494628906,-4.791489601135254,-19.521928787231445,-20.851137161254883,-0.2036200910806656,-12.66784954071045,-7.9339141845703125,-16.107593536376953,-9.078622817993164,-6.591784477233887,1.2854151725769043,-3.2357842922210693,5.307494163513184,25.6397705078125,0,1,1
187_Aaniraimekkani,187425,198450,0.04376084730029106,0.02654474431818182,1954.5992271575437,2739.9185006103316,-361.4775695800781,140.94288635253906,-41.41019058227539,41.727840423583984,1.8972809314727783,3.6716806888580322,-38.07308578491211,-4.342163562774658,-15.548822402954102,-21.403486251831055,-12.969930648803711,-21.544452667236328,0.9646573662757874,-10.526634216308594,-16.15204620361328,-14.876969337463379,-5.542168140411377,2.3712031841278076,4.484707355499268,11.4695463180542,0,1,1
187_Aaniraimekkani,198450,209475,0.04991907998919487,0.035111860795454544,2059.0517858911935,2751.2625964314884,-347.0613708496094,129.2422332763672,-46.11436462402344,53.70197677612305,-2.2029078006744385,-1.2889310121536255,-45.63785171508789,-4.528741836547852,-17.275327682495117,-15.809948921203613,-8.580869674682617,-21.825605392456055,-1.1515958309173584,-6.729584217071533,-7.442535877227783,-13.186101913452148,-8.288901329040527,-3.7711331844329834,12.791732788085938,21.736825942993164,0,1,1
187_Aaniraimekkani,209475,220500,0.051561810076236725,0.032270951704545456,1844.2258303962865,2552.7599174924476,-357.9917907714844,134.18145751953125,-50.55423355102539,47.22272872924805,3.6965291500091553,-2.1649081707000732,-43.645538330078125,-1.5464110374450684,-20.67736053466797,-15.257905006408691,-1.968238115310669,-15.32700252532959,-6.079164505004883,-15.109720230102539,-10.783258438110352,-7.654928207397461,-5.214537620544434,-12.26761245727539,13.345751762390137,29.09716033935547,0,1,1
187_Aaniraimekkani,220500,231525,0.032797541469335556,0.03628817471590909,1682.9793253040937,2450.842077383765,-398.00860595703125,162.796875,-29.21027946472168,21.03095817565918,-0.6837734580039978,-9.559078216552734,-32.33561706542969,-0.4092097580432892,-6.724395275115967,-18.16834259033203,-11.539335250854492,-14.13430404663086,-4.810569763183594,-9.897615432739258,-5.164861679077148,1.605218768119812,2.535123586654663,-4.681212902069092,-3.1500399112701416,9.035048484802246,0,1,1
187_Aaniraimekkani,231525,242550,0.06566386669874191,0.036798650568181816,1703.5794666275217,2179.4099667838627,-329.71722412109375,153.03802490234375,-56.61821365356445,23.64732551574707,-12.92171859741211,-19.036373138427734,-32.56684112548828,0.7779362201690674,-8.542529106140137,-18.382078170776367,4.348532199859619,-9.59250259399414,-12.443927764892578,-10.642426490783691,0.22878839075565338,-8.900956153869629,-9.318446159362793,-7.061557292938232,-8.959539413452148,14.238022804260254,0,1,1
187_Aaniraimekkani,242550,253575,0.07378648221492767,0.047651811079545456,1895.006786909795,2005.4652738110426,-266.0545654296875,176.87107849121094,-80.70149230957031,8.93852710723877,-26.327856063842773,-18.276775360107422,-32.77921676635742,-4.758058071136475,-23.667091369628906,-23.280662536621094,7.636053562164307,-0.3439434766769409,-2.7131731510162354,-14.107159614562988,-11.404544830322266,-11.782522201538086,-4.149686336517334,-11.942087173461914,-18.124691009521484,-9.570184707641602,0,1,1
187_Aaniraimekkani,253575,264600,0.0552399605512619,0.04982688210227273,1970.7421055529621,2128.668597075359,-275.4651794433594,178.61131286621094,-82.05825805664062,18.765474319458008,-30.7872371673584,-7.112870693206787,-34.522037506103516,-11.047921180725098,-30.528247833251953,-14.672780990600586,3.7792840003967285,3.712933301925659,-4.8565673828125,-22.273765563964844,-11.40068531036377,-8.45853328704834,6.116447448730469,1.8026922941207886,-0.10577327758073807,-4.775401592254639,0,1,1
187_Aaniraimekkani,264600,275625,0.059286776930093765,0.0439453125,1955.0324156910488,2342.5660858715273,-285.0667724609375,162.51669311523438,-68.49481964111328,19.9468994140625,-26.597381591796875,-2.908616781234741,-31.21923828125,-9.206523895263672,-27.860576629638672,-22.17138671875,-4.274562358856201,5.459460735321045,-5.490006446838379,-15.641716957092285,-8.984612464904785,-11.231314659118652,-3.838029384613037,-10.283676147460938,-1.2529938220977783,-13.771624565124512,0,1,1
187_Aaniraimekkani,275625,286650,0.0589665025472641,0.03848544034090909,1831.2364920128332,2307.718091913214,-289.1758117675781,169.50514221191406,-61.63180160522461,15.58962345123291,-23.6741943359375,-1.7091941833496094,-28.22968292236328,-10.618101119995117,-30.311784744262695,-24.13671112060547,-4.263229846954346,6.331997871398926,-1.2411010265350342,-23.742509841918945,-10.351314544677734,-4.657291889190674,-2.768930673599243,-14.132538795471191,-2.5299623012542725,-11.474688529968262,0,1,1
187_Aaniraimekkani,286650,297675,0.05828266218304634,0.03611061789772727,1824.9457468858332,2196.2894438637513,-276.6721496582031,180.8806610107422,-70.17497253417969,23.097455978393555,-29.08715057373047,0.9051822423934937,-24.093503952026367,-11.495351791381836,-24.772167205810547,-31.171733856201172,-2.847057819366455,6.905179977416992,0.5725240111351013,-17.547271728515625,-22.316852569580078,-6.823073863983154,1.7035983800888062,-8.173601150512695,4.683831691741943,-12.507244110107422,0,1,1
187_Aaniraimekkani,297675,308700,0.07328493148088455,0.04405628551136364,1847.4121204846078,2188.8662971410736,-269.9080505371094,173.85105895996094,-70.51384735107422,18.338428497314453,-24.16558265686035,-1.2470663785934448,-26.560945510864258,-17.774343490600586,-24.888994216918945,-27.05463981628418,5.100646018981934,8.628387451171875,-3.46694278717041,-19.512401580810547,-17.037824630737305,1.8292160034179688,1.4438011646270752,-12.745362281799316,-4.326683044433594,-14.27431583404541,1,1,1
187_Aaniraimekkani,308700,319725,0.05312907323241234,0.037420099431818184,1840.596786730761,2290.2298821143104,-305.16912841796875,166.45556640625,-58.323123931884766,33.769107818603516,1.6726912260055542,4.5369343757629395,-31.4422664642334,-25.077625274658203,-18.882888793945312,-18.170127868652344,-3.1359899044036865,-7.424320697784424,-7.260702133178711,-12.520432472229004,-11.061781883239746,-5.448225021362305,-7.924984455108643,-17.95391082763672,-6.444328308105469,-5.151000022888184,0,1,1
187_Aaniraimekkani,319725,330750,0.04900362342596054,0.028852982954545456,1733.3683835890347,2198.8386722960568,-322.2510986328125,171.62606811523438,-58.577022552490234,31.30023193359375,6.625777721405029,-1.5179443359375,-34.101070404052734,-21.116540908813477,-20.72681427001953,-17.07939910888672,-2.0812253952026367,-11.911626815795898,-11.124008178710938,-9.909734725952148,-8.177847862243652,-10.995698928833008,-9.595015525817871,-13.575765609741211,-4.397728443145752,-1.675467610359192,0,1,1
187_Aaniraimekkani,330750,341775,0.016808809712529182,0.04969371448863636,1807.8832266556367,2026.9620368669675,-389.9133605957031,192.69287109375,-67.66909790039062,30.35161781311035,0.2257152944803238,-7.08174467086792,-32.45842742919922,-3.371990203857422,-20.946998596191406,-9.475421905517578,-12.580084800720215,-9.502968788146973,-8.25399112701416,-3.913902521133423,-3.927767038345337,-1.3859679698944092,0.13998179137706757,-1.03156578540802,9.536446571350098,-3.6052565574645996,0,0,1
187_Aaniraimekkani,341775,352800,0.014193850569427013,0.060258345170454544,2056.7861777051457,2077.0869394758683,-388.5977783203125,185.32106018066406,-78.96527862548828,29.0009765625,1.1032848358154297,-13.59470272064209,-37.11199188232422,-2.143277883529663,-14.881282806396484,-8.435336112976074,-16.489694595336914,-13.793486595153809,-9.482726097106934,3.72678542137146,5.933530807495117,-0.41827136278152466,4.657910346984863,5.118589878082275,10.230055809020996,-4.330162525177002,0,0,1
187_Aaniraimekkani,352800,363825,0.03634795919060707,0.02385919744318182,1655.4647819404222,2181.7571944707547,-361.6856689453125,171.8529510498047,-51.1130256652832,34.66506576538086,19.429662704467773,-19.07979393005371,-26.26891326904297,-10.96749496459961,-13.216113090515137,-12.702560424804688,-14.782271385192871,-22.937732696533203,-15.564138412475586,-8.65271282196045,-0.6742932796478271,-4.651266574859619,-9.20267105102539,-7.1745195388793945,0.3572840988636017,-2.46094012260437,1,0,1
187_Aaniraimekkani,363825,374850,0.048544611781835556,0.024458451704545456,1657.75888242405,2081.6170062683627,-333.68670654296875,175.76451110839844,-56.90364074707031,25.2523193359375,15.082886695861816,-20.492067337036133,-21.6025390625,-4.845944404602051,-3.077436685562134,-17.39971160888672,-21.581457138061523,-17.837495803833008,-11.95080852508545,-12.619208335876465,-6.306001663208008,-0.8680296540260315,-4.279038429260254,-2.17642879486084,2.8813376426696777,-5.354366779327393,1,0,1
187_Aaniraimekkani,374850,385875,0.0500413216650486,0.021706321022727272,1578.9587104274208,2127.49846181236,-352.4960632324219,169.20216369628906,-48.59555435180664,32.795955657958984,24.880409240722656,-17.122297286987305,-27.841218948364258,-7.55372428894043,-6.005080699920654,-12.955538749694824,-15.019390106201172,-20.53611946105957,-14.916316986083984,-17.679487228393555,-7.459756374359131,2.0989370346069336,-2.814117670059204,-4.852849960327148,-2.232079029083252,-7.927618503570557,1,0,1
187_Aaniraimekkani,385875,396900,0.04757603630423546,0.023792613636363636,1635.856842131992,2000.9675196797914,-355.2183837890625,165.1856689453125,-65.61790466308594,30.86622428894043,23.789953231811523,-13.105566024780273,-19.561800003051758,-7.500790119171143,1.3200544118881226,-8.356383323669434,-11.4899320602417,-12.680639266967773,-13.38753604888916,-14.479144096374512,-9.65162181854248,-2.99983286857605,-7.75831937789917,-7.789389133453369,-1.0085517168045044,-11.010387420654297,1,0,1
187_Aaniraimekkani,396900,407925,0.04124171659350395,0.02325994318181818,1460.5241595908,1884.839170329502,-361.8534240722656,181.09872436523438,-51.83381652832031,27.263639450073242,19.791357040405273,-14.84585952758789,-24.32233238220215,-9.390661239624023,-4.44025182723999,-11.428470611572266,-10.791375160217285,-15.96895694732666,-11.324647903442383,-7.915215015411377,-5.272097587585449,-0.5150535702705383,-7.131002426147461,-8.08381175994873,0.5766116976737976,-6.7751078605651855,1,0,1
187_Aaniraimekkani,407925,418950,0.03800124302506447,0.024791370738636364,1368.7917328415556,1893.975889236327,-376.1885681152344,190.76849365234375,-42.64323043823242,23.79387855529785,17.583009719848633,-14.7128324508667,-26.125934600830078,-14.423491477966309,-15.407805442810059,-10.713927268981934,-3.5591580867767334,-13.099865913391113,-10.089550018310547,-3.589175224304199,-3.0865113735198975,-9.522016525268555,-18.47537612915039,-9.044121742248535,6.256809711456299,-3.0751495361328125,1,0,1
187_Aaniraimekkani,418950,429975,0.036454133689403534,0.01897638494318182,1392.5001951810302,2142.629294258594,-381.59783935546875,186.02027893066406,-25.288549423217773,18.044187545776367,3.588449239730835,-15.619060516357422,-29.424762725830078,-14.632345199584961,-12.656482696533203,-16.36077117919922,-5.2744245529174805,-10.05875015258789,-14.309161186218262,-5.16064453125,-6.9820966720581055,-10.720115661621094,-12.12961483001709,-11.116838455200195,-1.2299137115478516,-7.433862686157227,1,1,1
187_Aaniraimekkani,429975,441000,0.12912854552268982,0.0498046875,2219.848438938309,2401.4980866784667,-202.82611083984375,158.02256774902344,-85.80394744873047,16.47813606262207,-27.5335636138916,-3.804405450820923,-22.584457397460938,-0.44170138239860535,-13.6461181640625,-33.89055252075195,-2.3670096397399902,2.2132680416107178,-0.5935425758361816,-9.455672264099121,-23.104326248168945,-10.601040840148926,-4.881527423858643,-1.9728622436523438,6.832055568695068,-15.183544158935547,1,1,1
187_Aaniraimekkani,441000,452025,0.13401265442371368,0.06971324573863637,2532.7889560230183,2417.16246223753,-164.92384338378906,162.50047302246094,-107.67301940917969,22.186368942260742,-35.613136291503906,2.995163917541504,-34.71366882324219,-17.185279846191406,-13.692239761352539,-23.92070198059082,8.648021697998047,1.755073070526123,-5.02152681350708,-14.538237571716309,-22.9473819732666,-6.222097396850586,-4.0089616775512695,-5.673216819763184,-6.166821002960205,-19.679319381713867,1,1,1
187_Aaniraimekkani,452025,463050,0.13049837946891785,0.07051225142045454,2463.4827469428606,2342.645218400889,-178.8623046875,158.51443481445312,-105.52959442138672,27.57411003112793,-28.63981819152832,4.182180404663086,-35.381168365478516,-13.626678466796875,-10.856377601623535,-21.408863067626953,8.751056671142578,-1.6553059816360474,-11.871615409851074,-18.01959800720215,-19.175559997558594,-3.3751883506774902,-4.14183235168457,-8.42757797241211,-7.867491245269775,-18.9534854888916,0,1,1
187_Aaniraimekkani,463050,474075,0.11406345665454865,0.046320134943181816,2100.516735943817,2257.525759344619,-234.08897399902344,156.82228088378906,-87.06415557861328,36.226932525634766,-8.846114158630371,3.0215516090393066,-31.50263214111328,-13.568700790405273,-17.12453842163086,-23.64142608642578,-6.250593662261963,-6.427131175994873,-18.854421615600586,-19.310293197631836,-10.639018058776855,-0.8982980847358704,-2.7237026691436768,-10.65078353881836,-3.492626428604126,-14.061392784118652,1,1,1
187_Aaniraimekkani,474075,485100,0.0877390131354332,0.02783203125,1826.7810171903823,2361.9771954397524,-290.9259033203125,147.78639221191406,-52.58395004272461,46.96967697143555,22.520814895629883,8.308232307434082,-33.836483001708984,-10.218223571777344,-16.747983932495117,-13.575382232666016,-13.605170249938965,-26.055261611938477,-10.759157180786133,-8.92908763885498,-8.533413887023926,-13.28173828125,0.5153637528419495,-9.770776748657227,-12.022012710571289,-6.871792316436768,1,1,1
187_Aaniraimekkani,485100,496125,0.09525943547487259,0.05337801846590909,2268.9832852221202,2377.026564924156,-259.7207336425781,137.76258850097656,-78.75454711914062,54.9074821472168,16.24765396118164,9.43234634399414,-43.402530670166016,-6.832648754119873,-24.3946590423584,-15.241202354431152,-8.925870895385742,-28.174461364746094,-12.985727310180664,-2.4041833877563477,1.141115665435791,-9.810039520263672,-0.19099467992782593,-11.489664077758789,-5.218205451965332,-11.633084297180176,1,1,1
187_Aaniraimekkani,496125,507150,0.08873419463634491,0.048783735795454544,2443.4185963104287,2640.176026003843,-263.3807373046875,126.16983032226562,-69.5239028930664,64.73041534423828,11.605058670043945,11.932209014892578,-42.08498764038086,1.760568618774414,-14.702500343322754,-28.16765594482422,-12.325565338134766,-28.690507888793945,-19.27874755859375,-0.46262282133102417,-2.9950637817382812,-6.917907238006592,-1.1188310384750366,-11.820428848266602,-4.426474094390869,-14.407812118530273,1,1,1
187_Aaniraimekkani,507150,518175,0.10092511773109436,0.051691228693181816,2252.037285497683,2589.9621141028706,-253.19444274902344,136.30267333984375,-69.78194427490234,49.81745529174805,3.1040077209472656,17.10657501220703,-31.38128662109375,-6.720895767211914,-13.818731307983398,-24.179832458496094,-9.105069160461426,-18.5974178314209,-22.41863250732422,-12.074372291564941,0.7624569535255432,-6.571580410003662,-1.389724612236023,-11.161113739013672,-1.1603922843933105,-14.339611053466797,1,1,1
187_Aaniraimekkani,518175,529200,0.1535779982805252,0.05996981534090909,2677.4929296323357,2746.061643081212,-187.24351501464844,114.02404022216797,-92.26617431640625,61.161800384521484,-7.593090534210205,18.029573440551758,-37.194339752197266,-12.82126522064209,-13.982503890991211,-17.646682739257812,-2.8689522743225098,-23.525043487548828,-27.998634338378906,-9.97164249420166,-1.1409201622009277,-1.4484591484069824,-3.2856321334838867,-15.433999061584473,3.488785743713379,-15.456048011779785,1,1,1
187_Aaniraimekkani,529200,540225,0.17359811067581177,0.05919300426136364,2548.674389609597,2576.625567895619,-187.6484375,115.3575668334961,-98.9380111694336,63.793617248535156,-9.311875343322754,22.778907775878906,-30.380521774291992,-18.659503936767578,-8.984200477600098,-22.16877555847168,4.064493179321289,-22.411191940307617,-25.36567497253418,-7.708714485168457,-2.3269948959350586,4.678908824920654,-13.840860366821289,-16.380706787109375,-6.6073760986328125,-16.53959846496582,1,1,1
187_Aaniraimekkani,540225,551250,0.12703555822372437,0.05260120738636364,2428.056202587798,2413.764767920387,-209.61700439453125,126.6698989868164,-98.77977752685547,47.59764099121094,-3.012760877609253,17.27880096435547,-29.671110153198242,-19.90205955505371,-5.8028788566589355,-11.50893497467041,-0.6334462761878967,-19.090219497680664,-18.80502700805664,-7.0490803718566895,-5.183277130126953,0.9555297493934631,-8.60992431640625,-9.812570571899414,-4.1502156257629395,-15.722248077392578,1,1,1
187_Aaniraimekkani,551250,562275,0.09590769559144974,0.026744495738636364,1760.9650341984686,2352.966645178787,-259.0918273925781,159.72096252441406,-54.44784927368164,40.500247955322266,2.5901594161987305,2.291574239730835,-38.671058654785156,-21.970367431640625,-23.61102294921875,-9.722174644470215,-6.239769458770752,-25.3273868560791,-11.428374290466309,-9.785252571105957,-14.419734954833984,-15.707533836364746,-11.348443031311035,-13.783093452453613,1.4827556610107422,-4.134810924530029,1,1,1
187_Aaniraimekkani,562275,573300,0.08794283121824265,0.029341264204545456,1775.349383323548,2329.2568919583373,-254.03558349609375,168.5737762451172,-55.129981994628906,25.15040397644043,6.260656356811523,10.445357322692871,-46.5380973815918,-22.797761917114258,-24.442699432373047,-10.206521987915039,-3.6427719593048096,-19.982330322265625,-13.754504203796387,-10.178857803344727,-3.682159423828125,-13.955530166625977,-12.406078338623047,-13.470495223999023,-5.248598575592041,-8.69528865814209,1,1,1
187_Aaniraimekkani,573300,584325,0.08703302592039108,0.02301580255681818,1533.2834644441596,2263.648598163611,-272.03302001953125,177.0093231201172,-41.24847412109375,32.484737396240234,2.931361198425293,11.823487281799316,-40.70267105102539,-23.467639923095703,-16.394786834716797,-11.959603309631348,-3.2061448097229004,-19.643007278442383,-12.753802299499512,-9.118653297424316,-8.796350479125977,-17.102256774902344,-17.097179412841797,-14.822330474853516,-3.4010825157165527,-10.082843780517578,1,1,1
187_Aaniraimekkani,584325,595350,0.06849410384893417,0.03255948153409091,1657.0693449745065,2190.747146712906,-287.1543273925781,171.02764892578125,-53.86081314086914,34.396827697753906,6.90501594543457,20.20854949951172,-42.17025375366211,-27.20452117919922,-18.492454528808594,-11.461274147033691,-0.8849219679832458,-16.12868309020996,-12.4918851852417,-7.146122455596924,-5.89506721496582,-14.191547393798828,-18.821699142456055,-17.276235580444336,-1.1843736171722412,-12.702774047851562,1,1,1
187_Aaniraimekkani,595350,606375,0.0577508844435215,0.04163707386363636,1938.9782674919772,2312.2181951605594,-288.06170654296875,168.62440490722656,-66.10282897949219,39.22907638549805,10.54697036743164,25.294639587402344,-44.27774429321289,-20.795103073120117,-14.591660499572754,-7.234879016876221,-6.2836503982543945,-21.45082664489746,-7.403234958648682,0.2849547564983368,-1.1471610069274902,-10.1671781539917,-11.032304763793945,-12.18276309967041,-4.267549991607666,-12.104973793029785,0,1,1
187_Aaniraimekkani,606375,617400,0.0386611670255661,0.026611328125,1595.1973593139237,2242.671189468556,-354.8817443847656,180.09295654296875,-33.04728698730469,30.64178466796875,27.338031768798828,19.03837776184082,-25.12787437438965,-21.48349380493164,-17.92643928527832,-9.79490852355957,1.5195521116256714,-24.214113235473633,-8.81125545501709,3.497537851333618,-7.424484729766846,-5.200228691101074,1.2641323804855347,-4.631552219390869,-10.225637435913086,-9.727057456970215,0,1,1
187_Aaniraimekkani,617400,628425,0.07254871726036072,0.01873224431818182,1465.6646996209806,2294.734860024911,-315.83697509765625,169.46090698242188,-30.83612823486328,36.8933219909668,18.79354476928711,21.76439666748047,-19.59714126586914,-20.612825393676758,-14.028722763061523,-16.477617263793945,-1.2173405885696411,-15.19647216796875,-7.226019382476807,-3.0429842472076416,-9.391067504882812,-2.340315580368042,3.8989222049713135,-5.619515419006348,-13.010066986083984,-6.6855316162109375,0,1,1
187_Aaniraimekkani,628425,639450,0.06529083847999573,0.019886363636363636,1825.5434315489072,2518.588541760752,-318.4887390136719,158.05523681640625,-41.81596374511719,58.34700012207031,20.80142593383789,8.734557151794434,-32.754661560058594,6.034745693206787,0.3412333130836487,-35.56881332397461,-5.887280464172363,-18.249814987182617,-13.761506080627441,3.316688299179077,-10.584671020507812,-17.259653091430664,-1.025389552116394,8.715851783752441,-9.185840606689453,-11.006987571716309,0,1,1
187_Aaniraimekkani,639450,650475,0.07198569178581238,0.015491832386363636,1682.686547513823,2463.9496416622383,-306.4717102050781,161.35025024414062,-44.11650466918945,58.20745849609375,19.431947708129883,16.930349349975586,-26.9591064453125,1.7614967823028564,1.8044794797897339,-22.137531280517578,-0.016358764842152596,-25.47498893737793,-19.621572494506836,-4.230797290802002,-12.371047973632812,-14.166024208068848,-4.692213535308838,10.438526153564453,-4.212069988250732,-10.01412582397461,0,1,1
187_Aaniraimekkani,650475,661500,0.07948773354291916,0.012007279829545454,1625.459902723439,2451.9705107542336,-305.7235412597656,158.75982666015625,-45.20954895019531,56.16873550415039,19.58769416809082,13.27518367767334,-29.8570556640625,2.6496102809906006,-2.126283884048462,-21.347232818603516,0.8336833715438843,-28.989038467407227,-18.78315544128418,-6.533641338348389,-6.158116340637207,-8.264564514160156,3.6607859134674072,15.469562530517578,-4.289949893951416,-7.026587009429932,0,1,1
187_Aaniraimekkani,661500,672525,0.06414102017879486,0.019886363636363636,1637.028170639984,2280.173090206496,-314.2891845703125,168.6541290283203,-50.159385681152344,46.5822868347168,15.855996131896973,9.253192901611328,-26.14575958251953,2.732055902481079,-3.2333970069885254,-16.7283878326416,1.9334594011306763,-23.380643844604492,-18.413894653320312,-7.669504165649414,-11.48366928100586,-9.5800199508667,10.537703514099121,14.028277397155762,-3.495587110519409,-6.875550746917725,0,1,1
187_Aaniraimekkani,672525,683550,0.04062561318278313,0.019620028409090908,1504.7851438396,2160.31407122422,-354.88006591796875,179.19039916992188,-45.72056579589844,34.359710693359375,24.959192276000977,4.48249626159668,-23.96771240234375,-2.76046085357666,-3.1932761669158936,-8.40549373626709,-2.7565784454345703,-27.30418586730957,-23.870946884155273,-22.222759246826172,-23.441251754760742,-5.167664527893066,5.159761905670166,10.151156425476074,1.548412799835205,-14.521178245544434,0,1,1
187_Aaniraimekkani,683550,694575,0.02850726991891861,0.03384676846590909,1513.3236925987285,1928.5328692134144,-382.5933837890625,191.43389892578125,-53.017513275146484,20.713651657104492,13.874990463256836,-5.796805381774902,-24.32219886779785,-3.2753753662109375,-6.300050735473633,-2.79896879196167,-4.501713752746582,-18.448474884033203,-20.017568588256836,-19.34809112548828,-14.091658592224121,-3.626729726791382,4.165234088897705,6.554558277130127,4.657896041870117,-13.898904800415039,0,1,0
187_Aaniraimekkani,694575,705600,0.050629664212465286,0.03673206676136364,1347.1273367835695,1830.1309130792192,-336.6794128417969,200.18035888671875,-46.641780853271484,18.237306594848633,-12.222158432006836,-7.328701972961426,-25.31663703918457,3.0286476612091064,-9.702117919921875,-17.98277473449707,-5.585144519805908,-23.742137908935547,-15.12033748626709,-10.569618225097656,-9.576521873474121,-9.193488121032715,-12.661998748779297,-1.6048827171325684,1.710537314414978,-13.623873710632324,0,1,1
187_Aaniraimekkani,705600,716625,0.044222816824913025,0.03553355823863636,1520.1963134137231,2021.670981570981,-323.27313232421875,191.4643096923828,-51.3357048034668,25.6383113861084,-3.0571794509887695,-2.248985767364502,-20.31293487548828,-13.227646827697754,-20.239328384399414,-21.531557083129883,-6.143764972686768,-17.71729278564453,-8.639762878417969,-10.315364837646484,-18.703453063964844,-9.025548934936523,-9.03951358795166,-4.779548168182373,2.1661157608032227,-16.47515106201172,0,1,0
187_Aaniraimekkani,716625,727650,0.04041391983628273,0.030717329545454544,1779.7765654016914,2340.872927512055,-328.9302062988281,173.06663513183594,-55.66506576538086,43.59386444091797,7.360414028167725,5.052858829498291,-40.367794036865234,-15.81619930267334,-17.421836853027344,-19.9288272857666,-12.3429536819458,-23.18035888671875,-10.619426727294922,-8.98992919921875,-13.227578163146973,-5.672159194946289,-0.9510141611099243,-8.352569580078125,-1.5930052995681763,-8.45016098022461,1,1,0
187_Aaniraimekkani,727650,738675,0.04093174263834953,0.022860440340909092,1544.414556340561,2135.52262429111,-375.3652648925781,174.40234375,-45.19120407104492,28.447404861450195,16.66435432434082,-15.748092651367188,-26.574979782104492,-26.002790451049805,-23.206445693969727,-19.188295364379883,-9.077201843261719,-14.252310752868652,-3.8222556114196777,1.425942301750183,-6.9999799728393555,-3.31746768951416,-4.289685249328613,-2.393437623977661,3.8254473209381104,-3.1412835121154785,1,0,0
187_Aaniraimekkani,738675,749700,0.027926497161388397,0.026522549715909092,1628.3498268139103,2213.1715656491488,-386.4244079589844,179.81739807128906,-42.42057800292969,19.777671813964844,11.9320650100708,-15.527536392211914,-28.646451950073242,-23.852703094482422,-22.90230941772461,-18.95977020263672,-7.089166164398193,-10.743727684020996,-9.124619483947754,-4.334585189819336,-8.226372718811035,-2.5370728969573975,-0.7829695343971252,-5.4662885665893555,1.8949501514434814,0.7320235967636108,1,0,0
187_Aaniraimekkani,749700,760725,0.060521844774484634,0.021706321022727272,1647.4943384154308,2243.0928392671844,-331.3348388671875,168.71815490722656,-53.43120193481445,25.788354873657227,-0.3745996356010437,-9.969836235046387,-20.903831481933594,-22.589427947998047,-26.730928421020508,-27.49896240234375,-6.145570278167725,-14.595154762268066,-8.532418251037598,4.586458683013916,-2.937436819076538,-1.3560181856155396,1.4675906896591187,-1.3395761251449585,1.3992873430252075,-6.140783309936523,1,0,1
187_Aaniraimekkani,760725,771750,0.04632270336151123,0.02197265625,1538.4504743745717,2165.5236652127246,-355.8914794921875,179.08462524414062,-44.10618209838867,20.762481689453125,3.0323569774627686,-12.290127754211426,-15.709768295288086,-17.26811408996582,-25.79034423828125,-27.737049102783203,-13.895049095153809,-15.959329605102539,-4.425937652587891,2.2508933544158936,-1.8007255792617798,1.474524736404419,2.1368391513824463,4.179543495178223,2.1800460815429688,-7.576504707336426,1,0,1
187_Aaniraimekkani,771750,782775,0.115120530128479,0.038285688920454544,1887.5551616313946,2222.395810903227,-246.09263610839844,156.6630859375,-76.428466796875,21.870100021362305,-4.529183864593506,-3.3497602939605713,-23.761167526245117,-15.868121147155762,-26.07386016845703,-30.362022399902344,-9.727128028869629,-4.024850845336914,-4.557659149169922,-8.24743938446045,-16.399965286254883,-12.803829193115234,0.048495445400476456,-6.744422435760498,3.010206699371338,-11.714126586914062,1,1,1
187_Aaniraimekkani,782775,793800,0.10954833030700684,0.027565696022727272,1633.6590722201786,2189.576372166373,-270.0504150390625,159.9877471923828,-54.58644104003906,26.838451385498047,-0.03150463104248047,-11.939992904663086,-17.60309600830078,-4.332466125488281,-24.12841033935547,-34.20626449584961,-15.325211524963379,-14.879103660583496,-15.030651092529297,-2.069730043411255,-6.180424213409424,-15.665706634521484,0.47968223690986633,-6.994296550750732,-1.702404499053955,-12.937331199645996,1,1,1
187_Aaniraimekkani,793800,804825,0.10035796463489532,0.039861505681818184,1946.909962629011,2305.495571739817,-255.01927185058594,157.55723571777344,-74.43196868896484,33.003257751464844,-7.082479476928711,1.9722496271133423,-24.21259117126465,-13.7032470703125,-27.46216583251953,-30.987396240234375,-2.740875720977783,-8.942442893981934,-8.744065284729004,-11.740328788757324,-15.850695610046387,-2.7327234745025635,-1.408714771270752,-11.378110885620117,-5.410000324249268,-17.7055721282959,1,1,1
187_Aaniraimekkani,804825,815850,0.1026819497346878,0.030029296875,1765.5231476682209,2289.1825902639134,-260.81915283203125,162.80287170410156,-62.6041374206543,22.759458541870117,-2.282711982727051,3.498502492904663,-17.797000885009766,-18.589021682739258,-32.81550598144531,-35.34171676635742,-8.845722198486328,-7.3922529220581055,-9.692110061645508,-11.116300582885742,-15.165322303771973,-9.809574127197266,3.964172124862671,-4.245106220245361,-6.718136787414551,-15.568314552307129,1,1,1
187_Aaniraimekkani,815850,826875,0.08058914542198181,0.03331409801136364,1780.2810781607457,2362.0722546120533,-272.72613525390625,170.53225708007812,-56.8997802734375,15.76855182647705,-10.126709938049316,10.374251365661621,-18.33500862121582,-14.5136079788208,-30.596363067626953,-35.97773361206055,-0.96695476770401,-10.002238273620605,-11.660101890563965,-12.214188575744629,-15.457693099975586,-9.886017799377441,-1.7343659400939941,1.9093247652053833,-3.1375539302825928,-20.906557083129883,1,1,1
187_Aaniraimekkani,826875,837900,0.0760662630200386,0.022816051136363636,1511.8054876908043,2266.2945097323613,-304.3905944824219,168.4586639404297,-48.330081939697266,19.545629501342773,-12.934539794921875,7.9325785636901855,-22.36043357849121,-14.064805030822754,-31.864336013793945,-28.327064514160156,-6.886488437652588,-13.931763648986816,-5.405700206756592,-10.956850051879883,-11.116414070129395,-14.413686752319336,-6.0040364265441895,2.5116117000579834,3.329101324081421,-9.454672813415527,1,1,1
187_Aaniraimekkani,837900,848925,0.07385406643152237,0.02197265625,1424.4715702563826,2197.152314432569,-310.8372802734375,164.3640594482422,-43.643680572509766,20.531328201293945,-18.44676399230957,9.808085441589355,-20.96275520324707,-22.26738166809082,-32.58552169799805,-28.126720428466797,-8.43129825592041,-7.453381538391113,-10.1332426071167,-14.333562850952148,-8.007735252380371,-16.746681213378906,-3.804731607437134,2.9053821563720703,-0.9730300307273865,-12.3563232421875,1,1,1
187_Aaniraimekkani,848925,859950,0.061265621334314346,0.024569424715909092,1602.2207273608149,2354.157144357971,-313.58477783203125,167.49102783203125,-40.35062026977539,17.536209106445312,-16.593172073364258,11.4005708694458,-22.947309494018555,-23.40208625793457,-33.65648651123047,-28.090057373046875,-3.959477186203003,-6.6458659172058105,-13.291961669921875,-17.40913963317871,-8.205142974853516,-13.806313514709473,-6.2299418449401855,-0.029031960293650627,-4.2619757652282715,-16.333810806274414,1,1,1
187_Aaniraimekkani,859950,870975,0.05687304586172104,0.03009588068181818,1531.7481426254722,2153.323257613663,-320.9894714355469,179.21588134765625,-45.438743591308594,21.403112411499023,-13.998907089233398,21.203418731689453,-21.716819763183594,-18.860361099243164,-29.631481170654297,-26.700822830200195,-0.1786767989397049,-8.67403507232666,-8.485836029052734,-20.960840225219727,-15.953989028930664,-11.831634521484375,-7.029531478881836,-0.9531913995742798,-3.7794911861419678,-22.09709930419922,0,1,1
187_Aaniraimekkani,870975,882000,0.059228572994470596,0.02971857244318182,1446.9573231470583,2080.6482889009317,-324.2615966796875,185.43931579589844,-47.85771560668945,22.46546745300293,-11.175971031188965,22.47895622253418,-18.76612091064453,-20.58171272277832,-23.26936149597168,-30.74933624267578,-0.6281898021697998,-11.469158172607422,-6.216009616851807,-15.85512924194336,-22.55535316467285,-9.725081443786621,-11.230481147766113,2.151329278945923,-1.7638438940048218,-21.893360137939453,0,1,1
187_Aaniraimekkani,882000,893025,0.04855961725115776,0.017800071022727272,1386.1093031865448,2165.3415642709447,-343.74652099609375,185.98117065429688,-35.71115493774414,32.97865676879883,1.311772346496582,12.966355323791504,-13.259413719177246,-19.908750534057617,-17.504474639892578,-22.64346694946289,-7.853344440460205,-10.414676666259766,-1.962404727935791,-11.982534408569336,-22.078065872192383,-7.174619674682617,0.2549017667770386,-4.288268566131592,-13.41867733001709,-13.217070579528809,0,1,1
187_Aaniraimekkani,893025,904050,0.06370162963867188,0.03136097301136364,1826.822535497695,2530.7261206595226,-276.2725830078125,175.51943969726562,-53.530921936035156,39.10771179199219,-11.59062671661377,20.084810256958008,-20.023906707763672,-17.2319393157959,-27.46771812438965,-20.26692008972168,-1.5517125129699707,-19.128454208374023,4.344542980194092,-3.819894313812256,-14.194611549377441,-5.4553728103637695,-0.011698571033775806,-8.320798873901367,-11.577571868896484,-10.385222434997559,0,1,1
187_Aaniraimekkani,904050,915075,0.0754006952047348,0.05173561789772727,2137.8565786882386,2375.774381534285,-232.92713928222656,176.15469360351562,-85.9810562133789,29.24939727783203,-23.179136276245117,12.174912452697754,-26.397045135498047,-13.781134605407715,-14.400494575500488,-21.09318733215332,4.157678604125977,-4.213442802429199,3.3818185329437256,-9.536131858825684,-20.194475173950195,-2.4331398010253906,2.306180000305176,-9.893723487854004,-13.738759994506836,-14.028057098388672,0,1,1
187_Aaniraimekkani,915075,926100,0.07302867621183395,0.057084517045454544,2075.5978076261817,2161.827977136923,-228.9512176513672,182.3264617919922,-87.78801727294922,22.62342071533203,-15.73101806640625,10.151212692260742,-29.169178009033203,-16.16960906982422,-14.250428199768066,-22.257043838500977,6.197151184082031,-4.5297393798828125,0.1295899748802185,-15.268258094787598,-21.291099548339844,-1.2214182615280151,-0.4235430955886841,-9.562758445739746,-11.13760757446289,-12.133306503295898,0,1,1
187_Aaniraimekkani,926100,937125,0.08610159158706665,0.056574041193181816,1971.7255786545256,2035.8242105235443,-231.01817321777344,186.30352783203125,-88.17121124267578,15.6996431350708,-12.001816749572754,4.243635177612305,-33.48939514160156,-16.273588180541992,-21.850217819213867,-22.648454666137695,-1.4688159227371216,-1.1065905094146729,-6.8745622634887695,-25.2847957611084,-26.4093074798584,-6.672342300415039,-5.8413405418396,-16.341596603393555,-1.6566131114959717,-15.230746269226074,1,1,1
187_Aaniraimekkani,937125,948150,0.08972292393445969,0.044389204545454544,1959.5424688788355,2381.3664642708873,-251.58514404296875,165.10719299316406,-67.40457153320312,26.970558166503906,-16.783037185668945,8.01027774810791,-34.5039176940918,-10.264089584350586,-23.076696395874023,-34.06260681152344,0.2964915335178375,-5.312793254852295,-19.87855339050293,-22.342470169067383,-19.855024337768555,-4.449817657470703,-4.685208320617676,-9.746570587158203,8.157209396362305,-17.917442321777344,1,1,1
187_Aaniraimekkani,948150,959175,0.07281052321195602,0.035111860795454544,1826.0346562852378,2396.75508912138,-274.9681701660156,172.1080322265625,-56.00580978393555,22.498567581176758,-15.336052894592285,4.960729122161865,-27.704803466796875,-10.156624794006348,-14.51077938079834,-21.715431213378906,-8.411296844482422,-17.52768325805664,-17.500581741333008,-19.252290725708008,-18.257043838500977,-8.810851097106934,2.9619240760803223,-3.568551540374756,0.5954649448394775,-15.422772407531738,1,1,1
187_Aaniraimekkani,959175,970200,0.08083725720643997,0.03562233664772727,1789.3659540004237,2270.9535460502952,-269.1586608886719,163.7655029296875,-64.99032592773438,26.605785369873047,-2.901103973388672,13.609752655029297,-36.84370422363281,-20.980594635009766,-20.818681716918945,-27.897737503051758,-6.9152936935424805,-18.369783401489258,-18.148193359375,-19.611473083496094,-15.3068265914917,1.2793196439743042,1.8159191608428955,-11.408783912658691,0.9315578937530518,-12.882711410522461,1,1,1
187_Aaniraimekkani,970200,981225,0.08670654892921448,0.028653231534090908,1827.3012880040508,2175.104792824303,-285.0565490722656,152.90870666503906,-69.77770233154297,27.962427139282227,19.70354652404785,4.366116523742676,-33.83785629272461,-15.6748685836792,-20.961585998535156,-11.62596321105957,-4.857034206390381,-29.333528518676758,-12.234426498413086,-13.408928871154785,-16.583274841308594,-7.4463701248168945,-1.7518630027770996,-10.305323600769043,-4.568793773651123,-9.211169242858887,1,1,1
187_Aaniraimekkani,981225,992250,0.08973868936300278,0.040327592329545456,1894.7805606701927,2235.180795255553,-287.6878967285156,145.78598022460938,-65.6800537109375,32.291568756103516,27.004560470581055,3.147833824157715,-37.97323226928711,-8.405272483825684,-8.853189468383789,-11.230798721313477,-5.269291877746582,-31.110105514526367,-17.284780502319336,-11.794198036193848,-16.647920608520508,-10.163146018981934,-4.444388389587402,-8.14017391204834,-5.145453929901123,-13.639004707336426,1,1,1
187_Aaniraimekkani,992250,1003275,0.12002835422754288,0.047540838068181816,1898.6468409223737,2223.3705813343313,-249.7138214111328,149.04649353027344,-73.51306915283203,22.232786178588867,3.2489852905273438,5.514846324920654,-39.26115417480469,-11.884016990661621,-17.06907844543457,-29.206357955932617,1.0569905042648315,-7.586643695831299,-17.786256790161133,-25.938793182373047,-22.771848678588867,-1.0374913215637207,-4.664633750915527,-13.742244720458984,1.1315034627914429,-14.721578598022461,1,1,1
187_Aaniraimekkani,1003275,1014300,0.12263409793376923,0.049072265625,1932.5374136879645,2031.3814595632355,-240.0082550048828,155.56777954101562,-90.06393432617188,22.585731506347656,2.134178876876831,-4.7709269523620605,-40.306575775146484,-14.988067626953125,-19.00724983215332,-24.402753829956055,1.5342024564743042,-6.7675557136535645,-13.258757591247559,-23.466371536254883,-18.5755672454834,5.687135219573975,-7.1374616622924805,-16.353181838989258,-0.9859685897827148,-15.02097225189209,1,1,1
187_Aaniraimekkani,1014300,1025325,0.11073540896177292,0.05355557528409091,2052.7154830272575,2134.452561778414,-239.89707946777344,153.46255493164062,-90.22899627685547,25.489288330078125,4.0803446769714355,-3.6555116176605225,-41.64736557006836,-15.617386817932129,-21.16083526611328,-20.859922409057617,-1.2989901304244995,-8.292135238647461,-11.106626510620117,-21.799049377441406,-16.19424057006836,4.618614673614502,-9.200201034545898,-18.82815933227539,-0.19847582280635834,-11.443328857421875,1,1,1
187_Aaniraimekkani,1025325,1036350,0.12612761557102203,0.05495383522727273,1992.1549096705087,2089.6363210605227,-226.18618774414062,156.61659240722656,-90.04147338867188,21.339004516601562,-0.8893386721611023,0.6840381026268005,-39.95421600341797,-21.0371150970459,-12.712451934814453,-17.025468826293945,2.6905784606933594,-4.962599277496338,-14.835689544677734,-23.6146240234375,-19.978389739990234,2.223130226135254,-7.032392978668213,-17.065998077392578,-1.830816626548767,-10.555290222167969,1,1,1
187_Aaniraimekkani,1036350,1047375,0.09394922107458115,0.03835227272727273,1987.1109672642176,2351.526724996417,-227.49151611328125,166.54776000976562,-73.09893798828125,21.134130477905273,-15.887198448181152,3.913492441177368,-45.69477462768555,-21.898460388183594,-26.381135940551758,-11.669254302978516,-2.3605217933654785,-13.057256698608398,-9.368307113647461,-22.839826583862305,-15.057028770446777,-2.8691604137420654,-7.095097541809082,-22.615324020385742,-6.1036152839660645,-6.571977138519287,1,1,1
187_Aaniraimekkani,1047375,1058400,0.11265604943037033,0.04074928977272727,1906.9197557356363,2141.028270762471,-219.66639709472656,178.70318603515625,-74.45044708251953,4.466126441955566,3.0844993591308594,-0.092185378074646,-43.44084548950195,-17.577930450439453,-19.06647491455078,-21.82158088684082,-2.8534162044525146,-3.446507215499878,-16.526363372802734,-25.60002326965332,-15.929055213928223,-3.1960413455963135,-11.35881519317627,-20.72555160522461,-7.0087890625,-15.078968048095703,1,1,1
187_Aaniraimekkani,1058400,1069425,0.08136102557182312,0.031294389204545456,1758.5778936042755,2222.275231408522,-256.98614501953125,179.09152221679688,-62.168113708496094,12.918753623962402,-12.317116737365723,3.0148351192474365,-36.06761169433594,-24.09723472595215,-14.943045616149902,-16.534645080566406,-4.2136077880859375,-2.165205478668213,-15.745078086853027,-24.156644821166992,-16.87086296081543,-4.964936256408691,-10.551349639892578,-23.545927047729492,-3.2894675731658936,-14.123880386352539,1,1,1
187_Aaniraimekkani,1069425,1080450,0.07640387117862701,0.02947443181818182,1644.1763828723736,2244.87167080698,-293.2605895996094,165.10421752929688,-53.60932922363281,28.316625595092773,-9.301872253417969,2.540989398956299,-32.87498474121094,-25.90985107421875,-17.5279483795166,-22.9439697265625,-9.636643409729004,-13.784719467163086,-5.2549147605896,-23.6424560546875,-12.365575790405273,5.439484119415283,-15.475378036499023,-14.23348617553711,-3.075296640396118,-2.864420175552368,1,1,1
187_Aaniraimekkani,1080450,1091475,0.07308971881866455,0.05746182528409091,1879.2371532276788,2260.1573632078857,-283.0568542480469,161.86734008789062,-70.55833435058594,36.00075912475586,-13.702170372009277,11.084842681884766,-32.218360900878906,-23.061058044433594,-12.805571556091309,-29.250316619873047,-11.56869125366211,-3.2026708126068115,-11.051401138305664,-21.570369720458984,-8.113826751708984,4.668008327484131,-2.7264649868011475,-9.524046897888184,1.1523034572601318,-6.794421195983887,1,1,1
187_Aaniraimekkani,1091475,1102500,0.07324086874723434,0.058771306818181816,2090.7495759123867,2386.4146678762536,-270.9385986328125,151.17303466796875,-75.25062561035156,33.92019271850586,-6.10293436050415,6.83946418762207,-33.58256530761719,-23.876466751098633,-14.192041397094727,-26.20121955871582,-4.945832252502441,-7.144266128540039,-12.411883354187012,-22.26673698425293,-10.2122163772583,6.677305698394775,-5.046115398406982,-13.361074447631836,-0.031111685559153557,-2.307492256164551,1,1,1
187_Aaniraimekkani,1102500,1113525,0.07821983844041824,0.04969371448863636,2082.1600988044634,2329.278242960167,-264.2032470703125,148.06370544433594,-78.45777130126953,33.702205657958984,1.5015076398849487,4.684157848358154,-32.27006530761719,-26.358278274536133,-9.785226821899414,-20.674304962158203,-8.549732208251953,-14.384759902954102,-18.714111328125,-18.527767181396484,-8.018982887268066,5.63951301574707,-7.747935771942139,-12.920620918273926,3.154632568359375,-5.839184284210205,1,1,1
187_Aaniraimekkani,1113525,1124550,0.07360035181045532,0.01837713068181818,1632.1725565260917,2174.215947719644,-333.2698974609375,148.71429443359375,-57.15908432006836,44.36398696899414,30.68060874938965,-8.244468688964844,-27.348125457763672,-13.154571533203125,-6.902918815612793,-11.479379653930664,-7.809471607208252,-20.113243103027344,-24.859943389892578,-23.28632926940918,-11.868557929992676,-7.599621295928955,-13.099369049072266,-5.631367206573486,4.206910133361816,-5.116747856140137,1,1,1
187_Aaniraimekkani,1124550,1135575,0.06043267622590065,0.024280894886363636,1737.4131772551375,2298.7401482176288,-352.4144592285156,144.8339385986328,-55.269290924072266,34.12184524536133,29.849023818969727,-7.835096836090088,-28.08478355407715,-14.169663429260254,-7.926335334777832,-9.592944145202637,-3.3989946842193604,-12.850128173828125,-19.99062156677246,-15.75814151763916,-5.938221454620361,-11.107551574707031,-17.352991104125977,-7.044653415679932,3.5289552211761475,-10.497684478759766,1,0,1
187_Aaniraimekkani,1135575,1146600,0.06482874602079391,0.018665660511363636,1565.107655365304,2193.489500086293,-330.9613952636719,164.5668182373047,-47.98724365234375,28.155336380004883,14.78961181640625,-14.7130708694458,-26.78724479675293,-12.144959449768066,-10.81179141998291,-18.77010154724121,-12.036596298217773,-15.769379615783691,-15.276532173156738,-7.128243923187256,-3.6842100620269775,-13.1578950881958,-18.48404312133789,-5.5694708824157715,3.4373443126678467,-10.537985801696777,1,0,1
187_Aaniraimekkani,1146600,1157625,0.07965928316116333,0.014759410511363636,1583.1382447289884,2197.5904868933503,-316.9192199707031,158.7248992919922,-52.585933685302734,44.43714904785156,18.7769718170166,-17.465883255004883,-24.944923400878906,-18.160429000854492,-17.84767723083496,-14.483420372009277,-4.505910873413086,-9.251008987426758,-18.617258071899414,-14.027922630310059,-3.35506272315979,-12.852150917053223,-19.41925811767578,-13.817760467529297,-1.0528082847595215,-11.292450904846191,1,0,1
187_Aaniraimekkani,1157625,1168650,0.05325824022293091,0.029585404829545456,1686.8976053894767,2054.8719108783307,-322.8319396972656,173.57090759277344,-66.548828125,37.405025482177734,5.075554370880127,-21.753477096557617,-23.70696449279785,-16.11607551574707,-21.418933868408203,-16.085189819335938,-8.972189903259277,-10.36019229888916,-13.592594146728516,-8.675042152404785,0.22098441421985626,-11.982449531555176,-14.990900039672852,-11.10745620727539,1.011643648147583,-8.992905616760254,1,0,1
187_Aaniraimekkani,1168650,1179675,0.05603395402431488,0.02618963068181818,1714.4487761986516,2095.2550590852716,-325.99432373046875,172.22222900390625,-65.80224609375,35.17393493652344,4.94130277633667,-19.814653396606445,-19.980314254760742,-11.573002815246582,-14.622025489807129,-15.021289825439453,-8.102592468261719,-14.173285484313965,-19.095178604125977,-10.168806076049805,-1.2986904382705688,-14.553043365478516,-19.787525177001953,-12.281249046325684,-0.1876039057970047,-13.265408515930176,1,0,1
187_Aaniraimekkani,1179675,1190700,0.05893612280488014,0.019242720170454544,1495.897951677934,2105.0992655613913,-349.9937438964844,170.87049865722656,-44.84319305419922,38.339603424072266,19.338335037231445,-24.4219970703125,-33.213809967041016,-20.513437271118164,-19.036439895629883,-14.337299346923828,-0.41062700748443604,-11.245789527893066,-19.446121215820312,-11.78915023803711,-2.3179702758789062,-11.605459213256836,-23.510683059692383,-12.402645111083984,2.8233835697174072,-6.4053635597229,1,0,1
187_Aaniraimekkani,1190700,1201725,0.06447429209947586,0.03207120028409091,1720.6548866459948,2288.291560288952,-306.9986572265625,168.70799255371094,-51.68287658691406,19.552019119262695,-9.093520164489746,-8.886298179626465,-28.418170928955078,-13.505666732788086,-22.004884719848633,-28.26786994934082,-5.68721342086792,-4.94992208480835,-13.159317016601562,-14.618429183959961,-15.589227676391602,-6.872021198272705,-7.323176383972168,-8.9784574508667,5.474432945251465,-16.219018936157227,1,1,1
187_Aaniraimekkani,1201725,1212750,0.12610727548599243,0.06392045454545454,2175.0640172443927,2373.4342918041584,-228.50381469726562,150.01895141601562,-82.52547454833984,13.158939361572266,-27.47804069519043,7.7617692947387695,-30.461719512939453,-14.466164588928223,-18.865907669067383,-32.0931396484375,-4.663846015930176,1.1675413846969604,-6.6104736328125,-23.788915634155273,-29.330791473388672,5.679069519042969,4.738725662231445,-13.054580688476562,5.21879243850708,-12.488965034484863,1,1,1
187_Aaniraimekkani,1212750,1223775,0.10948994755744934,0.05359996448863636,2277.2211523857563,2290.1327047097766,-214.08169555664062,154.45619201660156,-98.1777572631836,27.361351013183594,-21.50147247314453,0.7076624631881714,-35.900550842285156,-21.91510772705078,-13.814902305603027,-19.455984115600586,-1.8747426271438599,-6.357406139373779,-9.39790153503418,-18.458322525024414,-19.929706573486328,1.530298113822937,-4.009056568145752,-20.109779357910156,-1.4594184160232544,-7.7064924240112305,1,1,1
187_Aaniraimekkani,1223775,1234800,0.08609941601753235,0.03775301846590909,2001.9342266018512,2242.4990592732333,-270.1632385253906,153.67193603515625,-73.79613494873047,59.60478591918945,9.80233097076416,2.392148733139038,-39.23796844482422,-22.714597702026367,-5.8887038230896,-18.889421463012695,-7.221359729766846,-24.434497833251953,-16.733015060424805,-7.300359725952148,-17.466341018676758,-7.554748058319092,-7.148620128631592,-10.071142196655273,-6.093320846557617,-8.751057624816895,1,1,1
187_Aaniraimekkani,1234800,1245825,0.09525585919618607,0.039728338068181816,2047.5884725786025,2298.3273001463745,-269.01434326171875,143.76751708984375,-75.78750610351562,53.81608581542969,13.912405014038086,-2.0778555870056152,-41.16250228881836,-20.546302795410156,-17.73920440673828,-18.057235717773438,-6.580528259277344,-29.8284969329834,-22.46478843688965,-7.248791217803955,-12.291104316711426,-0.7006025910377502,1.5291800498962402,-7.142721652984619,-3.560039520263672,-10.838906288146973,1,1,1
187_Aaniraimekkani,1245825,1256850,0.06617054343223572,0.026389382102272728,1693.2675261122129,2285.6218838885247,-309.6726379394531,162.267822265625,-53.377342224121094,28.918134689331055,12.881089210510254,2.482792377471924,-33.58355712890625,-15.45186996459961,-34.918495178222656,-19.39368438720703,-13.884775161743164,-28.631555557250977,-15.87405776977539,-11.711962699890137,-11.13311767578125,-7.757453441619873,-0.4039730131626129,-19.600358963012695,-11.56235122680664,-8.695796966552734,1,1,1
187_Aaniraimekkani,1256850,1267875,0.07758823037147522,0.02887517755681818,1984.6330018026472,2549.4523784839917,-281.78558349609375,153.55772399902344,-57.055641174316406,41.03237533569336,20.57232666015625,14.853470802307129,-44.512203216552734,-12.889742851257324,-9.147192001342773,-14.385210990905762,-17.549318313598633,-31.811357498168945,-20.107500076293945,-7.846914768218994,-2.4947690963745117,-11.13602066040039,-8.208740234375,-2.851861000061035,-1.8575206995010376,-11.363030433654785,0,1,1
187_Aaniraimekkani,1267875,1278900,0.07430129498243332,0.028164950284090908,2188.537704839015,2590.9946763345265,-279.4538269042969,149.56825256347656,-63.88017272949219,55.914859771728516,26.33727264404297,18.42399787902832,-37.13770294189453,-8.198697090148926,-4.455448627471924,-22.31004524230957,-5.19569730758667,-31.87769889831543,-21.727001190185547,-8.125088691711426,-6.836563587188721,-11.678918838500977,-14.447449684143066,-1.7410656213760376,-9.309470176696777,-5.012481689453125,0,1,1
187_Aaniraimekkani,1278900,1289925,0.06187226623296738,0.028764204545454544,1842.6811620564172,2351.1097819854185,-325.9921569824219,162.8103485107422,-50.2282829284668,38.85780334472656,25.065568923950195,11.670404434204102,-29.47368049621582,-1.9744713306427002,-7.621031284332275,-30.56537437438965,-6.5639801025390625,-19.40601348876953,-16.978879928588867,-2.4657087326049805,-7.6007080078125,-14.200603485107422,-3.990004539489746,6.759082317352295,-11.650647163391113,-13.080382347106934,0,1,1
187_Aaniraimekkani,1289925,1300950,0.06106281653046608,0.022705078125,1430.7983901415407,2288.083427305785,-342.3641052246094,168.18789672851562,-28.5471248626709,30.577198028564453,12.202025413513184,14.632109642028809,-30.47624969482422,-14.59875202178955,-12.710674285888672,-17.029022216796875,-7.32859992980957,-16.919246673583984,-14.889827728271484,-9.116863250732422,-9.40307903289795,-14.53707218170166,-9.230827331542969,-16.948762893676758,-5.158858776092529,-8.524338722229004,0,1,1
187_Aaniraimekkani,1300950,1311975,0.06960152834653854,0.03799715909090909,2041.1574298695334,2554.7435606386903,-282.5602722167969,148.43515014648438,-62.4967041015625,40.34022903442383,-3.0119211673736572,22.057353973388672,-53.34759521484375,-26.54364013671875,-15.781164169311523,-15.086252212524414,-2.387906312942505,-15.907357215881348,-13.818639755249023,-9.51035213470459,-5.635185718536377,-11.328070640563965,-14.3898344039917,-18.505128860473633,9.396309852600098,-10.259384155273438,1,1,1
187_Aaniraimekkani,1311975,1323000,0.08309438824653625,0.042791193181818184,2029.6004747091827,2274.3167471659776,-235.38314819335938,172.07754516601562,-77.96878814697266,23.60963249206543,0.7591273784637451,15.170080184936523,-48.629905700683594,-21.93431854248047,-19.701723098754883,-21.717592239379883,-1.3279746770858765,-12.34017562866211,-10.640035629272461,-2.506192922592163,-4.117098331451416,-7.389979362487793,-13.934060096740723,-18.89383888244629,-2.3481533527374268,-13.86757755279541,1,1,1
187_Aaniraimekkani,1323000,1334025,0.10333428531885147,0.019686612215909092,1482.7174431508558,2231.6288973588694,-276.9216613769531,167.79844665527344,-43.41792297363281,34.46580505371094,-1.6384984254837036,-2.1898508071899414,-41.877872467041016,-24.464122772216797,-19.922033309936523,-22.80430793762207,-6.398920059204102,-22.283897399902344,-10.080504417419434,-6.906890392303467,-12.442174911499023,-6.625382900238037,-8.063408851623535,-13.810242652893066,0.640582799911499,-7.089880466461182,1,1,1
187_Aaniraimekkani,1334025,1345050,0.09536362439393997,0.02605646306818182,1758.245538625434,2381.2435766306326,-262.6727294921875,156.8782958984375,-56.65536117553711,34.209815979003906,-5.565690517425537,10.870833396911621,-43.641971588134766,-26.746376037597656,-18.049720764160156,-16.113847732543945,-7.730890274047852,-21.851118087768555,-8.892109870910645,-7.1712646484375,-10.293036460876465,-13.047100067138672,-12.485568046569824,-16.465848922729492,2.371424436569214,-7.739475727081299,1,1,1
187_Aaniraimekkani,1345050,1356075,0.07927893847227097,0.03708718039772727,1890.492162496465,2496.2815620822857,-264.0541687011719,162.54110717773438,-59.14301681518555,28.65852165222168,-10.074615478515625,12.420910835266113,-48.338783264160156,-23.277666091918945,-23.13473129272461,-17.19305992126465,-3.7488934993743896,-18.426225662231445,-12.060115814208984,-9.667484283447266,-5.67369270324707,-9.446505546569824,-13.390917778015137,-15.693421363830566,2.216295003890991,-11.846264839172363,0,1,1
187_Aaniraimekkani,1356075,1367100,0.07470455020666122,0.024525035511363636,1819.3247076168145,2628.40904922519,-287.6187744140625,153.27203369140625,-46.710514068603516,24.964275360107422,-10.646533012390137,1.0132075548171997,-45.1967887878418,-13.212113380432129,-26.552019119262695,-20.987396240234375,-8.707551956176758,-23.829042434692383,-13.539132118225098,-13.872858047485352,-8.218321800231934,-7.6825971603393555,-5.836955547332764,-16.559362411499023,-0.9332685470581055,-4.785336017608643,0,1,1
187_Aaniraimekkani,1367100,1378125,0.08622156828641891,0.033868963068181816,2000.8303124787649,2659.721687232498,-248.35165405273438,159.497802734375,-55.642330169677734,23.146881103515625,-3.8136870861053467,12.133880615234375,-49.96467590332031,-16.25794792175293,-18.964284896850586,-20.583295822143555,-10.277074813842773,-25.617393493652344,-11.152644157409668,-9.827803611755371,-6.417932033538818,-7.688183307647705,-13.32387924194336,-17.72187042236328,0.02505936473608017,-9.368326187133789,1,1,1
187_Aaniraimekkani,1378125,1389150,0.08809474855661392,0.048051313920454544,1936.1287050084816,2382.730678770722,-251.91864013671875,165.54818725585938,-71.60977935791016,34.339603424072266,10.132160186767578,12.892953872680664,-53.21583557128906,-20.168437957763672,-21.41211700439453,-17.696922302246094,-9.633782386779785,-23.00961685180664,-12.410904884338379,-10.713663101196289,-5.8597092628479,-12.848355293273926,-14.206086158752441,-21.493528366088867,-1.9033150672912598,-12.78891372680664,1,1,1
187_Aaniraimekkani,1389150,1400175,0.09300950169563293,0.048517400568181816,2041.523963078536,2357.916594533786,-248.11106872558594,159.25563049316406,-80.7699966430664,35.463558197021484,9.004434585571289,17.348827362060547,-51.028907775878906,-16.908071517944336,-16.610605239868164,-15.376049041748047,-4.590505123138428,-19.38227653503418,-10.122698783874512,-11.447162628173828,-8.610623359680176,-7.415061950683594,-12.519414901733398,-22.915924072265625,1.1747387647628784,-13.243595123291016,1,1,1
187_Aaniraimekkani,1400175,1411200,0.08070541173219681,0.044677734375,2014.542360814117,2297.0892130760926,-255.89134216308594,164.5105438232422,-73.10336303710938,38.86713409423828,11.071477890014648,16.726425170898438,-49.17805099487305,-16.48706817626953,-9.43163013458252,-12.889660835266113,-8.589077949523926,-32.83919143676758,-8.063199043273926,-6.868361949920654,-8.887984275817871,-7.246782302856445,-8.404413223266602,-7.581289291381836,-4.284682750701904,-9.863826751708984,1,1,1
187_Aaniraimekkani,1411200,1422225,0.05966055393218994,0.03271484375,1806.6256328258773,2262.0237013033984,-288.4184875488281,177.24412536621094,-62.737525939941406,32.68562698364258,11.662829399108887,14.907501220703125,-32.568477630615234,-20.427688598632812,-14.878240585327148,-10.242048263549805,-0.9761354327201843,-26.358055114746094,-10.273991584777832,-5.936395168304443,-6.937034606933594,-1.8158354759216309,-3.719404458999634,-6.011209487915039,-3.2525527477264404,-7.97312593460083,1,1,1
187_Aaniraimekkani,1422225,1433250,0.07644984871149063,0.036931818181818184,1998.5118385887015,2384.1100907950004,-252.24502563476562,167.71022033691406,-70.63287353515625,44.21261215209961,7.7580766677856445,12.244686126708984,-35.418827056884766,-20.967029571533203,-20.081607818603516,-18.5135498046875,-7.332706928253174,-22.297157287597656,-12.356051445007324,-4.852450847625732,-4.458193778991699,-2.7458815574645996,-3.4285669326782227,-11.40529727935791,-4.99556303024292,-9.669750213623047,1,1,1
187_Aaniraimekkani,1433250,1444275,0.07622172683477402,0.02898615056818182,1999.3277450728813,2465.1137663083223,-269.0074462890625,158.16339111328125,-57.972679138183594,52.6476936340332,18.443605422973633,7.1670732498168945,-39.46858215332031,-2.8502988815307617,-12.948226928710938,-24.88886833190918,-7.951422214508057,-19.539186477661133,-14.19045352935791,-14.510721206665039,-14.553406715393066,-14.415353775024414,-7.216154098510742,-4.7558274269104,-6.376039028167725,-14.906447410583496,1,1,1
187_Aaniraimekkani,1444275,1455300,0.08408457785844803,0.04971590909090909,2676.691081061491,2639.4148486026606,-233.03770446777344,134.88963317871094,-75.79473114013672,64.19556427001953,13.385069847106934,1.9928637742996216,-52.145545959472656,-12.387381553649902,-17.181276321411133,-19.496644973754883,-11.067801475524902,-19.512046813964844,-19.391040802001953,-7.30718994140625,-11.673676490783691,-11.42977523803711,-5.4654011726379395,-9.674903869628906,-0.5843523740768433,-16.014829635620117,0,1,1
187_Aaniraimekkani,1455300,1466325,0.07482544332742691,0.03402432528409091,2177.7629291469902,2561.321032342101,-277.8594970703125,143.02748107910156,-55.98916244506836,53.376060485839844,9.135772705078125,0.23001410067081451,-41.31376647949219,-16.982135772705078,-23.389606475830078,-12.76474666595459,-10.302886009216309,-24.01329231262207,-12.033824920654297,-9.053114891052246,-8.74203109741211,-9.544251441955566,-6.064972400665283,-9.93655776977539,4.298628330230713,-3.4704771041870117,0,1,1
187_Aaniraimekkani,1466325,1477350,0.08097030967473984,0.02716619318181818,2038.0902636905134,2534.4070082999187,-291.3380126953125,138.50770568847656,-51.424156188964844,44.565677642822266,12.190082550048828,-1.657841444015503,-49.45869064331055,-19.81598663330078,-25.40717315673828,-8.889510154724121,-4.049105644226074,-31.94330406188965,-18.860654830932617,-10.840163230895996,-8.860997200012207,-10.644121170043945,-8.087021827697754,-14.998106956481934,3.2661445140838623,1.0347172021865845,0,1,1
187_Aaniraimekkani,1477350,1488375,0.06375738233327866,0.027787642045454544,2052.865344432935,2657.8017272490847,-315.4270324707031,135.61915588378906,-48.733741760253906,51.18939208984375,14.3941068649292,1.015494465827942,-48.9036979675293,-18.410118103027344,-11.24587631225586,-19.179706573486328,-8.661416053771973,-28.111608505249023,-13.912282943725586,-10.50183391571045,-15.013344764709473,-14.257781028747559,-6.789851665496826,-13.916892051696777,-8.052809715270996,3.32330322265625,0,1,1
187_Aaniraimekkani,1488375,1499400,0.08166822046041489,0.03702059659090909,2106.162662699154,2443.476682421831,-286.7479248046875,138.96218872070312,-71.48464965820312,51.77618408203125,16.07364273071289,-6.563793659210205,-38.85270690917969,-9.64932918548584,-21.26498031616211,-22.58971405029297,-7.2946367263793945,-25.7319393157959,-19.116863250732422,-10.618123054504395,-11.340319633483887,-13.885852813720703,-4.877054214477539,-18.53461456298828,-11.090632438659668,-3.9898154735565186,1,1,1
187_Aaniraimekkani,1499400,1510425,0.06538928300142288,0.028453480113636364,1970.13944295438,2351.5592012327925,-309.7159423828125,149.06346130371094,-62.17325210571289,36.01661682128906,15.813909530639648,-6.425071716308594,-37.104854583740234,0.6395252346992493,-16.156293869018555,-28.981225967407227,-11.923712730407715,-27.824790954589844,-17.124147415161133,-10.973210334777832,-16.465843200683594,-13.83096981048584,-7.914045810699463,-8.456892967224121,-5.511098384857178,-10.857451438903809,1,1,1
187_Aaniraimekkani,1510425,1521450,0.10169471055269241,0.043656782670454544,1774.1972863221963,2153.5828777588754,-272.1545715332031,170.22181701660156,-59.33160400390625,22.621620178222656,-4.327752113342285,-21.158422470092773,-30.937707901000977,13.661591529846191,-12.14443302154541,-31.1878604888916,-16.2166805267334,-20.882287979125977,-18.00920295715332,-5.342887878417969,3.05619740486145,-5.787010669708252,-3.767427921295166,-11.075634956359863,-0.5425736904144287,-12.279705047607422,1,1,1
187_Aaniraimekkani,1521450,1532475,0.11862452328205109,0.03761985085227273,1880.7972867918018,2281.1017880417153,-248.72885131835938,153.3535614013672,-73.11479949951172,38.620635986328125,-1.2487766742706299,-10.36746883392334,-21.51459503173828,-2.65743350982666,-23.73828125,-36.03544616699219,-18.115049362182617,-12.003018379211426,-13.662668228149414,-12.558274269104004,-11.708390235900879,-8.299393653869629,-6.920156955718994,-12.432144165039062,-2.2465124130249023,-15.537786483764648,1,1,1
187_Aaniraimekkani,1532475,1543500,0.0871739462018013,0.049982244318181816,2156.5209384744226,2268.4011518872685,-270.0316162109375,146.875244140625,-78.24795532226562,45.29062271118164,27.9296875,-0.5331737995147705,-35.47891616821289,-9.549809455871582,-15.349222183227539,-19.01844596862793,-11.351996421813965,-26.94828987121582,-17.52499771118164,-10.292346000671387,-4.633455753326416,-11.428586959838867,-10.264249801635742,-5.166793346405029,-0.7295970916748047,-7.90294075012207,1,1,1
187_Aaniraimekkani,1543500,1554525,0.06446707248687744,0.025545987215909092,1671.4106519662864,2172.015100323153,-312.2112121582031,168.00425720214844,-54.746337890625,30.618467330932617,22.275508880615234,-8.756478309631348,-21.802370071411133,-6.857487201690674,-10.39649486541748,-16.536582946777344,-8.767264366149902,-18.806917190551758,-17.895654678344727,-15.773428916931152,-9.231483459472656,-5.024940013885498,-7.782351493835449,-5.294037818908691,0.14628484845161438,-2.6315295696258545,1,1,1
187_Aaniraimekkani,1554525,1565550,0.06957446783781052,0.020596590909090908,1616.3817224389365,2184.4912793898707,-324.4432067871094,162.11740112304688,-53.64702224731445,32.72016906738281,10.27463436126709,-10.568476676940918,-19.725542068481445,-12.288772583007812,-9.768105506896973,-16.962051391601562,-1.8513656854629517,-22.071168899536133,-29.02564811706543,-12.836138725280762,-5.9070143699646,-5.841029167175293,-11.571924209594727,-5.966146469116211,0.27009615302085876,-9.139494895935059,1,0,1
187_Aaniraimekkani,1565550,1576575,0.04536163806915283,0.02556818181818182,2152.0483393390805,2608.503836301212,-308.0796203613281,153.84503173828125,-67.69750213623047,38.899776458740234,-5.804668426513672,13.078438758850098,-15.083669662475586,7.182925701141357,-3.8490488529205322,-12.281253814697266,-0.5917194485664368,-14.418773651123047,-16.48107147216797,-9.715688705444336,-2.5569303035736084,-14.197588920593262,-6.788145065307617,-9.525228500366211,-3.9304213523864746,-12.394339561462402,1,0,1
187_Aaniraimekkani,1576575,1587600,0.05757341533899307,0.03429066051136364,2077.681461436914,2591.3941757855396,-288.8859558105469,164.83836364746094,-48.512245178222656,27.18647003173828,-7.537907600402832,8.491965293884277,-16.482070922851562,4.595661163330078,-2.254953145980835,-23.776771545410156,-8.382538795471191,-10.875057220458984,-7.696862697601318,-7.169861316680908,-10.567756652832031,-2.480912685394287,-6.865136623382568,-10.126102447509766,3.4166245460510254,-12.4273681640625,1,1,1
187_Aaniraimekkani,1587600,1598625,0.12838734686374664,0.05457652698863636,2335.4316838514546,2518.294899224803,-205.22308349609375,145.9813232421875,-78.47981262207031,31.865934371948242,-2.1908316612243652,7.231131076812744,-29.141223907470703,-12.905165672302246,-26.703227996826172,-21.139087677001953,-5.116580486297607,-6.922675609588623,-9.659297943115234,-10.137641906738281,-13.564774513244629,-8.263725280761719,0.8990150094032288,-13.953179359436035,-7.21827507019043,-26.366992950439453,1,1,1
187_Aaniraimekkani,1598625,1609650,0.11580805480480194,0.04623135653409091,2172.822788841355,2544.8396256184187,-230.57537841796875,146.64749145507812,-67.73463439941406,33.94914245605469,-18.10399055480957,1.4280775785446167,-29.023954391479492,-10.094980239868164,-12.64626693725586,-35.19622039794922,-15.250611305236816,-2.8457090854644775,-15.019761085510254,-6.425424575805664,-7.864645004272461,-11.40238094329834,-6.173232555389404,-18.204805374145508,-3.6103029251098633,-23.736722946166992,1,1,1
187_Aaniraimekkani,1609650,1620675,0.08096419274806976,0.04811789772727273,2200.9055290312026,2429.7092962030433,-252.59066772460938,149.38026428222656,-72.7329330444336,33.20568084716797,-2.1918323040008545,5.547974109649658,-29.5363826751709,-7.301100254058838,-27.362062454223633,-32.157100677490234,-3.6046478748321533,-4.72401762008667,-12.401897430419922,-13.670110702514648,-9.6983003616333,-8.132340431213379,-2.4214913845062256,-12.224130630493164,-5.001335620880127,-19.903684616088867,1,1,1
187_Aaniraimekkani,1620675,1631700,0.09331583231687546,0.030717329545454544,2052.750477477082,2554.9630962284696,-260.87286376953125,141.22640991210938,-65.51841735839844,56.570068359375,-23.24358367919922,0.6591804027557373,-17.713640213012695,-14.698970794677734,-22.2302303314209,-34.67594909667969,-8.589519500732422,-3.7111639976501465,-11.776180267333984,-7.660611152648926,-13.54986572265625,-13.210883140563965,-5.0936102867126465,-15.102416038513184,0.6217227578163147,-20.64991569519043,1,1,1
187_Aaniraimekkani,1631700,1642725,0.13310347497463226,0.05038174715909091,2077.1625592494306,2470.013242503193,-238.6032257080078,138.50572204589844,-64.34961700439453,44.041385650634766,-12.677033424377441,4.887096405029297,-26.626117706298828,-19.351526260375977,-18.60508918762207,-30.19648551940918,-2.7758820056915283,-5.222650527954102,-10.898738861083984,-16.339181900024414,-22.530942916870117,-3.054333448410034,-1.299007534980774,-14.955638885498047,-6.8377685546875,-19.707244873046875,1,1,1
187_Aaniraimekkani,1642725,1653750,0.19141680002212524,0.08203125,2506.569596777142,2437.931907959919,-178.017333984375,129.66883850097656,-105.08670043945312,48.375675201416016,-37.346866607666016,12.928618431091309,-30.42736053466797,-22.82699203491211,-5.090124130249023,-34.80674743652344,-11.144023895263672,2.3237359523773193,-11.505850791931152,-20.869020462036133,-25.744218826293945,2.40073561668396,-1.9708094596862793,-5.8860087394714355,-0.07667810469865799,-19.813085556030273,1,1,1
187_Aaniraimekkani,1653750,1664775,0.2122730314731598,0.08132102272727272,2482.165698418517,2403.546261842559,-172.34185791015625,127.44633483886719,-104.32698059082031,44.35337829589844,-37.50437545776367,15.939168930053711,-29.7760066986084,-24.76038360595703,-3.3522820472717285,-26.345781326293945,-7.7486982345581055,-0.23545637726783752,-14.567278861999512,-25.62742805480957,-28.347145080566406,-3.038682699203491,-3.478264093399048,-4.536844253540039,-0.32675901055336,-16.42608070373535,1,1,1
187_Aaniraimekkani,1664775,1675800,0.155199334025383,0.07970081676136363,2580.932233623003,2353.9405147551142,-182.92050170898438,131.34779357910156,-111.11608123779297,33.813602447509766,-21.052833557128906,6.3455586433410645,-34.00503158569336,-17.581510543823242,-10.51706314086914,-17.063261032104492,-10.215011596679688,-3.1953461170196533,-17.498849868774414,-21.622108459472656,-14.794264793395996,0.005182244349271059,-0.9811356067657471,-9.916057586669922,2.22171688079834,-11.962112426757812,1,1,1
187_Aaniraimekkani,1675800,1686825,0.1083686351776123,0.054376775568181816,2320.8171900353414,2457.7692124833043,-202.94195556640625,153.12635803222656,-89.81587982177734,26.60564613342285,-20.324129104614258,4.775531768798828,-47.1556510925293,-16.76024627685547,-16.175474166870117,-7.7419281005859375,-1.3431541919708252,-6.6079020500183105,-22.90178680419922,-23.051624298095703,-4.84942626953125,-4.868580341339111,-7.927392482757568,-22.094623565673828,-4.387868881225586,-13.685097694396973,1,1,1
187_Aaniraimekkani,1686825,1697850,0.1366991400718689,0.07282049005681818,2305.116687239562,2276.9259310407647,-208.77212524414062,141.0771026611328,-102.96440124511719,38.984405517578125,-9.808648109436035,1.127758502960205,-36.74610900878906,-15.659407615661621,-12.283154487609863,-15.591565132141113,-5.662186145782471,0.45503729581832886,-21.57086181640625,-23.483972549438477,-13.304139137268066,-2.347745418548584,-4.983973026275635,-12.66589641571045,-2.733365774154663,-16.1060848236084,1,1,1
187_Aaniraimekkani,1697850,1708875,0.11923282593488693,0.06984641335227272,2424.0448012492275,2163.1130812594165,-185.62966918945312,159.53439331054688,-111.47020721435547,27.94305992126465,-20.935535430908203,3.7401647567749023,-44.898292541503906,-17.792869567871094,-11.59189224243164,-14.0014009475708,0.08253215998411179,-1.4042555093765259,-16.346670150756836,-25.079845428466797,-13.803853988647461,-5.05405855178833,-7.06572151184082,-15.155542373657227,-7.625694751739502,-10.40667724609375,1,1,1
187_Aaniraimekkani,1708875,1719900,0.10721747577190399,0.07302024147727272,2454.2874729658215,2211.295859120325,-201.75669860839844,155.30853271484375,-111.9635009765625,24.140583038330078,-27.866823196411133,3.0343401432037354,-42.72979736328125,-14.382436752319336,-7.390231609344482,-12.305819511413574,2.7010397911071777,2.4480721950531006,-10.468276023864746,-24.247215270996094,-16.103565216064453,0.8769260048866272,-4.779938697814941,-16.44695472717285,-4.7536187171936035,-14.455371856689453,1,1,1
187_Aaniraimekkani,1719900,1730925,0.09391789883375168,0.07424094460227272,2465.1419648808082,2398.7300969134244,-232.76202392578125,138.67991638183594,-102.3275146484375,37.192012786865234,-18.48688507080078,0.4963431656360626,-41.331050872802734,-10.021552085876465,-16.573301315307617,-7.398428440093994,-2.3706445693969727,2.478668212890625,-14.769095420837402,-21.199296951293945,-7.193767070770264,4.427074432373047,7.5602922439575195,-13.782766342163086,1.1624008417129517,-17.391651153564453,1,1,1
187_Aaniraimekkani,1730925,1741950,0.14150795340538025,0.07361949573863637,2395.271359832702,2244.2654624904403,-203.67245483398438,140.41419982910156,-109.83013153076172,38.33161163330078,-21.727575302124023,5.936535835266113,-26.951416015625,-17.84579086303711,-9.970413208007812,-16.20752716064453,-1.8564213514328003,-6.174638748168945,-8.003752708435059,-26.523658752441406,-20.187650680541992,-0.8031452298164368,-1.0881918668746948,-7.880654811859131,-6.404209613800049,-6.746711730957031,1,1,1
187_Aaniraimekkani,1741950,1752975,0.11463608592748642,0.07075639204545454,2182.0515780226565,2063.0236254027336,-223.34364318847656,161.09642028808594,-105.05895233154297,13.825636863708496,-13.2391996383667,4.456027507781982,-33.794734954833984,-15.951449394226074,-13.401433944702148,-14.965145111083984,0.07799088209867477,-6.818743705749512,-8.850495338439941,-27.717857360839844,-15.90878677368164,-2.2755813598632812,-5.775393486022949,-4.965767860412598,-10.369511604309082,-11.419940948486328,1,1,1
187_Aaniraimekkani,1752975,1764000,0.04686906188726425,0.03140536221590909,1622.18080244205,2220.146560237374,-329.99615478515625,177.9943389892578,-51.6334228515625,22.46721649169922,-12.966683387756348,-5.63997745513916,-34.676212310791016,-16.589550018310547,-27.383150100708008,-18.529085159301758,-1.7276771068572998,-6.471994400024414,-7.153424263000488,-25.34528923034668,-14.452075004577637,-8.265969276428223,-11.48514175415039,-9.649103164672852,-11.298624038696289,-7.029605388641357,1,1,1
187_Aaniraimekkani,1764000,1775025,0.05434592068195343,0.030406605113636364,1871.4117303252483,2414.6684691591067,-332.5072021484375,152.8833465576172,-57.219730377197266,30.874902725219727,-4.960065841674805,-11.264410018920898,-33.85066223144531,-7.303812026977539,-26.862537384033203,-22.57628631591797,1.7849643230438232,-10.904937744140625,-1.8739970922470093,-13.379422187805176,-15.910833358764648,-9.472843170166016,-7.0044097900390625,-10.698827743530273,-6.456979751586914,8.687493324279785,0,1,1
187_Aaniraimekkani,1775025,1786050,0.06034892797470093,0.040593927556818184,2065.284269515759,2627.815404474615,-313.85491943359375,142.2992401123047,-56.76823425292969,28.82848358154297,-15.970876693725586,-1.8660240173339844,-43.87908172607422,-12.88040828704834,-27.413230895996094,-19.699438095092773,5.034463405609131,-13.974198341369629,-7.7914347648620605,-15.311956405639648,-9.748618125915527,-5.8074870109558105,-5.125272274017334,-13.01979923248291,-9.164231300354004,9.745363235473633,0,1,1
187_Aaniraimekkani,1786050,1797075,0.06471770256757736,0.04188121448863636,1974.9953213198191,2409.66305608024,-303.51019287109375,147.40292358398438,-57.990352630615234,28.480680465698242,-5.941895961761475,-1.4921021461486816,-34.9818229675293,-14.035818099975586,-29.26814079284668,-13.620687484741211,-0.2936195135116577,-18.7759952545166,-2.09641170501709,-10.151237487792969,-5.877612590789795,-5.509712219238281,0.023425014689564705,-9.759871482849121,-5.769721031188965,12.503597259521484,0,1,1
187_Aaniraimekkani,1797075,1808100,0.07183761149644852,0.02727716619318182,2056.5396509770926,2557.672861152755,-300.4645690917969,136.47201538085938,-60.470706939697266,36.210636138916016,3.060157060623169,0.3065377473831177,-46.19107437133789,-10.10564136505127,-19.42156219482422,-15.808004379272461,-18.680192947387695,-25.915178298950195,3.034081220626831,-7.894950866699219,-13.241713523864746,-15.543472290039062,-5.3435821533203125,-3.431548833847046,8.279752731323242,10.695344924926758,1,1,1
187_Aaniraimekkani,1808100,1819125,0.0669785737991333,0.05637428977272727,2135.915227680621,2355.547958476142,-292.9164123535156,141.4356231689453,-77.44384765625,29.899120330810547,-13.946991920471191,-1.4467394351959229,-42.592830657958984,-2.7636160850524902,-28.291332244873047,-26.266029357910156,7.665448188781738,-10.168944358825684,-8.734048843383789,-11.247506141662598,-1.9596234560012817,-10.789999961853027,-7.7313032150268555,-11.210259437561035,-3.3725531101226807,11.873723983764648,1,1,1
187_Aaniraimekkani,1819125,1830150,0.06828628480434418,0.04015003551136364,1975.559024124222,2279.238279984285,-303.1399230957031,143.71778869628906,-76.73497772216797,29.713274002075195,-19.522369384765625,-6.434257984161377,-38.401100158691406,-5.53378963470459,-25.03191375732422,-25.539844512939453,2.5423481464385986,-13.131747245788574,-13.970986366271973,-9.374615669250488,-2.0008528232574463,-9.959687232971191,-2.900317907333374,-14.433531761169434,-3.309149980545044,13.64168643951416,1,1,1
187_Aaniraimekkani,1830150,1841175,0.07425380498170853,0.05672940340909091,2018.7853049238765,2142.5555286640997,-291.606201171875,144.32432556152344,-85.14098358154297,23.378400802612305,-14.586994171142578,-4.337944507598877,-31.833349227905273,-2.8366036415100098,-15.230242729187012,-18.889381408691406,0.27783825993537903,-9.070405960083008,-11.032553672790527,-10.377720832824707,-1.8806273937225342,-8.8449068069458,-2.0230624675750732,-15.075610160827637,-7.46009635925293,9.14475154876709,1,1,1
187_Aaniraimekkani,1841175,1852200,0.09601777046918869,0.05209073153409091,2033.7423612337466,2193.9355819637526,-271.5362854003906,141.26475524902344,-82.64019012451172,21.956680297851562,-17.662630081176758,-12.413763046264648,-39.458614349365234,-1.6524994373321533,-15.923248291015625,-17.46057891845703,-5.458032608032227,-9.82119369506836,-8.171923637390137,-9.472017288208008,-2.139106035232544,-6.5964131355285645,2.8173210620880127,-12.683672904968262,-13.556377410888672,6.444917678833008,1,1,1
187_Aaniraimekkani,1852200,1863225,0.10766875743865967,0.04922762784090909,1988.556687774126,2055.0618671487136,-265.8915710449219,142.57276916503906,-96.27611541748047,6.081697463989258,-22.897296905517578,-17.63903045654297,-37.11630630493164,-1.9328727722167969,-7.37223482131958,-20.883655548095703,-8.760804176330566,-7.778728008270264,-9.119729042053223,-5.879847526550293,-3.9828951358795166,-13.802908897399902,3.5901594161987305,-15.305700302124023,-18.39989471435547,12.148136138916016,1,1,1
187_Aaniraimekkani,1863225,1874250,0.1064019426703453,0.05284534801136364,2011.3152822256766,2038.6698515232151,-272.71844482421875,138.70526123046875,-91.78099060058594,16.853208541870117,-22.689746856689453,-14.136173248291016,-34.869850158691406,-3.426114559173584,-4.267293930053711,-16.94849967956543,-4.575138568878174,-2.5508346557617188,-8.514372825622559,-9.420191764831543,-8.28963851928711,-16.878063201904297,3.8359556198120117,-13.934342384338379,-16.920759201049805,4.92872953414917,1,1,1
187_Aaniraimekkani,1874250,1885275,0.10782124847173691,0.04696377840909091,2004.1484661030954,2045.4446241738171,-268.1427917480469,142.19309997558594,-84.5542221069336,18.04636001586914,-23.453533172607422,-13.33225154876709,-36.9650764465332,-7.677131652832031,-10.479073524475098,-16.336790084838867,-2.7512147426605225,-5.407276153564453,-8.03831672668457,-6.335399150848389,-9.181156158447266,-15.165862083435059,5.5667405128479,-16.61203384399414,-15.40145206451416,3.8528871536254883,1,1,1
187_Aaniraimekkani,1885275,1896300,0.11196485161781311,0.04989346590909091,2069.180642272286,2136.714007513963,-262.6999206542969,138.8129119873047,-83.61736297607422,21.480077743530273,-23.06661033630371,-10.609661102294922,-33.1069221496582,-3.3118507862091064,-9.835042953491211,-16.997434616088867,2.240971565246582,-6.610006332397461,-10.44166374206543,-5.163584232330322,-16.550657272338867,-16.19391441345215,3.2539169788360596,-20.19623565673828,-12.099631309509277,3.8251028060913086,1,1,1
187_Aaniraimekkani,1896300,1907325,0.10714835673570633,0.05368874289772727,2101.664816160339,2101.315790645052,-261.07177734375,139.53472900390625,-86.1433334350586,20.846681594848633,-24.105985641479492,-11.129602432250977,-32.184207916259766,-4.424365520477295,-9.408405303955078,-14.359827041625977,1.3460465669631958,-7.631855487823486,-4.800884246826172,-4.8882646560668945,-13.0319185256958,-16.982891082763672,-1.381727933883667,-17.628372192382812,-14.543537139892578,2.954775094985962,1,1,1
187_Aaniraimekkani,1907325,1918350,0.07974948734045029,0.053511186079545456,2102.8901969876224,2034.1437349865148,-246.62533569335938,159.4906463623047,-100.56720733642578,7.422126293182373,-29.392066955566406,-15.590100288391113,-36.925689697265625,-16.61522674560547,-14.388484954833984,-2.2178919315338135,-2.85859751701355,-15.997314453125,-9.428215980529785,-11.326163291931152,-8.388683319091797,-14.575845718383789,-8.432226181030273,-6.665876865386963,3.466214179992676,12.118291854858398,1,1,1
187_Aaniraimekkani,1918350,1929375,0.057423245161771774,0.06114612926136364,2111.0605903940377,2045.2214563436894,-286.0105285644531,170.30010986328125,-90.42684173583984,27.391077041625977,-10.42717456817627,-9.796192169189453,-39.29195785522461,-6.974244594573975,-20.26219367980957,0.8491402268409729,1.156382441520691,-11.893792152404785,-11.82455825805664,-18.26299285888672,-2.6802384853363037,-13.147933959960938,-7.971829414367676,-16.924968719482422,-3.5698060989379883,13.510919570922852,0,1,1
187_Aaniraimekkani,1929375,1940400,0.06945676356554031,0.06272194602272728,2161.078119781095,2037.6394350082767,-254.99969482421875,167.4429931640625,-96.40184783935547,17.235595703125,-12.013626098632812,-8.02983570098877,-41.01266098022461,-11.549948692321777,-16.005252838134766,-10.036789894104004,-1.9769618511199951,-10.441807746887207,-8.502060890197754,-12.953338623046875,-3.6910173892974854,-7.025199890136719,-5.611783027648926,-21.58551597595215,-10.866541862487793,0.8161957263946533,0,1,1
187_Aaniraimekkani,1940400,1951425,0.06057118996977806,0.05246803977272727,2232.9943142777142,2270.7285985463714,-264.5491027832031,162.63296508789062,-85.60893249511719,35.958614349365234,3.3181114196777344,-0.8392900228500366,-41.41563415527344,-20.678396224975586,-17.648286819458008,-11.261032104492188,-8.80306625366211,-17.826169967651367,-4.161484718322754,-10.802593231201172,-6.852527141571045,-3.6542670726776123,-3.013134717941284,-11.275575637817383,-6.828413009643555,-10.262378692626953,0,1,1
187_Aaniraimekkani,1951425,1962450,0.08476226031780243,0.07206587357954546,2326.9544082723437,2166.8562596686866,-232.4220733642578,164.5843963623047,-106.32550811767578,32.96906661987305,-19.940706253051758,-5.453242778778076,-32.28898620605469,-18.364229202270508,-17.35700798034668,-22.004053115844727,-10.06299877166748,-2.9055917263031006,-14.940970420837402,-18.62865447998047,-17.812183380126953,-5.325082778930664,-3.1495025157928467,-9.561017036437988,1.2770814895629883,-8.624213218688965,0,1,1
187_Aaniraimekkani,1962450,1973475,0.07816147804260254,0.07572798295454546,2274.1744449213443,2067.7427452882175,-234.81590270996094,178.24037170410156,-99.5383529663086,44.71150588989258,-4.154789924621582,1.8056590557098389,-31.959857940673828,-16.419172286987305,-12.594376564025879,-13.464016914367676,-3.950460910797119,-9.006070137023926,-11.125410079956055,-8.701875686645508,-12.684493064880371,-8.183794975280762,-5.074164867401123,-7.079765319824219,-3.227541923522949,-6.438776969909668,1,1,1
187_Aaniraimekkani,1973475,1984500,0.032497428357601166,0.07335316051136363,2164.418179336647,2196.7690643205397,-332.7362060546875,162.20848083496094,-81.11318969726562,43.39264678955078,8.744935989379883,-15.009527206420898,-33.67554473876953,-5.74180269241333,-22.30611801147461,-14.369129180908203,-13.004093170166016,-11.380197525024414,-8.353617668151855,-10.619258880615234,-14.6464204788208,-8.464807510375977,-6.135669231414795,-14.935113906860352,0.39111053943634033,-1.722174882888794,1,1,1
187_Aaniraimekkani,1984500,1995525,0.031189681962132454,0.053910688920454544,2116.927732477745,2084.1940354409103,-337.8661193847656,166.86839294433594,-88.22736358642578,27.95221519470215,-3.1357369422912598,-12.571948051452637,-28.458215713500977,-5.202094078063965,-17.419940948486328,-6.828086853027344,-13.14365291595459,-17.62006187438965,-13.80861759185791,-1.4253716468811035,-0.2371382713317871,-8.391791343688965,-5.406042098999023,-4.391892433166504,17.84715461730957,10.98550796508789,1,0,1
187_Aaniraimekkani,1995525,2006550,0.028400832787156105,0.06130149147727273,2105.1648946580945,2005.077149072787,-344.943359375,169.93954467773438,-89.7334213256836,20.073646545410156,0.6147319078445435,-14.322673797607422,-31.90379524230957,-6.685704231262207,-18.693693161010742,-9.808140754699707,-11.275984764099121,-18.032747268676758,-15.334097862243652,-7.653558254241943,-2.374288558959961,-4.59849214553833,0.1885225623846054,1.0382262468338013,19.858909606933594,11.620134353637695,1,0,1
187_Aaniraimekkani,2006550,2017575,0.02591208927333355,0.06700550426136363,2349.5044951719756,2137.712758092578,-345.01007080078125,158.5405731201172,-98.88483428955078,25.66399574279785,0.09670042246580124,-5.7489914894104,-29.661426544189453,-0.6066890358924866,-14.0177640914917,-4.338688373565674,-10.256217002868652,-17.990543365478516,-15.767694473266602,-5.482922554016113,-2.908468008041382,-6.938131332397461,-5.597596645355225,-9.933028221130371,7.910301685333252,-0.7407207489013672,1,0,1
187_Aaniraimekkani,2017575,2028600,0.04566148668527603,0.022105823863636364,2025.1832449482054,2540.1415462136374,-324.2921142578125,153.81666564941406,-64.75653839111328,38.341922760009766,4.7140116691589355,-2.9535012245178223,-27.837995529174805,-11.318160057067871,-18.90593147277832,-13.59713077545166,-4.026779651641846,-17.656166076660156,-27.140825271606445,-16.243305206298828,-7.155662536621094,-15.523919105529785,-4.225997447967529,-8.965853691101074,-0.4705140292644501,-11.488262176513672,1,0,1
187_Aaniraimekkani,2028600,2039625,0.07352244108915329,0.03480113636363636,1672.899512154687,2121.9767110230664,-287.6026916503906,177.0893096923828,-50.43710708618164,10.472330093383789,-2.3390462398529053,-11.122862815856934,-25.64892578125,-14.888745307922363,-26.87713050842285,-22.555513381958008,-6.686034679412842,-12.596051216125488,-9.501543045043945,-12.011763572692871,-5.974755764007568,-10.902859687805176,-11.857126235961914,-6.390780925750732,-1.5632236003875732,-7.653881549835205,1,1,1
187_Aaniraimekkani,2039625,2050650,0.2120314985513687,0.07082297585227272,2282.4207072760423,2121.929656981637,-152.25010681152344,159.04396057128906,-110.93595886230469,15.400705337524414,-42.94260787963867,1.305687427520752,-33.64776611328125,-13.84313678741455,-9.453545570373535,-29.029491424560547,-3.4100191593170166,-2.9642889499664307,-6.99134635925293,-17.569202423095703,-19.526681900024414,-10.357553482055664,0.3850453197956085,-5.535240173339844,-10.454236030578613,-14.868563652038574,1,1,1
187_Aaniraimekkani,2050650,2061675,0.2071526050567627,0.07588334517045454,2576.6416158905013,2266.3380899996923,-154.07958984375,136.41163635253906,-120.96662902832031,24.221729278564453,-36.663734436035156,3.6967484951019287,-26.266904830932617,-17.593339920043945,-9.13438892364502,-24.08098793029785,-0.9134474396705627,-4.614651203155518,-11.540907859802246,-20.652482986450195,-18.850990295410156,-0.12190114706754684,0.6980143785476685,-4.046571254730225,-5.1535491943359375,-14.167489051818848,1,1,1
187_Aaniraimekkani,2061675,2072700,0.14026683568954468,0.06977982954545454,2479.861785873813,2452.3607072719974,-171.26605224609375,151.33799743652344,-97.28974914550781,23.966337203979492,-35.22384262084961,4.834484577178955,-36.720970153808594,-14.053674697875977,-8.835415840148926,-13.723006248474121,-5.49570894241333,-4.186328887939453,-16.909997940063477,-18.62737274169922,-7.759649753570557,-6.740914821624756,-10.499975204467773,-16.015506744384766,-7.515148639678955,-13.884568214416504,1,1,1
187_Aaniraimekkani,2072700,2083725,0.12400615960359573,0.05344460227272727,2201.5616181376067,2476.687100939397,-203.564208984375,152.90997314453125,-77.33879852294922,29.893028259277344,-35.030616760253906,2.9513814449310303,-35.817779541015625,-15.908355712890625,-16.54468536376953,-23.83039093017578,-8.328094482421875,-8.915128707885742,-18.62981605529785,-14.984936714172363,-8.395301818847656,-16.184804916381836,-18.895326614379883,-16.66517448425293,-5.591020584106445,-2.420210361480713,1,1,1
187_Aaniraimekkani,2083725,2094750,0.1362234503030777,0.06769353693181818,2345.662910415058,2411.255515151397,-184.6436004638672,151.21405029296875,-85.7057876586914,28.279481887817383,-23.5062198638916,-2.3856658935546875,-35.41855239868164,-12.989571571350098,-10.572676658630371,-19.43231964111328,-10.667232513427734,-6.7720184326171875,-21.74479866027832,-17.864055633544922,-7.631489276885986,-14.874373435974121,-13.782598495483398,-17.58458709716797,-15.548632621765137,-14.859223365783691,1,1,1
187_Aaniraimekkani,2094750,2105775,0.12067306786775589,0.06591796875,2568.079795511431,2409.804570269851,-192.75254821777344,146.95579528808594,-107.9628677368164,29.14879035949707,-31.20702362060547,2.899153709411621,-40.25242614746094,-20.46230125427246,-13.399026870727539,-22.73441505432129,-4.195201873779297,-13.335394859313965,-17.07227325439453,-18.60370445251465,-13.389928817749023,2.3156912326812744,-1.6661823987960815,-11.880459785461426,-10.177414894104004,-12.794793128967285,1,1,1
187_Aaniraimekkani,2105775,2116800,0.12461499869823456,0.07508433948863637,2801.818223795198,2448.592772341774,-183.0598907470703,133.79075622558594,-117.9974594116211,36.67898941040039,-24.159700393676758,8.29616641998291,-39.95822525024414,-24.179309844970703,-13.006851196289062,-27.586137771606445,-5.2888336181640625,-11.532509803771973,-19.013032913208008,-19.4927921295166,-9.01697063446045,4.01763916015625,-8.240681648254395,-8.720475196838379,-4.559903621673584,-8.545241355895996,1,1,1
187_Aaniraimekkani,2116800,2127825,0.1042449027299881,0.04592063210227273,2136.873834565547,2246.966324222572,-224.81802368164062,157.67364501953125,-86.39476013183594,31.081825256347656,1.9312244653701782,-2.8779385089874268,-45.8592643737793,-21.61481475830078,-26.54827308654785,-9.696922302246094,-14.960192680358887,-19.64021110534668,-15.973621368408203,-16.201372146606445,-13.366559028625488,-13.623449325561523,-2.600320816040039,-18.470611572265625,-1.9200425148010254,-4.427780628204346,1,1,1
187_Aaniraimekkani,2127825,2138850,0.09554707258939743,0.06141246448863636,2201.5911888052565,2159.1253343515973,-216.68121337890625,168.574951171875,-95.78546905517578,16.51004409790039,-12.445361137390137,5.431262493133545,-38.663089752197266,-11.035971641540527,-20.01474952697754,-29.07036018371582,-4.1580095291137695,-2.414604425430298,-15.5530366897583,-23.75651741027832,-15.434757232666016,-4.883456707000732,-3.4279990196228027,-7.902803421020508,-9.41354751586914,-18.98826789855957,1,1,1
187_Aaniraimekkani,2138850,2149875,0.09794538468122482,0.06680575284090909,2505.7664807408546,2242.3117715935937,-195.97225952148438,162.53421020507812,-110.42138671875,32.444786071777344,-21.500930786132812,2.715970277786255,-48.4505615234375,-20.281368255615234,-20.045331954956055,-20.207077026367188,1.6712532043457031,-5.879008769989014,-15.314361572265625,-22.7755069732666,-13.806049346923828,-5.037878513336182,-6.16188383102417,-19.33008575439453,-11.622008323669434,-13.40604305267334,1,1,1
187_Aaniraimekkani,2149875,2160900,0.07925980538129807,0.06349875710227272,2355.622616894311,2293.512496873017,-238.50399780273438,153.80467224121094,-96.40129089355469,29.371244430541992,-17.254526138305664,5.84909200668335,-46.52060317993164,-13.280513763427734,-19.02752113342285,-17.628257751464844,-0.7333775162696838,3.829646110534668,-17.340660095214844,-26.77381706237793,-8.11824893951416,-1.8609364032745361,-8.663607597351074,-19.530746459960938,-2.8524506092071533,-16.43614959716797,1,1,1
187_Aaniraimekkani,2160900,2171925,0.10294186323881149,0.09028764204545454,2758.0939117800467,2458.7848235234155,-214.772705078125,128.7089080810547,-120.43238067626953,50.830406188964844,-28.023557662963867,15.89459228515625,-31.4180908203125,-17.018144607543945,-12.45718765258789,-25.829498291015625,0.07879766821861267,-5.563022136688232,-15.375748634338379,-22.078697204589844,-11.185080528259277,7.964422225952148,-3.981834650039673,-7.3434648513793945,-3.5330023765563965,-14.614185333251953,1,1,1
187_Aaniraimekkani,2171925,2182950,0.07397682964801788,0.06842595880681818,2294.58850343582,2090.8957816288885,-248.6274871826172,163.52980041503906,-106.26860809326172,29.498682022094727,-11.738269805908203,2.5431809425354004,-33.01791000366211,-20.04511833190918,-23.324644088745117,-22.31375503540039,-1.964220404624939,-5.512986183166504,-14.226922035217285,-22.11189842224121,-10.015674591064453,2.826125144958496,-3.277362108230591,-8.65372085571289,-4.475666522979736,-5.4153218269348145,1,1,1
187_Aaniraimekkani,2182950,2193975,0.05337560176849365,0.024813565340909092,1563.0574719368844,2189.9168496316547,-335.6417236328125,173.21661376953125,-53.48001480102539,32.753395080566406,11.220434188842773,-6.769380569458008,-35.94488525390625,-13.93070125579834,-40.478450775146484,-26.39875602722168,-2.648075819015503,-14.680092811584473,-9.54044246673584,-18.05573081970215,-18.019901275634766,-19.08997917175293,-13.778719902038574,-6.89229154586792,3.4130539894104004,4.162028789520264,1,1,1
187_Aaniraimekkani,2193975,2205000,0.059706106781959534,0.03249289772727273,1675.37336070523,2381.163695025381,-319.1372985839844,163.10874938964844,-45.685115814208984,48.7028923034668,5.69702672958374,-2.7093346118927,-48.4241943359375,-19.69666862487793,-31.225183486938477,-24.263673782348633,7.235597133636475,-13.523590087890625,-16.153352737426758,-14.373916625976562,-17.83232879638672,-17.696073532104492,-14.34621524810791,-18.244482040405273,-1.9750019311904907,2.406428813934326,1,1,1
187_Aaniraimekkani,2205000,2216025,0.06339281052350998,0.029452237215909092,1854.8692312354308,2458.915734430261,-308.6551818847656,157.4795684814453,-53.480690002441406,48.028404235839844,-0.7274762988090515,-6.485681533813477,-43.31093978881836,-15.459006309509277,-26.035072326660156,-25.121843338012695,9.852499961853027,-17.296401977539062,-25.267972946166992,-15.78567886352539,-15.930855751037598,-17.838359832763672,-14.655384063720703,-16.14907455444336,-3.5113637447357178,-2.2109017372131348,1,1,1
187_Aaniraimekkani,2216025,2227050,0.07500072568655014,0.050603693181818184,1916.3341028414843,2149.2558952875097,-266.0765075683594,171.42071533203125,-76.98528289794922,29.0682430267334,-12.661865234375,-12.562973976135254,-36.83144760131836,-12.65694808959961,-23.024211883544922,-26.687761306762695,2.8407328128814697,-8.595648765563965,-20.514577865600586,-13.520874977111816,-11.05966567993164,-12.799249649047852,-13.487072944641113,-19.99986457824707,-10.030550956726074,-3.8803231716156006,1,1,1
187_Aaniraimekkani,2227050,2238075,0.0982198715209961,0.07863547585227272,2281.0473391387623,2157.979553543221,-258.9830322265625,149.85235595703125,-96.28411102294922,17.226415634155273,-16.27145767211914,-13.774313926696777,-26.743797302246094,-2.253750801086426,-23.339567184448242,-34.1925163269043,0.5318422913551331,-6.059220790863037,-16.767812728881836,-6.913383960723877,-3.0058884620666504,-9.557978630065918,-1.285258412361145,-6.272363662719727,-16.84858512878418,0.12711559236049652,1,1,1
187_Aaniraimekkani,2238075,2249100,0.05618569999933243,0.06505237926136363,2127.3067133038694,2234.9781542660758,-311.2126159667969,151.57315063476562,-75.0790023803711,17.625896453857422,-0.21650561690330505,-21.05889892578125,-25.606842041015625,-5.388841152191162,-26.71812629699707,-33.118038177490234,-11.256799697875977,-12.3524751663208,-6.554727077484131,-5.519659519195557,-9.062906265258789,-8.963512420654297,-0.9949104189872742,-2.0643630027770996,0.3758379817008972,4.94758939743042,1,1,1
187_Aaniraimekkani,2249100,2260125,0.05892091616988182,0.05226828835227273,2263.025638261164,2489.415924679666,-296.6740417480469,134.3123779296875,-76.16728210449219,36.141475677490234,0.08067269623279572,-10.746007919311523,-36.382442474365234,-8.761063575744629,-21.477201461791992,-21.521686553955078,-19.11165428161621,-22.954483032226562,-2.4167826175689697,-8.851252555847168,-11.611370086669922,-12.163163185119629,-6.906294345855713,-7.555137634277344,12.459115982055664,18.399505615234375,1,1,0
187_Aaniraimekkani,2260125,2271150,0.05891655385494232,0.026877663352272728,1939.9736828534396,2363.9933406290947,-322.6615905761719,140.28262329101562,-69.98554992675781,30.73778533935547,-3.4862868785858154,-8.407647132873535,-36.42955017089844,-15.135257720947266,-26.070751190185547,-28.111034393310547,-12.730457305908203,-10.956405639648438,-6.458032608032227,-12.459539413452148,-7.814745903015137,-12.564532279968262,-5.099180698394775,-2.7838563919067383,10.207237243652344,14.672649383544922,1,1,1
187_Aaniraimekkani,2271150,2282175,0.0539628267288208,0.04532137784090909,2104.0542395527054,2446.81522141569,-319.5920715332031,136.42552185058594,-74.8187026977539,30.163854598999023,-5.804413318634033,-9.886691093444824,-35.57133865356445,-7.327527046203613,-20.212932586669922,-25.174884796142578,-9.375670433044434,-12.20778751373291,-6.059762954711914,-10.62809944152832,-13.765365600585938,-10.520554542541504,-3.620112419128418,-5.971979141235352,6.614048480987549,14.470800399780273,1,1,1
187_Aaniraimekkani,2282175,2293200,0.05209828540682793,0.04922762784090909,2365.187044215485,2562.2829395851,-297.5116882324219,132.30934143066406,-78.26219940185547,30.589139938354492,-4.569202423095703,-7.2383880615234375,-38.48990249633789,-11.198740005493164,-26.8356990814209,-13.630749702453613,-6.997439861297607,-14.8962984085083,-7.420787334442139,-9.339430809020996,-8.922026634216309,-5.443595886230469,1.9819817543029785,-6.875222682952881,1.6851248741149902,10.086958885192871,1,1,1
187_Aaniraimekkani,2293200,2304225,0.03971258923411369,0.05233487215909091,2326.0004116989858,2284.8976135870876,-337.7315673828125,138.23863220214844,-94.6240234375,24.034168243408203,-2.1137568950653076,-10.330642700195312,-27.906206130981445,2.406582832336426,-25.125896453857422,-13.852523803710938,-12.805657386779785,-19.885526657104492,-11.333033561706543,-10.23026180267334,-8.057018280029297,-2.391119956970215,0.8474116921424866,-4.434947967529297,9.601617813110352,20.37086296081543,1,0,0
187_Aaniraimekkani,2304225,2315250,0.029048027470707893,0.07779208096590909,2412.737876433746,2271.943158406841,-353.9122314453125,146.40403747558594,-93.27910614013672,34.33213424682617,3.8588101863861084,-6.463134765625,-37.719871520996094,-0.9984597563743591,-28.614429473876953,-9.67887020111084,-8.221126556396484,-12.83651065826416,-10.099128723144531,-5.479623794555664,-11.435653686523438,-4.681111812591553,0.36578285694122314,-9.038883209228516,4.426455497741699,8.090666770935059,1,0,0
187_Aaniraimekkani,2315250,2326275,0.031868670135736465,0.06778231534090909,2058.251900105882,2226.1110027923087,-351.41680908203125,161.0384521484375,-77.84135437011719,30.745220184326172,-2.023634672164917,-11.651734352111816,-43.407840728759766,-11.105414390563965,-31.864952087402344,-17.314205169677734,-11.945168495178223,-8.755287170410156,-8.330473899841309,-3.974883794784546,-1.731127142906189,-7.307663440704346,-5.68043327331543,-9.464570999145508,4.694412708282471,-0.16925226151943207,1,0,1
187_Aaniraimekkani,2326275,2337300,0.033706460148096085,0.06867009943181818,2191.1402237683583,2374.1067206421167,-332.3171081542969,155.04678344726562,-77.9368896484375,28.92913818359375,-13.670475006103516,-2.566253423690796,-30.738807678222656,-10.906368255615234,-29.916643142700195,-14.62813949584961,-6.177659511566162,-5.889317035675049,-15.374327659606934,-6.655879020690918,-3.3755991458892822,-13.277581214904785,-8.193068504333496,-11.41854476928711,-0.2266838550567627,-1.230728030204773,1,0,1
187_Aaniraimekkani,2337300,2348325,0.06915087252855301,0.05515358664772727,2105.656986286428,2344.806310180884,-289.92474365234375,145.17567443847656,-55.33450698852539,12.839664459228516,7.729874134063721,-10.468520164489746,-26.45142364501953,-18.459659576416016,-26.287853240966797,-18.75716781616211,-5.628013610839844,-7.486558437347412,-1.6851295232772827,-9.625258445739746,-8.252535820007324,-4.990943431854248,-6.70535135269165,-9.019145965576172,-2.8001248836517334,-2.544260263442993,1,1,1
187_Aaniraimekkani,2348325,2359350,0.16457650065422058,0.07335316051136363,2444.480707716768,2320.762218213538,-170.72848510742188,149.85533142089844,-110.41928100585938,24.301393508911133,-40.243263244628906,-2.596889019012451,-32.337642669677734,-16.337419509887695,-20.585329055786133,-27.071514129638672,1.548384428024292,-8.358790397644043,-3.1335487365722656,-20.313180923461914,-22.343076705932617,-2.172790765762329,-5.8010406494140625,-7.836507797241211,-0.6803721189498901,-7.653718948364258,1,1,1
187_Aaniraimekkani,2359350,2370375,0.17281876504421234,0.07421875,2642.0814256727554,2372.867363824741,-165.02687072753906,140.63792419433594,-119.14038848876953,25.046802520751953,-38.87793731689453,-0.3758666217327118,-28.8571834564209,-23.138811111450195,-15.909775733947754,-19.261554718017578,0.16659873723983765,-6.727687358856201,-8.460948944091797,-18.62568473815918,-20.556705474853516,-3.1437201499938965,-6.47697639465332,0.331124871969223,-0.5327653884887695,-9.476532936096191,1,1,1
187_Aaniraimekkani,2370375,2381400,0.1482497602701187,0.07548384232954546,2479.877745886314,2263.7879750360553,-177.9591522216797,142.8320770263672,-120.5176010131836,8.800865173339844,-41.53619384765625,0.8577322363853455,-35.64323425292969,-17.716941833496094,-9.05578899383545,-19.690797805786133,-8.53985595703125,-3.047470808029175,-8.53807544708252,-15.00097370147705,-9.911873817443848,-6.05238676071167,-6.389621257781982,-6.289697647094727,0.7718356847763062,-5.869384288787842,1,1,1
187_Aaniraimekkani,2381400,2392425,0.1097971722483635,0.054509943181818184,2198.86073460503,2406.093904116561,-243.37872314453125,136.21107482910156,-87.41202545166016,14.732921600341797,-31.169349670410156,2.6261842250823975,-39.78141784667969,-18.951763153076172,-11.814798355102539,-23.7386417388916,-9.12503433227539,-12.700263023376465,-14.33896541595459,-11.227195739746094,-7.838111877441406,-2.857424020767212,-10.342491149902344,-12.074920654296875,7.4401140213012695,8.742768287658691,1,1,1
187_Aaniraimekkani,2392425,2403450,0.08553102612495422,0.06139026988636364,2313.293150957002,2350.154742358794,-258.68798828125,139.5152130126953,-92.73339080810547,22.473493576049805,-14.585186004638672,-1.7699172496795654,-40.91695022583008,-14.442490577697754,-17.647619247436523,-19.87824249267578,-10.83382797241211,-19.295574188232422,-11.492680549621582,-6.320371627807617,-7.087574481964111,-8.184795379638672,-7.962709426879883,-10.584395408630371,2.5784544944763184,3.8013572692871094,1,1,1
187_Aaniraimekkani,2403450,2414475,0.07150369882583618,0.038529829545454544,2062.712877808662,2425.2897149439223,-291.4109191894531,141.84573364257812,-75.64971160888672,21.735618591308594,-19.901607513427734,-9.815814018249512,-30.778003692626953,-1.3071339130401611,-18.489505767822266,-30.28803253173828,-12.925375938415527,-14.243352890014648,-9.302864074707031,-4.156428337097168,-3.6844780445098877,-12.456375122070312,-11.332026481628418,-5.920465469360352,14.087220191955566,13.216692924499512,1,1,1
187_Aaniraimekkani,2414475,2425500,0.061931218951940536,0.030850497159090908,1897.5942427719826,2355.867723930794,-312.29400634765625,147.97470092773438,-72.57174682617188,17.23369789123535,-15.141887664794922,-11.831957817077637,-28.1516056060791,-1.7820647954940796,-11.925830841064453,-29.100250244140625,-14.981267929077148,-11.260274887084961,-11.256386756896973,-4.464855670928955,-6.058067321777344,-16.495384216308594,-9.68659496307373,-2.487245798110962,12.919498443603516,18.785541534423828,1,1,1
187_Aaniraimekkani,2425500,2436525,0.022484470158815384,0.06680575284090909,2301.614000226059,2363.180177846276,-361.0618896484375,150.572021484375,-76.37316131591797,27.65441131591797,4.317342758178711,-7.644956588745117,-32.75143814086914,-0.9715516567230225,-15.084221839904785,-20.73936653137207,-15.070662498474121,-10.678644180297852,-0.004770495463162661,-16.0831241607666,-11.77196979522705,-0.01105507928878069,8.646820068359375,4.244342803955078,4.636202812194824,9.119584083557129,0,1,0
187_Aaniraimekkani,2436525,2447550,0.022877521812915802,0.07151100852272728,2429.7175569047713,2213.733381117058,-362.1622314453125,150.31324768066406,-94.27999877929688,39.4863395690918,-1.204995036125183,-7.930067539215088,-37.01919174194336,7.481958389282227,-24.58185386657715,-16.199668884277344,-16.42740249633789,-9.224395751953125,-4.1837158203125,-11.683731079101562,-0.25210973620414734,2.491004705429077,1.6341925859451294,-1.629675269126892,9.096294403076172,12.992900848388672,1,0,0
187_Aaniraimekkani,2447550,2458575,0.021098773926496506,0.07752574573863637,2596.140190011181,2285.240371409689,-359.3702392578125,141.27374267578125,-96.69869995117188,32.62087631225586,2.1583263874053955,0.3282126486301422,-34.20266342163086,7.808769226074219,-17.224103927612305,-5.7469987869262695,-8.190258979797363,-9.183147430419922,-7.512272834777832,-11.730142593383789,-0.5628336071968079,-1.6338852643966675,-5.445779323577881,-7.809133529663086,1.515049695968628,7.376722812652588,1,0,0
187_Aaniraimekkani,2458575,2469600,0.03223682940006256,0.08054421164772728,2439.2571941902297,2249.8722048326545,-331.2455749511719,152.2147979736328,-91.02459716796875,37.46406173706055,-4.047064304351807,-9.717702865600586,-38.0069580078125,0.9446914196014404,-25.42058753967285,-17.070192337036133,-17.221193313598633,-13.955731391906738,-7.254855632781982,-3.936323642730713,-6.040200710296631,-1.2224596738815308,1.5651508569717407,-8.079455375671387,2.215928792953491,2.5728561878204346,1,0,0
187_Aaniraimekkani,2469600,2480625,0.11299839615821838,0.05930397727272727,2221.862435156061,2267.4875003679135,-236.98179626464844,146.4424591064453,-86.24458312988281,16.152423858642578,-16.794544219970703,-5.3495774269104,-21.77817153930664,-11.39115047454834,-30.94896697998047,-23.96522331237793,-7.588181018829346,-10.703425407409668,-4.1053853034973145,-8.615482330322266,-7.767795085906982,-13.610098838806152,-1.84906804561615,-5.820075988769531,0.8053063750267029,-0.01269490085542202,1,1,1
187_Aaniraimekkani,2480625,2491650,0.16291914880275726,0.07017933238636363,2243.5462761647937,2020.9778820449546,-169.62747192382812,162.12747192382812,-116.76288604736328,0.858673095703125,-43.75455093383789,-7.1541218757629395,-29.39984703063965,-2.083381175994873,-17.57197380065918,-23.04987907409668,-9.883795738220215,-3.167191982269287,-4.437466144561768,-17.64436149597168,-12.694351196289062,-9.781534194946289,2.0387163162231445,-2.2102911472320557,1.133882999420166,-12.442968368530273,1,1,1
187_Aaniraimekkani,2491650,2502675,0.15165932476520538,0.07432972301136363,2602.7381881641904,2196.2976752574696,-188.90509033203125,137.1737060546875,-119.25714874267578,14.87784481048584,-34.96286392211914,-5.694668769836426,-34.042118072509766,1.2909330129623413,-13.24362850189209,-33.65105056762695,-0.1290600448846817,-0.5786437392234802,-13.201088905334473,-11.053667068481445,-12.73855209350586,-19.350553512573242,-2.278890609741211,-8.58481216430664,-10.147727012634277,2.1312334537506104,1,1,1
187_Aaniraimekkani,2502675,2513700,0.10754687339067459,0.06625088778409091,2555.2750287864988,2292.3384248786997,-227.14918518066406,131.55767822265625,-113.53890991210938,18.10118293762207,-35.56867599487305,1.5472438335418701,-34.46530532836914,0.3987244665622711,-12.285943031311035,-23.848695755004883,4.63282585144043,-11.723238945007324,-19.822248458862305,-19.579267501831055,-8.144604682922363,-7.415658950805664,8.494046211242676,6.024774074554443,3.7134714126586914,17.79295539855957,1,1,1
187_Aaniraimekkani,2513700,2524725,0.08285191655158997,0.050847833806818184,2390.8287747505924,2333.409793605075,-269.3397521972656,134.90646362304688,-102.57438659667969,24.705646514892578,-30.946277618408203,5.838087558746338,-34.33478546142578,1.6130629777908325,-14.150096893310547,-23.434734344482422,2.7830233573913574,-15.713553428649902,-28.492412567138672,-25.54119110107422,-8.287643432617188,-1.8919486999511719,23.23705291748047,19.31328010559082,21.383987426757812,18.622493743896484,0,1,1
187_Aaniraimekkani,2524725,2535750,0.08159324526786804,0.06398703835227272,2462.8893149967284,2334.26662186716,-253.68492126464844,135.8185272216797,-104.39030456542969,15.265151977539062,-28.940773010253906,-2.2307846546173096,-35.309814453125,-0.5680616497993469,-13.165863037109375,-24.430511474609375,-1.982638955116272,-13.229904174804688,-25.252416610717773,-20.95835304260254,-3.3605735301971436,-1.7511235475540161,13.342510223388672,14.43691349029541,14.094283103942871,17.38258171081543,0,1,1
187_Aaniraimekkani,2535750,2546775,0.07008033990859985,0.056685014204545456,2234.7460040927854,2251.5917774238255,-280.338134765625,139.81246948242188,-93.84333038330078,15.070752143859863,-9.997516632080078,-4.774595260620117,-30.210783004760742,-1.4393690824508667,-16.808021545410156,-22.590362548828125,-6.117980480194092,-9.651280403137207,-12.949835777282715,-13.785400390625,-12.424405097961426,-15.43970012664795,-7.392456531524658,-5.661703586578369,5.323835849761963,18.90894889831543,0,1,1
187_Aaniraimekkani,2546775,2557800,0.061995673924684525,0.061345880681818184,2311.4550913282783,2305.839907326564,-286.4572448730469,136.05120849609375,-94.88611602783203,19.36993408203125,-10.34129810333252,-7.909106254577637,-35.41733169555664,2.458843469619751,-25.6650390625,-18.60295867919922,-13.371430397033691,-10.734188079833984,-3.984149694442749,-11.549023628234863,-10.04753589630127,-19.280527114868164,-2.5065627098083496,-5.161449909210205,3.213576316833496,17.456411361694336,1,1,1
187_Aaniraimekkani,2557800,2568825,0.06110149621963501,0.04019442471590909,2005.9506049685597,2202.629119990687,-307.5845642089844,143.04229736328125,-84.57775115966797,19.647808074951172,-10.46853256225586,-16.562206268310547,-24.46588897705078,9.17724323272705,-19.09465980529785,-26.078824996948242,-15.712708473205566,-7.865304470062256,-1.9483696222305298,-11.843106269836426,-10.796504020690918,-16.75190544128418,-6.1013383865356445,-3.1982576847076416,5.519118785858154,21.39190101623535,1,1,1
187_Aaniraimekkani,2568825,2579850,0.062200915068387985,0.036554509943181816,2126.413618012343,2226.8215233059605,-310.9870300292969,135.5126495361328,-84.4247055053711,24.44384002685547,11.731372833251953,-6.3189473152160645,-30.860021591186523,2.032242774963379,-17.040769577026367,-20.89688491821289,-10.124934196472168,-19.539058685302734,-8.899792671203613,-14.820119857788086,-15.733202934265137,-16.928422927856445,-1.0483893156051636,0.7369293570518494,4.722076892852783,23.234556198120117,1,1,1
187_Aaniraimekkani,2579850,2590875,0.06631803512573242,0.04922762784090909,2266.293043188692,2261.031584720269,-276.92413330078125,146.95228576660156,-89.85946655273438,15.958569526672363,1.1635204553604126,-11.745718955993652,-45.73758316040039,-7.565046787261963,-24.91901206970215,-13.747632026672363,1.604905605316162,-14.944665908813477,-5.804899215698242,-3.9596688747406006,-0.5286489129066467,-11.056061744689941,-4.240339756011963,-5.384663105010986,-5.453619003295898,8.60501480102539,1,1,1
187_Aaniraimekkani,2590875,2601900,0.06099093332886696,0.026322798295454544,2106.035906962545,2464.9920714118175,-305.1515808105469,139.94691467285156,-72.51526641845703,22.301240921020508,-11.950702667236328,-4.529828071594238,-35.78390884399414,-7.410322666168213,-15.716546058654785,-11.952898979187012,-8.844578742980957,-23.1302547454834,-11.588860511779785,-14.887409210205078,-4.0086164474487305,7.220240592956543,12.215579986572266,18.798017501831055,19.674407958984375,12.882583618164062,1,1,1
187_Aaniraimekkani,2601900,2612925,0.062106434255838394,0.027721058238636364,2034.882395055441,2415.547345155532,-300.481201171875,150.89230346679688,-68.10059356689453,26.90733528137207,-8.946520805358887,-2.288193464279175,-29.80400276184082,-12.708282470703125,-24.568510055541992,-5.560805797576904,-3.12921142578125,-18.500404357910156,-10.099261283874512,-19.620027542114258,-15.144353866577148,-0.027915174141526222,15.730843544006348,9.143157958984375,9.608499526977539,17.28575325012207,0,1,1
187_Aaniraimekkani,2612925,2623950,0.06620404124259949,0.0615234375,2114.1196465468,2170.621808364452,-260.8319396972656,166.59857177734375,-88.32815551757812,15.591507911682129,-18.681413650512695,-8.279480934143066,-34.668479919433594,0.639494001865387,-11.11587905883789,-7.625277996063232,-6.163133144378662,-9.9938383102417,-20.440717697143555,-24.24359130859375,-2.465284824371338,-5.806326389312744,2.3936338424682617,-2.819455862045288,-0.5627260208129883,6.2459187507629395,1,1,1
187_Aaniraimekkani,2623950,2634975,0.06768950819969177,0.061723188920454544,2060.3198586324606,2074.2088848704016,-246.98672485351562,172.97613525390625,-89.0271987915039,15.245207786560059,-11.605408668518066,-2.103139638900757,-38.24455261230469,-12.763527870178223,-23.09044647216797,-15.564096450805664,-11.675588607788086,-10.467759132385254,-11.335902214050293,-17.23689079284668,-4.324552059173584,0.7198678851127625,0.3025418519973755,-4.377091407775879,3.1053850650787354,-2.919715642929077,1,1,1
187_Aaniraimekkani,2634975,2646000,0.061113759875297546,0.06696111505681818,2070.3612194739535,2023.3804578920447,-267.8376770019531,172.0100555419922,-95.25479125976562,19.296789169311523,-7.057255268096924,-0.2758590281009674,-40.81775665283203,-14.643505096435547,-29.001131057739258,-16.941438674926758,-6.514602184295654,-7.054467678070068,-8.58651065826416,-14.14574909210205,-10.026893615722656,-7.4335246086120605,-1.8153942823410034,-8.381584167480469,-1.4345406293869019,-5.768621444702148,1,1,0
187_Aaniraimekkani,2646000,2657025,0.07276488095521927,0.07337535511363637,2195.580032796434,2057.085425012208,-255.41064453125,166.7101287841797,-102.36312866210938,8.176979064941406,-17.327722549438477,-4.960146903991699,-31.910429000854492,-1.114344835281372,-27.226015090942383,-21.96635627746582,1.6432334184646606,2.120915174484253,-7.681216716766357,-19.21622657775879,-14.992850303649902,-6.958319187164307,2.1920549869537354,-6.434295177459717,-5.481013774871826,-10.03807258605957,1,1,1
187_Aaniraimekkani,2657025,2668050,0.03583097085356712,0.05715110085227273,1986.7709507163324,2104.090849201035,-319.9706115722656,180.54696655273438,-78.40443420410156,22.490074157714844,-4.555355548858643,-6.28849983215332,-26.88395881652832,-6.036931037902832,-28.219097137451172,-19.900400161743164,-6.9376749992370605,-8.99184513092041,-7.385345935821533,-8.648407936096191,-12.036385536193848,-14.604636192321777,-6.0666046142578125,-7.636350631713867,-1.6381736993789673,-8.807598114013672,1,1,1
187_Aaniraimekkani,2668050,2679075,0.042272865772247314,0.04543235085227273,1956.9647189413074,2101.950943009788,-314.1675109863281,169.5670928955078,-73.22052001953125,26.49432945251465,1.759740948677063,-12.77597427368164,-25.033727645874023,-12.691727638244629,-18.988710403442383,-14.689297676086426,-11.758899688720703,-17.60238265991211,-12.444828033447266,-8.40742301940918,-3.6819303035736084,-12.506684303283691,-2.2713918685913086,1.4050425291061401,4.421658039093018,-7.173661708831787,1,0,1
187_Aaniraimekkani,2679075,2690100,0.0708804801106453,0.028830788352272728,1749.137538020321,2253.2021633522127,-297.7024230957031,163.01898193359375,-56.78976058959961,33.628971099853516,2.127849817276001,-7.693852424621582,-24.778362274169922,-13.6677885055542,-24.270008087158203,-20.36663055419922,-12.414502143859863,-12.941876411437988,-17.398210525512695,-19.165367126464844,-8.355984687805176,-11.649949073791504,-2.0949645042419434,-4.055020809173584,2.4033045768737793,-5.806210041046143,1,1,1
187_Aaniraimekkani,2690100,2701125,0.1239830031991005,0.03673206676136364,2184.821350127329,2458.998307944405,-226.9365692138672,140.98439025878906,-76.72423553466797,38.802833557128906,12.646106719970703,10.156133651733398,-39.1992301940918,-21.03240966796875,-13.941766738891602,-20.05472755432129,-13.682683944702148,-19.19539451599121,-18.696046829223633,-3.333054542541504,-5.38521146774292,-16.045923233032227,-6.482855319976807,-12.098602294921875,0.07945771515369415,-8.996959686279297,1,1,1
187_Aaniraimekkani,2701125,2712150,0.12696267664432526,0.04385653409090909,2174.3826236471195,2445.218316563754,-224.8644561767578,139.7688751220703,-79.18373107910156,35.079776763916016,10.533092498779297,14.787222862243652,-38.475948333740234,-18.37224769592285,-19.45867347717285,-23.531892776489258,-11.776638984680176,-16.15843391418457,-20.835206985473633,1.0162992477416992,-5.1015944480896,-9.156986236572266,-0.5557412505149841,-18.925384521484375,0.10831598937511444,-6.2830810546875,1,1,1
187_Aaniraimekkani,2712150,2723175,0.11641266942024231,0.030317826704545456,1925.8669277224906,2475.6572077516776,-239.7113800048828,150.2077178955078,-59.78080749511719,30.328472137451172,-15.2785005569458,1.8927948474884033,-31.774681091308594,-21.719280242919922,-24.606475830078125,-19.408428192138672,-15.326618194580078,-20.230195999145508,-25.195951461791992,-24.064678192138672,-1.8209311962127686,7.270918369293213,8.735970497131348,-1.933573842048645,19.398754119873047,8.443800926208496,1,1,1
187_Aaniraimekkani,2723175,2734200,0.11295806616544724,0.04774058948863636,2221.2080420082816,2570.0682900883185,-220.76251220703125,149.5808563232422,-70.60767364501953,36.63178634643555,-21.414602279663086,-1.0179953575134277,-35.918514251708984,-16.474910736083984,-21.336715698242188,-20.82206916809082,-13.44000244140625,-13.561306953430176,-29.801116943359375,-23.734834671020508,-2.1465203762054443,-5.129457473754883,2.1560025215148926,-1.6177846193313599,10.699820518493652,-1.8396559953689575,1,1,1
187_Aaniraimekkani,2734200,2745225,0.0974554568529129,0.04825106534090909,2387.4061062221285,2506.868034905853,-233.6244659423828,138.17483520507812,-81.02314758300781,47.09604263305664,-17.224088668823242,-0.7324020266532898,-37.364803314208984,-13.704391479492188,-22.09661865234375,-21.91252326965332,-7.339831352233887,-8.977224349975586,-21.50132179260254,-22.116283416748047,-8.556084632873535,-17.07269287109375,-1.7666187286376953,-9.771147727966309,1.223954677581787,10.113205909729004,1,1,1
187_Aaniraimekkani,2745225,2756250,0.09459326416254044,0.03346946022727273,2215.3901195398344,2518.998605928817,-247.299560546875,138.56854248046875,-73.78710174560547,25.37805938720703,-21.086835861206055,-0.9244775772094727,-40.976016998291016,-15.029647827148438,-15.064901351928711,-19.176607131958008,-10.720931053161621,-15.516500473022461,-22.305360794067383,-26.612504959106445,-1.8968498706817627,-6.148165702819824,5.690310478210449,8.225667953491211,15.264264106750488,26.518251419067383,1,1,1
187_Aaniraimekkani,2756250,2767275,0.09948644042015076,0.05588600852272727,2461.1402797485616,2374.9527844988156,-227.7768096923828,139.99082946777344,-96.83090209960938,34.49011993408203,-25.815675735473633,-7.248846530914307,-40.40538024902344,-9.772765159606934,-24.129308700561523,-24.17060089111328,-3.2786269187927246,-3.968324899673462,-12.824496269226074,-16.011545181274414,2.3279788494110107,-8.83316421508789,-7.480459690093994,-10.51395034790039,1.8553837537765503,7.491003036499023,1,1,1
187_Aaniraimekkani,2767275,2778300,0.10289392620325089,0.06995738636363637,2863.8791713134233,2575.997332119528,-206.45648193359375,133.17344665527344,-100.9742660522461,48.87744140625,-24.146240234375,9.47577953338623,-40.94826889038086,-16.68267059326172,-32.23582458496094,-30.9349308013916,-5.340240478515625,1.9794601202011108,-13.548941612243652,-12.389845848083496,1.8445595502853394,3.5155646800994873,-5.94140625,-24.864521026611328,-2.591726303100586,-18.996002197265625,0,1,1
187_Aaniraimekkani,2778300,2789325,0.07070376724004745,0.037797407670454544,2133.6498370520058,2434.1685971395136,-265.2003173828125,151.58616638183594,-72.43407440185547,31.223731994628906,-19.33954620361328,3.638622283935547,-32.06959533691406,-20.984521865844727,-29.964752197265625,-23.294153213500977,-4.099490642547607,-14.241341590881348,-7.543391227722168,-19.108718872070312,-9.737237930297852,-2.9200944900512695,-1.7997387647628784,-6.5233659744262695,1.961668848991394,8.135629653930664,0,1,1
187_Aaniraimekkani,2789325,2800350,0.06369573622941971,0.034978693181818184,2275.344503883773,2692.6940348508747,-285.4295654296875,136.62454223632812,-64.52552032470703,37.025123596191406,-8.50081729888916,2.1388540267944336,-42.147621154785156,-16.79612159729004,-26.860258102416992,-19.317384719848633,-2.7162656784057617,-19.964570999145508,-4.827650547027588,-12.161406517028809,-5.30116081237793,-4.0375165939331055,-7.542173862457275,-11.892583847045898,0.11545705050230026,8.329230308532715,0,1,0
187_Aaniraimekkani,2800350,2811375,0.07043663412332535,0.042436079545454544,2303.6028952409215,2557.6497431330863,-259.4176940917969,145.0543975830078,-73.6776123046875,28.874860763549805,11.50640869140625,3.8359453678131104,-45.764591217041016,-17.651649475097656,-27.319978713989258,-15.699700355529785,-5.588048458099365,-20.732397079467773,-12.114432334899902,-15.37234878540039,-2.8035929203033447,-2.619230270385742,-7.14438009262085,-16.708515167236328,-6.42812967300415,-5.3137125968933105,1,1,1
187_Aaniraimekkani,2811375,2822400,0.07152780890464783,0.028897372159090908,1784.949157514987,2208.97651726183,-281.5644226074219,173.56927490234375,-60.7039909362793,28.826677322387695,15.635636329650879,-8.596272468566895,-33.87478256225586,-16.11985969543457,-24.214008331298828,-16.381492614746094,-10.093169212341309,-16.41045379638672,-15.962908744812012,-19.486324310302734,-4.0897955894470215,-1.2406977415084839,-5.91187858581543,-10.016562461853027,-2.3451855182647705,-10.6622314453125,1,1,1
187_Aaniraimekkani,2822400,2833425,0.06081261858344078,0.023659446022727272,1605.1741373470227,2241.0376292188207,-312.6814880371094,166.19198608398438,-47.08758544921875,27.896608352661133,16.785327911376953,-5.194535732269287,-28.087646484375,-15.609842300415039,-24.811357498168945,-24.945423126220703,-10.557317733764648,-19.155466079711914,-13.621410369873047,-14.45614242553711,-11.865769386291504,-6.556455612182617,-9.542619705200195,-8.36605453491211,-1.6187297105789185,-9.186722755432129,1,1,1
187_Aaniraimekkani,2833425,2844450,0.07695525139570236,0.019375887784090908,1745.7819947889984,2571.6890479864637,-299.27685546875,150.4492645263672,-45.16914367675781,36.51956558227539,1.5460453033447266,7.890780448913574,-23.845111846923828,-19.90064811706543,-21.558517456054688,-28.516572952270508,-12.0030517578125,-19.934871673583984,-10.62060832977295,-11.263190269470215,-16.202938079833984,-3.5853121280670166,-4.155375003814697,-8.863912582397461,0.7787744402885437,-6.795736789703369,1,1,1
187_Aaniraimekkani,2844450,2855475,0.06016358360648155,0.024880149147727272,1863.9567205754975,2634.797696406588,-302.9364013671875,152.59814453125,-41.55336380004883,26.4231014251709,1.3252253532409668,7.22421407699585,-33.65134048461914,-18.66191291809082,-27.41509246826172,-26.233226776123047,-12.293408393859863,-21.51837158203125,-10.851885795593262,-11.872071266174316,-12.9172945022583,-1.5566627979278564,3.0748062133789062,-12.11083698272705,-5.628852367401123,1.2144843339920044,1,1,1
187_Aaniraimekkani,2855475,2866500,0.05448354408144951,0.02277166193181818,1608.7897461572525,2386.91653278563,-314.0113525390625,171.48191833496094,-43.39131164550781,31.78447151184082,3.8410356044769287,10.116418838500977,-36.089900970458984,-14.287827491760254,-29.09984588623047,-28.11249542236328,-9.670336723327637,-24.980022430419922,-12.829672813415527,-8.721054077148438,-4.905064105987549,-2.436368227005005,-2.5647130012512207,-14.307061195373535,-10.906350135803223,-12.906198501586914,1,1,1
187_Aaniraimekkani,2866500,2877525,0.07505246251821518,0.017955433238636364,1314.3244021370328,2085.1620409233096,-309.4724426269531,175.93414306640625,-40.908329010009766,38.50316619873047,6.347224235534668,9.691181182861328,-29.132183074951172,-21.083412170410156,-21.33339500427246,-22.25838279724121,-8.117066383361816,-22.060850143432617,-16.441648483276367,-13.365983009338379,-13.466358184814453,-7.079961776733398,-3.1615960597991943,-15.220797538757324,-11.48116683959961,-9.991724014282227,1,1,1
187_Aaniraimekkani,2877525,2888550,0.0738024041056633,0.019176136363636364,1452.6645995728506,2199.8453425549874,-304.0001525878906,168.7547607421875,-49.12013244628906,42.71973419189453,8.485198974609375,8.096389770507812,-25.47704315185547,-23.328857421875,-22.795534133911133,-18.285051345825195,-4.913113117218018,-22.412595748901367,-20.641508102416992,-16.423274993896484,-16.207347869873047,-12.000578880310059,-0.5438869595527649,-12.7725248336792,-12.746953964233398,-6.366665840148926,1,1,1
187_Aaniraimekkani,2888550,2899575,0.05264325439929962,0.025767933238636364,1642.0005933458253,2212.687569937065,-312.77734375,179.20394897460938,-53.93074035644531,32.589778900146484,16.925962448120117,3.163501739501953,-21.296314239501953,-11.733016014099121,-14.981735229492188,-18.251920700073242,-6.784528732299805,-22.964033126831055,-15.256422996520996,-11.729107856750488,-19.58002471923828,-9.62490463256836,-2.6268701553344727,-12.940439224243164,-11.555375099182129,-8.858084678649902,1,1,1
187_Aaniraimekkani,2899575,2910600,0.03322397172451019,0.038019353693181816,1786.9651689932398,2038.8452747680028,-355.2080078125,180.55081176757812,-66.41686248779297,25.623199462890625,23.043624877929688,-14.009130477905273,-19.094499588012695,-16.932666778564453,-14.728067398071289,-10.880509376525879,-10.45943832397461,-18.775211334228516,-8.686405181884766,-6.570606708526611,-10.755971908569336,-3.725346326828003,-2.0654900074005127,-2.2672276496887207,-0.37472763657569885,-6.348895072937012,1,0,1
187_Aaniraimekkani,2910600,2921625,0.023574460297822952,0.03537819602272727,1866.8588293545522,2099.743615167561,-358.9652099609375,182.22018432617188,-64.5703125,27.120500564575195,4.7663445472717285,-15.219400405883789,-14.330316543579102,-12.48056697845459,-15.058341026306152,-12.659326553344727,-7.551661491394043,-21.290912628173828,-15.091449737548828,-2.8282926082611084,-6.677003383636475,-6.360490798950195,-6.231760025024414,-1.3915588855743408,7.597754955291748,-6.351509094238281,1,0,1
187_Aaniraimekkani,2921625,2932650,0.01956602744758129,0.03233753551136364,1738.2837142367687,2009.9986928927085,-381.6452331542969,192.5322723388672,-66.8336181640625,35.36019515991211,4.864352226257324,-10.871216773986816,-20.31560516357422,-8.12308120727539,-18.107990264892578,-4.367315292358398,-8.081991195678711,-14.916430473327637,-13.532147407531738,-11.864319801330566,-13.387899398803711,-8.349124908447266,-8.605395317077637,-7.0095133781433105,6.582074165344238,-5.358388900756836,1,0,0
187_Aaniraimekkani,2932650,2943675,0.01607361249625683,0.04030539772727273,1742.20518799958,2042.9842795216837,-393.9046630859375,198.809326171875,-62.987483978271484,41.54365539550781,7.404646396636963,-11.026557922363281,-34.25679016113281,-7.793128967285156,-25.7957706451416,-4.911414623260498,-9.730216026306152,-8.438857078552246,-1.0030388832092285,-2.168212413787842,-11.992849349975586,-7.778947830200195,-1.5716407299041748,-2.060835838317871,9.775178909301758,-11.271163940429688,0,0,0
187_Aaniraimekkani,2943675,2954700,0.044863469898700714,0.03260387073863636,1733.1970085262835,2209.286933642679,-305.2742614746094,190.20997619628906,-57.52707290649414,26.091753005981445,-5.840826511383057,10.600018501281738,-22.13853645324707,-7.284959316253662,-25.630340576171875,-15.108646392822266,2.897132158279419,-9.389949798583984,1.5590187311172485,-6.997497081756592,-13.555655479431152,-6.80168342590332,4.791619300842285,-10.231955528259277,-4.985040187835693,-13.032333374023438,0,1,1
187_Aaniraimekkani,2954700,2965725,0.0779314711689949,0.04929421164772727,1971.2395664394253,2196.9656999063545,-225.52447509765625,186.45054626464844,-80.24412536621094,18.707775115966797,-22.260719299316406,13.443963050842285,-35.81599426269531,-11.075424194335938,-9.73241901397705,-13.781538963317871,5.667975425720215,-1.0066720247268677,-3.117292881011963,-16.467548370361328,-18.91243553161621,-5.659419536590576,0.3545886278152466,-14.582877159118652,-9.586099624633789,-11.476422309875488,0,1,1
187_Aaniraimekkani,2965725,2976750,0.11976052075624466,0.06871448863636363,2278.2856964913153,2136.4967712053435,-183.5522918701172,171.72938537597656,-99.51065063476562,22.39743995666504,-21.641054153442383,4.670711994171143,-38.176387786865234,-17.11333656311035,-11.173494338989258,-16.822359085083008,-3.2062063217163086,2.34639310836792,-10.072480201721191,-27.57915687561035,-21.227710723876953,-0.4126810133457184,-3.746896266937256,-17.062803268432617,-1.3597970008850098,-13.973770141601562,1,1,1
187_Aaniraimekkani,2976750,2987775,0.15587466955184937,0.08234197443181818,2737.235650391341,2458.288116976171,-166.77523803710938,138.40101623535156,-112.1749038696289,41.224632263183594,-30.172191619873047,6.279611587524414,-38.29869079589844,-11.426732063293457,-8.904021263122559,-18.216901779174805,-3.8167707920074463,-4.906740188598633,-23.725629806518555,-24.807788848876953,-17.26453399658203,-0.8818021416664124,-1.9588543176651,-11.93566608428955,6.546789646148682,-13.494399070739746,1,1,1
187_Aaniraimekkani,2987775,2998800,0.0706644058227539,0.05189098011363636,2213.286357605976,2463.7194986007935,-240.7433624267578,164.94503784179688,-79.45303344726562,22.187700271606445,-20.57010841369629,8.381924629211426,-44.15201950073242,-11.249021530151367,-23.770854949951172,-17.357057571411133,-4.1020379066467285,-7.2152814865112305,-22.118989944458008,-22.345186233520508,-4.4201884269714355,-6.671849250793457,-5.193842887878418,-15.284255027770996,4.240316390991211,-6.277705669403076,1,1,1
187_Aaniraimekkani,2998800,3009825,0.06179749593138695,0.03824129971590909,1957.323554349852,2463.4609731308537,-264.93609619140625,167.12767028808594,-68.75836944580078,27.510231018066406,-18.864011764526367,3.027529716491699,-41.49577331542969,-17.474937438964844,-30.057029724121094,-23.757099151611328,-6.664346694946289,-10.948844909667969,-20.48079490661621,-17.001554489135742,-6.462946891784668,-6.522739887237549,-6.853375434875488,-11.239313125610352,6.035051345825195,-13.452676773071289,1,1,1
187_Aaniraimekkani,3009825,3020850,0.0860755443572998,0.03034002130681818,1869.9920777040033,2327.9809271676413,-242.51373291015625,167.60472106933594,-65.4454574584961,20.840749740600586,-12.23348331451416,-0.07319875061511993,-30.230798721313477,-22.100845336914062,-18.787214279174805,-21.25433921813965,-0.9566692113876343,-7.030300617218018,-15.50851821899414,-15.827731132507324,-14.865795135498047,-5.931300163269043,-12.745279312133789,-20.94048500061035,-3.574582815170288,-13.302865982055664,1,1,1
187_Aaniraimekkani,3020850,3031875,0.09229277819395065,0.03670987215909091,1859.9867723488335,2328.4460521150418,-239.9033203125,174.86270141601562,-70.69383239746094,25.271711349487305,-17.96186637878418,8.696860313415527,-36.55477523803711,-27.181520462036133,-13.863232612609863,-23.024580001831055,-4.482654571533203,-2.5939507484436035,-13.378421783447266,-21.653745651245117,-24.504962921142578,-4.405704021453857,-12.593153953552246,-22.297889709472656,-5.301939964294434,-18.935895919799805,1,1,1
187_Aaniraimekkani,3031875,3042900,0.06539099663496017,0.03957297585227273,1947.1313310497717,2264.1703562873436,-257.8613586425781,177.67257690429688,-75.5206527709961,30.37464714050293,-2.5089123249053955,12.932709693908691,-28.758054733276367,-17.102455139160156,-17.11515998840332,-19.760074615478516,-4.313844203948975,-13.614813804626465,-3.969076633453369,-18.907333374023438,-18.663070678710938,-2.994619131088257,-4.037198066711426,-17.32625961303711,-12.850543022155762,-8.975890159606934,1,1,1
187_Aaniraimekkani,3042900,3053925,0.05559498071670532,0.044611150568181816,2059.025755622766,2365.4318946383564,-261.357421875,175.90391540527344,-74.50039672851562,30.84748077392578,1.8378474712371826,14.542712211608887,-32.32555389404297,-15.869073867797852,-15.410375595092773,-8.011384010314941,-2.243159770965576,-17.985252380371094,-11.966601371765137,-8.24438190460205,-12.442733764648438,-2.241497039794922,2.5159075260162354,-14.711355209350586,-5.520541667938232,-10.83236026763916,1,1,1
187_Aaniraimekkani,3053925,3064950,0.06455925852060318,0.03981711647727273,1728.4626438802698,2164.5243953408562,-263.8138732910156,189.00975036621094,-61.2150993347168,14.960277557373047,-13.592766761779785,1.2782639265060425,-29.374570846557617,-2.776754140853882,-18.87494659423828,-21.131872177124023,-3.105313301086426,-15.87289047241211,-1.4884483814239502,-6.6334919929504395,-10.830031394958496,-14.470440864562988,-3.837510824203491,0.3838636577129364,-1.282335638999939,-15.80029582977295,1,1,1
187_Aaniraimekkani,3064950,3075975,0.05812500789761543,0.053666548295454544,2017.8383197423566,2427.308120214152,-267.0771484375,180.7794189453125,-63.798641204833984,23.57780647277832,-20.366365432739258,0.7525724768638611,-31.094532012939453,13.00809383392334,-26.035791397094727,-27.089500427246094,-12.292555809020996,-12.304276466369629,-9.719281196594238,-8.976841926574707,-3.4765684604644775,-18.699806213378906,-8.634685516357422,-6.6289896965026855,6.337836742401123,-22.841463088989258,1,1,1
187_Aaniraimekkani,3075975,3087000,0.07883373647928238,0.08438387784090909,2469.686774348624,2649.8937336279505,-240.97607421875,153.78775024414062,-75.67906951904297,39.29991912841797,-22.644508361816406,1.53553307056427,-29.445423126220703,8.641517639160156,-25.134418487548828,-34.545841217041016,-11.81149959564209,-0.18560591340065002,-10.764122009277344,-10.895837783813477,-13.070135116577148,-16.66486358642578,-8.589995384216309,-11.076552391052246,14.023688316345215,-28.355369567871094,1,1,1
187_Aaniraimekkani,3087000,3098025,0.079384945333004,0.07268732244318182,2274.593613568167,2343.0132621250045,-240.34800720214844,166.67828369140625,-78.00865173339844,26.981361389160156,-14.457534790039062,2.630220890045166,-34.2150993347168,0.8433525562286377,-23.32147979736328,-37.713035583496094,-4.309282302856445,5.6725239753723145,-3.9126996994018555,-15.569283485412598,-15.085625648498535,-10.170519828796387,-9.618636131286621,-13.411261558532715,3.0717203617095947,-27.23712730407715,1,1,1
187_Aaniraimekkani,3098025,3109050,0.08861834555864334,0.058904474431818184,2418.675854066204,2567.058568688348,-232.46897888183594,152.43064880371094,-74.4501724243164,39.8435173034668,-11.018776893615723,4.268001079559326,-42.5848274230957,1.046749234199524,-30.398225784301758,-30.180442810058594,3.3917014598846436,-5.207714557647705,-19.87055206298828,-21.062259674072266,-8.299445152282715,-21.629484176635742,-16.434940338134766,-19.22999382019043,-11.072529792785645,-5.629795551300049,1,1,1
187_Aaniraimekkani,3109050,3120075,0.06838486343622208,0.03579989346590909,2090.221642739626,2769.5270773157904,-272.44183349609375,150.49578857421875,-46.53605651855469,40.41745376586914,-13.900619506835938,8.152565002441406,-32.64710235595703,-16.3529109954834,-22.21802520751953,-13.071728706359863,-2.306797981262207,-13.203289985656738,-28.7366943359375,-28.457185745239258,-8.098101615905762,-10.318221092224121,-0.6339595317840576,3.7725555896759033,15.048371315002441,3.0908544063568115,1,1,1
187_Aaniraimekkani,3120075,3131100,0.06163167953491211,0.035356001420454544,1848.2186598305648,2439.364162129109,-295.3273620605469,162.39730834960938,-54.68190002441406,41.797332763671875,4.387707233428955,-1.917728066444397,-35.41331481933594,-15.033051490783691,-29.620502471923828,-13.013387680053711,-3.099741220474243,-25.04052734375,-30.192035675048828,-26.54084587097168,-9.563396453857422,-6.064104080200195,2.8581488132476807,0.007261861581355333,12.284808158874512,3.893544912338257,1,1,1
187_Aaniraimekkani,3131100,3142125,0.07652878761291504,0.03548916903409091,1852.6783423829313,2443.424738443268,-274.2467041015625,159.65089416503906,-55.05253601074219,42.38559341430664,1.3436070680618286,-3.627317190170288,-40.367130279541016,-9.397988319396973,-34.33866882324219,-20.987470626831055,-2.2263200283050537,-20.842647552490234,-21.337080001831055,-22.294883728027344,-7.559259414672852,-17.255359649658203,-19.300758361816406,-14.658172607421875,-5.164617538452148,-2.7907443046569824,1,1,1
187_Aaniraimekkani,3142125,3153150,0.06934957206249237,0.043656782670454544,1957.5814808804155,2313.8435558284923,-263.92547607421875,169.40585327148438,-67.98143005371094,21.51654052734375,-3.9540162086486816,-5.022147178649902,-32.451107025146484,-8.904412269592285,-36.4239501953125,-26.725309371948242,-7.288434982299805,-9.86225414276123,-15.313986778259277,-18.210739135742188,-3.384758949279785,-12.817493438720703,-3.5259573459625244,-14.206226348876953,-10.205243110656738,-7.638599872589111,1,1,1
187_Aaniraimekkani,3153150,3164175,0.04735766723752022,0.05490944602272727,2050.424664234176,2312.031216949214,-296.9114074707031,173.88961791992188,-69.27639770507812,19.96587562561035,-1.2795403003692627,-6.007650375366211,-26.89008331298828,9.357481002807617,-38.65712356567383,-37.682071685791016,-11.549798965454102,-4.4775896072387695,-5.708218097686768,-12.450641632080078,-11.50430965423584,-10.386000633239746,-3.403982639312744,-9.753032684326172,0.8558590412139893,-14.99434757232666,1,1,1
187_Aaniraimekkani,3164175,3175200,0.0456199087202549,0.04359019886363636,2106.1962358714504,2328.7904584971648,-310.0075378417969,161.3866424560547,-63.665950775146484,34.09423828125,22.168296813964844,6.1522536277771,-42.12747573852539,-4.212285995483398,-23.235271453857422,-35.203880310058594,-5.068545341491699,-17.14521598815918,-9.941823959350586,-8.454272270202637,-14.201053619384766,-5.677254676818848,0.42007797956466675,-3.3410422801971436,-8.5214204788208,-18.118019104003906,0,1,1
187_Aaniraimekkani,3175200,3186225,0.04259149357676506,0.05923739346590909,2131.9794090105106,2461.4621029878904,-338.4655456542969,146.14471435546875,-67.68819427490234,41.86231994628906,17.18985939025879,7.964288234710693,-21.170387268066406,1.7393040657043457,-38.14073181152344,-21.817834854125977,1.2741111516952515,-14.364160537719727,-20.121740341186523,-23.897855758666992,-6.020135402679443,-0.10996565967798233,7.270079135894775,0.8112606406211853,-10.65842342376709,-20.270666122436523,0,1,1
187_Aaniraimekkani,3186225,3197250,0.057090677320957184,0.03968394886363636,2114.940349682325,2399.3676133762715,-322.2665100097656,137.71751403808594,-75.36477661132812,43.66506576538086,16.23489761352539,3.2463414669036865,-13.764420509338379,-7.313731670379639,-33.33851623535156,-18.744951248168945,-1.995254635810852,-9.715372085571289,-21.96412467956543,-19.718645095825195,-4.367118835449219,-7.9179229736328125,2.2369699478149414,-1.9003353118896484,-11.478622436523438,-24.402690887451172,1,1,1
187_Aaniraimekkani,3197250,3208275,0.04293011873960495,0.025146484375,1546.8791103812364,2173.098636282865,-352.2068176269531,168.72019958496094,-50.14933776855469,39.87141418457031,19.615901947021484,-3.6536009311676025,-30.03699493408203,-19.41130828857422,-34.63142395019531,-15.835519790649414,-2.5943892002105713,-16.590545654296875,-13.782029151916504,-25.371192932128906,-10.522246360778809,-6.93251371383667,-11.2403564453125,-9.978778839111328,-3.0955214500427246,-1.5268645286560059,1,1,1
187_Aaniraimekkani,3208275,3219300,0.04796893522143364,0.021395596590909092,1374.1195765140137,2002.9258666152984,-363.5451965332031,171.01495361328125,-43.11913299560547,47.299072265625,24.651233673095703,-8.280740737915039,-36.56558609008789,-23.57489776611328,-37.43899154663086,-18.54532241821289,1.376550316810608,-14.945727348327637,-13.357009887695312,-18.908954620361328,-12.623156547546387,-12.879178047180176,-19.336748123168945,-8.69081974029541,4.435938358306885,0.3876813054084778,1,1,1
187_Aaniraimekkani,3219300,3230325,0.04577188193798065,0.020618785511363636,1403.1859303706754,2069.533349916575,-366.4124755859375,170.77320861816406,-41.54771041870117,44.604522705078125,26.882801055908203,-13.775153160095215,-27.346351623535156,-19.27674102783203,-32.89094924926758,-15.21988582611084,4.846601486206055,-9.426055908203125,-16.658939361572266,-19.708351135253906,-16.41879653930664,-15.159958839416504,-17.113405227661133,-6.8614888191223145,2.08526611328125,-5.42820930480957,1,0,1
187_Aaniraimekkani,3230325,3241350,0.04184630885720253,0.03260387073863636,1749.8379985261154,2092.513495720677,-343.9959716796875,172.0373077392578,-61.2021369934082,27.244102478027344,21.261816024780273,-15.972415924072266,-21.49610710144043,-15.396729469299316,-17.76740837097168,-13.294827461242676,-8.114622116088867,-17.577669143676758,-16.86395835876465,-9.604741096496582,-3.458709955215454,-3.6480743885040283,-7.182837009429932,-7.6522536277771,-0.7459207773208618,-5.851499557495117,1,0,1
187_Aaniraimekkani,3241350,3252375,0.020807813853025436,0.056218927556818184,2045.3861109301047,2232.681306637446,-373.8732604980469,171.30430603027344,-71.34393310546875,34.94784164428711,7.150323867797852,-10.525802612304688,-35.06405258178711,-10.333066940307617,-27.574674606323242,-5.450749397277832,-7.267703533172607,-12.656182289123535,-1.849404215812683,-7.832303047180176,-8.630257606506348,-1.6900337934494019,-3.52390193939209,-11.116942405700684,3.364915370941162,3.367180109024048,1,0,0
187_Aaniraimekkani,3252375,3263400,0.013645131140947342,0.04942737926136364,2217.053733043325,2500.0505832399253,-381.5439758300781,168.1306915283203,-69.11956787109375,32.35233688354492,-2.4841203689575195,4.2821831703186035,-34.16600036621094,-10.189630508422852,-30.304534912109375,-22.301286697387695,-4.135810852050781,-7.101682662963867,-5.123392105102539,-1.4375165700912476,-8.042433738708496,0.1328117847442627,9.698662757873535,-5.679686546325684,3.861358880996704,-0.9966831803321838,0,0,0
187_Aaniraimekkani,3263400,3274425,0.014302331954240799,0.04525479403409091,2189.3959744975723,2592.497855971772,-385.03515625,172.0680389404297,-66.11359405517578,35.812896728515625,-21.77757453918457,6.792564868927002,-33.74465560913086,-3.872609853744507,-25.98950958251953,-19.88304328918457,-18.094816207885742,-1.8363537788391113,-3.3894174098968506,-0.8981945514678955,-1.1519851684570312,-7.928244113922119,6.975427627563477,-0.42781534790992737,4.0222344398498535,-5.976456165313721,0,0,0
187_Aaniraimekkani,3274425,3285450,0.07709623128175735,0.044011896306818184,2125.069441408807,2538.5458374477967,-305.60546875,135.08981323242188,-56.934715270996094,27.853845596313477,4.609463214874268,-0.3629114031791687,-36.61812973022461,-17.25742530822754,-18.69116973876953,-20.142728805541992,-16.869800567626953,-22.935768127441406,-1.9970479011535645,-3.873851776123047,-9.130814552307129,-9.245203971862793,-4.1560959815979,-5.74177360534668,10.57535457611084,10.656139373779297,0,1,1
187_Aaniraimekkani,3285450,3296475,0.06911399960517883,0.028941761363636364,1902.8103939058353,2398.740508477466,-325.9501647949219,139.9680938720703,-60.44827651977539,31.384483337402344,-5.864407062530518,-4.100637435913086,-26.47631072998047,-11.058290481567383,-29.435718536376953,-22.75189208984375,-10.06286334991455,-23.39818000793457,-4.700073719024658,-6.8844380378723145,-7.338796615600586,-6.620141983032227,-5.511773109436035,-5.980737686157227,8.425642967224121,17.105876922607422,0,1,1
187_Aaniraimekkani,3296475,3307500,0.0725032165646553,0.030051491477272728,1792.9157351449205,2395.061257345416,-321.0405578613281,139.29666137695312,-61.008949279785156,27.415510177612305,-12.628670692443848,-0.49710017442703247,-27.642499923706055,-2.070019483566284,-28.98065185546875,-28.225563049316406,-5.7709832191467285,-15.604376792907715,-9.370292663574219,-0.5272958278656006,-11.257427215576172,-21.013059616088867,-1.9214907884597778,-4.23441743850708,8.320090293884277,11.309548377990723,0,1,1
187_Aaniraimekkani,3307500,3318525,0.059454094618558884,0.04066051136363636,2009.9841393403126,2492.6991230800177,-327.2987060546875,134.8731689453125,-61.210205078125,31.187286376953125,2.446507453918457,2.0243871212005615,-35.68162536621094,-15.993488311767578,-24.694826126098633,-16.87180519104004,-8.173916816711426,-14.287628173828125,-8.182683944702148,-13.300280570983887,-8.58397388458252,-8.101611137390137,0.02783450298011303,-6.156326770782471,3.8353357315063477,11.395394325256348,1,1,1
187_Aaniraimekkani,3318525,3329550,0.02122172899544239,0.057328657670454544,2056.2954712067776,2262.8885523870426,-373.9243469238281,165.23533630371094,-68.70443725585938,21.2078800201416,6.116748332977295,-4.673558712005615,-33.54328918457031,-5.591575622558594,-15.584589004516602,-7.680859088897705,-15.365548133850098,-9.182318687438965,-1.5418486595153809,-11.237946510314941,-8.778166770935059,-3.169896125793457,3.458937168121338,-3.0656349658966064,2.8766822814941406,-3.5547523498535156,0,1,0
187_Aaniraimekkani,3329550,3340575,0.02036912739276886,0.06458629261363637,2276.7885753765518,2297.3776040278653,-386.05938720703125,151.19737243652344,-91.16285705566406,22.55311393737793,1.6340900659561157,3.0687248706817627,-35.605533599853516,2.0450925827026367,-13.564825057983398,1.9957079887390137,-15.837158203125,-1.6014529466629028,1.1017919778823853,-12.313297271728516,-11.13851261138916,-8.245687484741211,-0.714576780796051,-5.006978511810303,7.879693508148193,0.5579885244369507,1,0,0
187_Aaniraimekkani,3340575,3351600,0.019846715033054352,0.05726207386363636,2250.8905172612826,2406.34684380806,-359.181640625,164.72422790527344,-77.29113006591797,21.63640785217285,-10.663369178771973,4.063165187835693,-32.08869934082031,-6.7247819900512695,-14.721185684204102,-4.797386169433594,-18.046152114868164,-12.01928997039795,-7.011634349822998,-11.613265037536621,-4.846236228942871,-2.363330841064453,-0.8286221027374268,-7.8851776123046875,5.043830394744873,-1.7008368968963623,1,0,0
187_Aaniraimekkani,3351600,3362625,0.0599546916782856,0.03622159090909091,1923.253502299528,2300.146296327084,-306.4190979003906,163.33583068847656,-60.748390197753906,29.708473205566406,0.8022884130477905,-8.939845085144043,-27.611730575561523,-14.370473861694336,-8.527139663696289,-25.433927536010742,-16.04062843322754,-7.102614879608154,-16.291669845581055,-9.858667373657227,-10.330918312072754,-15.0989351272583,-7.656692028045654,-11.304149627685547,0.4052136242389679,-11.654589653015137,1,1,1
187_Aaniraimekkani,3362625,3373650,0.07183966040611267,0.03444602272727273,1929.963245272357,2094.285983612698,-293.1238708496094,165.90542602539062,-76.78619384765625,38.7076416015625,11.386414527893066,-2.844815969467163,-26.79107093811035,-19.938217163085938,-18.092329025268555,-44.210716247558594,-3.7882392406463623,1.6682037115097046,-12.571435928344727,-6.933516979217529,-14.951953887939453,-20.813535690307617,-13.285684585571289,-10.844627380371094,-12.912750244140625,-8.155657768249512,1,1,1
187_Aaniraimekkani,3373650,3384675,0.03995511680841446,0.043767755681818184,1942.216824503269,2173.7929469288088,-331.36273193359375,165.83665466308594,-63.513099670410156,32.38140869140625,8.163483619689941,-2.8531267642974854,-22.14349365234375,-14.329889297485352,-14.430724143981934,-25.665325164794922,-8.657479286193848,-9.017083168029785,-9.38170051574707,-4.862850189208984,-11.413294792175293,-15.607501029968262,-9.39913558959961,-18.19660186767578,-13.914200782775879,-2.1517481803894043,1,1,1
187_Aaniraimekkani,3384675,3395700,0.07588540762662888,0.05246803977272727,2082.52017186485,2352.654690417761,-288.0758972167969,139.93724060058594,-74.35924530029297,25.04584503173828,-4.601188659667969,0.04620296135544777,-39.853092193603516,-12.864052772521973,-24.165491104125977,-15.651693344116211,-9.825641632080078,-14.602087020874023,-3.484407901763916,-20.300025939941406,-11.374032020568848,-5.688938140869141,-6.6393890380859375,-16.73744773864746,-5.743103504180908,1.4845077991485596,1,1,1
187_Aaniraimekkani,3395700,3406725,0.08181797713041306,0.04385653409090909,2210.6332309211207,2353.980826926312,-288.9057922363281,129.47430419921875,-75.24481964111328,34.38785934448242,5.094740390777588,-9.4052734375,-40.718868255615234,-14.72970199584961,-18.764978408813477,-13.646142959594727,-19.78534698486328,-24.360694885253906,-1.5978851318359375,-13.331185340881348,-8.542731285095215,-10.056634902954102,-1.8281208276748657,-6.5633745193481445,-0.19451099634170532,11.355632781982422,1,1,1
187_Aaniraimekkani,3406725,3417750,0.07558657974004745,0.051091974431818184,2061.5997327413666,2264.25836997388,-290.3692932128906,143.9957275390625,-70.69975280761719,19.666837692260742,1.8873292207717896,-2.9489951133728027,-32.70916748046875,-13.691976547241211,-20.00012969970703,-19.216432571411133,-14.213822364807129,-22.77117919921875,-10.481480598449707,-10.35556697845459,-7.570187091827393,-8.504729270935059,-2.527594566345215,-7.007203578948975,-0.9020982384681702,10.249909400939941,1,1,1
187_Aaniraimekkani,3417750,3428775,0.0726705864071846,0.03378018465909091,2030.4151634806724,2520.5357082677474,-299.3739929199219,138.7433319091797,-64.61068725585938,20.390575408935547,0.6968454122543335,2.2926948070526123,-36.01636505126953,-14.028456687927246,-25.88042449951172,-15.341140747070312,-12.502379417419434,-27.30120277404785,-6.27790641784668,-15.844939231872559,-10.325135231018066,-9.051704406738281,-7.391349792480469,-4.742523193359375,9.306178092956543,18.017112731933594,1,1,1
187_Aaniraimekkani,3428775,3439800,0.05694638565182686,0.031116832386363636,1851.5684065408911,2441.7409913560277,-331.0743103027344,145.3453826904297,-55.274776458740234,14.679238319396973,-0.5024002194404602,-0.10957106947898865,-33.83525085449219,-11.841986656188965,-28.465944290161133,-21.108009338378906,-9.085416793823242,-19.560871124267578,-8.01851749420166,-10.55850887298584,-9.361040115356445,-11.567359924316406,-4.23378849029541,-1.3908580541610718,8.519680976867676,18.157949447631836,0,1,1
187_Aaniraimekkani,3439800,3450825,0.06643252819776535,0.03575550426136364,1963.0265477206108,2370.6469038270548,-317.25653076171875,134.0613555908203,-70.60993194580078,35.96207046508789,-5.678190231323242,-1.8483647108078003,-42.05952072143555,-11.281768798828125,-24.527711868286133,-19.670621871948242,-6.677345275878906,-18.99293327331543,-10.495794296264648,-12.198022842407227,-9.450881958007812,-9.302947998046875,-3.2635583877563477,-14.055688858032227,1.8777813911437988,23.557126998901367,0,1,0
187_Aaniraimekkani,3450825,3461850,0.06310989707708359,0.047895951704545456,2001.0673550936508,2306.5609131004103,-316.549072265625,136.34552001953125,-78.17984008789062,40.49015426635742,-9.517659187316895,-0.9435276389122009,-41.75759506225586,-12.866387367248535,-21.191055297851562,-12.226659774780273,-5.029815196990967,-17.16924285888672,-12.960199356079102,-7.393936634063721,-10.640564918518066,-11.986985206604004,2.866753101348877,-20.606393814086914,0.014350674115121365,16.209901809692383,0,1,1
187_Aaniraimekkani,3461850,3472875,0.060401879251003265,0.034712357954545456,1879.6954038614285,2280.7465274079473,-333.3410339355469,138.32313537597656,-67.08539581298828,39.33327865600586,1.2387512922286987,-11.214014053344727,-41.33970260620117,-20.72783088684082,-21.762006759643555,-12.254752159118652,-13.11635684967041,-24.29986000061035,-7.639386177062988,-16.211824417114258,-16.72007179260254,-9.638899803161621,5.440211296081543,-3.356360673904419,2.854537010192871,13.643111228942871,0,1,1
187_Aaniraimekkani,3472875,3483900,0.05858619511127472,0.043989701704545456,2048.0550335901776,2424.004020426705,-330.6233825683594,131.4681854248047,-72.03363800048828,30.91753387451172,3.5447874069213867,-11.544794082641602,-33.19131088256836,-8.412650108337402,-24.159873962402344,-9.93637466430664,-5.380932807922363,-20.011146545410156,-3.9950385093688965,-14.433907508850098,-18.98712921142578,-11.390508651733398,4.191492557525635,-5.96687650680542,5.42559289932251,12.214107513427734,0,1,0
187_Aaniraimekkani,3483900,3494925,0.06687914580106735,0.03628817471590909,1981.7700694462403,2252.8777649353624,-307.5148620605469,142.62388610839844,-77.26367950439453,29.784116744995117,-11.854257583618164,-16.16397476196289,-31.0452880859375,-7.2984395027160645,-21.046104431152344,-16.204936981201172,-0.4894234836101532,-17.09687614440918,-12.225784301757812,-9.027957916259766,-16.55228042602539,-13.496618270874023,0.37409818172454834,-13.478992462158203,-5.878913879394531,8.15238094329834,0,1,1
187_Aaniraimekkani,3494925,3505950,0.085280641913414,0.05823863636363636,2127.0769055001338,2133.463361875191,-242.6013641357422,166.41261291503906,-95.80506134033203,3.746321201324463,-22.3177490234375,-18.377696990966797,-36.309234619140625,-17.131126403808594,-14.27667236328125,-10.306386947631836,-0.6984226107597351,-13.451043128967285,-12.724987030029297,-12.698486328125,-14.78688907623291,-11.918008804321289,-2.2313337326049805,-10.207439422607422,-14.601367950439453,-4.995486736297607,0,1,1
187_Aaniraimekkani,3505950,3516975,0.08355201780796051,0.051580255681818184,2120.588218080964,2114.160361445125,-236.8529815673828,161.36851501464844,-91.2081298828125,6.676470756530762,-25.80723762512207,-18.593965530395508,-40.704566955566406,-23.147014617919922,-6.998824596405029,-5.504196643829346,1.1798107624053955,-16.72283363342285,-11.914517402648926,-16.698387145996094,-9.573746681213379,-4.940537929534912,-2.1987147331237793,-6.333183765411377,-9.84177303314209,0.3041127920150757,1,1,1
187_Aaniraimekkani,3516975,3528000,0.0799589678645134,0.06489701704545454,2134.0363873971296,2099.3760743078496,-257.7054138183594,154.5772705078125,-91.84735107421875,17.534385681152344,-24.710416793823242,-13.144535064697266,-44.505245208740234,-19.72649574279785,-13.41421890258789,-9.461092948913574,2.114927291870117,-14.443438529968262,-20.352832794189453,-23.69567108154297,-9.017328262329102,-4.87229585647583,-4.306725025177002,-11.86639404296875,-8.300889015197754,7.860832691192627,0,1,1
187_Aaniraimekkani,3528000,3539025,0.06509722024202347,0.05373313210227273,2124.1270378856275,2275.0179023865567,-256.9875793457031,158.63758850097656,-82.6516342163086,10.324529647827148,-18.62106704711914,-6.657522678375244,-43.337825775146484,-20.773862838745117,-17.15387725830078,-6.500392436981201,0.7064951062202454,-3.872366428375244,-15.8012056350708,-19.874835968017578,-8.700711250305176,-3.1231043338775635,-3.947063446044922,-21.514751434326172,-5.749439239501953,-6.850891590118408,0,1,1
187_Aaniraimekkani,3539025,3550050,0.056994225829839706,0.05630770596590909,2049.3403446860407,2220.1352893051003,-279.5416259765625,167.3949737548828,-86.45758819580078,25.235929489135742,-22.97340965270996,6.302858352661133,-40.5034065246582,-29.14020538330078,-18.260604858398438,-11.531600952148438,-2.778801441192627,2.858659029006958,-6.221240520477295,-21.84010887145996,-23.60563850402832,-1.0413018465042114,-1.3978217840194702,-18.65135955810547,4.4431843757629395,-6.117591857910156,0,1,1
187_Aaniraimekkani,3550050,3561075,0.058739498257637024,0.058349609375,2174.991913514551,2276.624954336537,-268.147705078125,167.35609436035156,-93.53795623779297,19.85057258605957,-20.990402221679688,6.72943115234375,-47.987728118896484,-24.417552947998047,-19.257036209106445,-12.641988754272461,-2.4707677364349365,-0.7156329154968262,-12.24062728881836,-18.048839569091797,-17.421018600463867,-3.668966770172119,-1.031538963317871,-11.62271785736084,6.6412353515625,-9.302724838256836,0,1,1
187_Aaniraimekkani,3561075,3572100,0.056200992316007614,0.04671963778409091,1973.794188754946,2192.3888448564508,-284.4670715332031,168.1143798828125,-74.71700286865234,14.914083480834961,-0.8641586303710938,-2.126457452774048,-41.644981384277344,-29.827634811401367,-21.543703079223633,-17.17104148864746,-3.4851038455963135,-12.825979232788086,-10.001999855041504,-12.226508140563965,-15.924649238586426,-1.8820915222167969,-6.8424577713012695,-11.884098052978516,3.9096739292144775,-8.659728050231934,1,1,1
187_Aaniraimekkani,3572100,3583125,0.04472523182630539,0.05857155539772727,2030.136833611924,2167.005868921093,-296.1492004394531,176.1050567626953,-85.34062194824219,22.10365867614746,-8.506608009338379,-1.7568129301071167,-34.5748405456543,-18.74626350402832,-23.80516815185547,-17.60332679748535,-7.828017711639404,-8.073526382446289,-17.981924057006836,-15.131305694580078,-13.992392539978027,-9.649282455444336,-2.992871046066284,-7.408395290374756,1.5080673694610596,-7.815417766571045,1,1,1
187_Aaniraimekkani,3583125,3594150,0.03530501201748848,0.037642045454545456,1677.232376450305,1944.8738082391887,-362.7541198730469,180.14410400390625,-64.84691619873047,21.266056060791016,14.958316802978516,-18.379968643188477,-24.676240921020508,-15.049032211303711,-16.9794921875,-14.355704307556152,-11.099903106689453,-25.767230987548828,-19.467018127441406,-6.206286907196045,-3.1047699451446533,-5.493300914764404,-8.587485313415527,-3.865248203277588,4.535928249359131,-2.259500026702881,1,0,1
187_Aaniraimekkani,3594150,3605175,0.060489293187856674,0.022083629261363636,1517.9224051337044,2078.9001024383874,-349.0556335449219,164.06065368652344,-50.54557800292969,36.21529769897461,25.475988388061523,-17.180984497070312,-20.141010284423828,-19.92357635498047,-19.75031280517578,-14.827017784118652,-8.569705963134766,-22.480348587036133,-23.504308700561523,-9.314456939697266,-3.5820863246917725,-4.842118740081787,-13.572759628295898,-6.776912212371826,2.0341780185699463,-7.877976894378662,1,0,1
187_Aaniraimekkani,3605175,3616200,0.05277427285909653,0.022860440340909092,1643.9240840341627,2243.11873707749,-334.08087158203125,164.90623474121094,-51.374637603759766,22.764497756958008,12.422085762023926,-12.075976371765137,-25.440845489501953,-15.993584632873535,-15.218185424804688,-15.817736625671387,-11.29537296295166,-21.30717658996582,-21.20330047607422,-14.427326202392578,-5.94306755065918,-2.831559896469116,-5.7278289794921875,-6.316565036773682,-0.8934164047241211,-2.9737050533294678,1,0,1
187_Aaniraimekkani,3616200,3627225,0.05756724253296852,0.022594105113636364,1753.9337693620996,2331.856768500511,-329.4731140136719,156.38177490234375,-56.3274040222168,30.875581741333008,9.69627857208252,-4.525620937347412,-21.207134246826172,-14.2198486328125,-9.9948148727417,-19.358808517456055,-5.3388800621032715,-16.906156539916992,-19.88473892211914,-11.282721519470215,-11.938405990600586,-7.1447434425354,-5.793642997741699,-10.030045509338379,0.08546855300664902,-4.2757415771484375,1,0,1
187_Aaniraimekkani,3627225,3638250,0.04281078279018402,0.023326526988636364,1929.9709810147215,2448.781425772928,-339.8417663574219,158.21710205078125,-66.55724334716797,25.892784118652344,10.539182662963867,0.39013585448265076,-16.02212142944336,0.1453273892402649,-14.219350814819336,-16.494054794311523,-8.843912124633789,-16.998958587646484,-12.533703804016113,-10.734549522399902,-9.33115005493164,-12.829482078552246,-6.753567218780518,-7.921578884124756,-1.9803681373596191,-7.11918830871582,1,1,1
187_Aaniraimekkani,3638250,3649275,0.16313835978507996,0.07022372159090909,2539.736746752948,2581.1286344319997,-183.205810546875,131.22860717773438,-93.44634246826172,42.1519775390625,-35.54536056518555,3.0082221031188965,-28.006872177124023,-4.295988082885742,-10.175397872924805,-38.99331283569336,-5.864802360534668,-5.725061416625977,-3.1972315311431885,-12.264006614685059,-16.39148712158203,-8.196430206298828,-6.054867267608643,-0.22366227209568024,1.4781227111816406,-14.42687702178955,1,1,1
187_Aaniraimekkani,3649275,3660300,0.14478732645511627,0.05042613636363636,2242.9728684169695,2313.126478445748,-211.5685577392578,143.80117797851562,-93.44387817382812,34.033199310302734,-17.312335968017578,6.404566764831543,-29.05879020690918,-17.180023193359375,-13.800553321838379,-29.1182804107666,-8.536604881286621,-8.665902137756348,-10.505242347717285,-16.993972778320312,-20.645967483520508,-1.7644060850143433,-2.9190590381622314,-11.750289916992188,-7.582127571105957,-18.304750442504883,1,1,1
187_Aaniraimekkani,3660300,3671325,0.09041950106620789,0.047563032670454544,2012.6276405392384,2180.097196199758,-256.9073486328125,159.89596557617188,-81.8966064453125,25.39777183532715,8.015646934509277,-9.003763198852539,-33.623809814453125,-11.977941513061523,-32.8779296875,-12.796493530273438,-7.351147651672363,-9.956550598144531,-14.489228248596191,-11.784185409545898,-14.254973411560059,-9.652312278747559,1.9290149211883545,-15.635431289672852,-8.57467269897461,-21.11717987060547,1,1,1
187_Aaniraimekkani,3671325,3682350,0.10154961794614792,0.04807350852272727,2034.896920136627,2331.220182128367,-250.0277862548828,149.8859405517578,-75.80829620361328,36.339088439941406,-3.3791747093200684,-8.679828643798828,-29.441261291503906,-6.912123203277588,-26.828493118286133,-29.363481521606445,-8.175042152404785,-6.842657089233398,-12.71536922454834,-10.532959938049316,-12.947342872619629,-11.22164535522461,-9.013802528381348,-15.606281280517578,-0.21281519532203674,-23.271257400512695,1,1,1
187_Aaniraimekkani,3682350,3693375,0.11990749090909958,0.023037997159090908,1814.7477702675533,2269.4927873555457,-268.0446472167969,145.55958557128906,-61.10331726074219,45.917484283447266,6.597153186798096,-13.496856689453125,-14.450875282287598,-16.00794219970703,-39.58903884887695,-19.369155883789062,-2.410736083984375,-8.887284278869629,-16.745725631713867,-13.716317176818848,-11.869845390319824,-13.217583656311035,-2.8459091186523438,-14.030685424804688,-15.016608238220215,-20.569852828979492,1,1,1
187_Aaniraimekkani,3693375,3704400,0.1051751896739006,0.06536310369318182,2648.8305716986665,2662.188924203973,-222.06460571289062,129.18092346191406,-85.52156829833984,46.44858169555664,-16.616987228393555,-4.698868274688721,-28.035688400268555,-11.527446746826172,-20.95538330078125,-29.4959659576416,-0.598885178565979,-5.244331359863281,-11.239158630371094,-15.320226669311523,-16.023727416992188,0.31817805767059326,-1.7598971128463745,-8.743195533752441,-1.2604228258132935,-22.251609802246094,1,1,1
187_Aaniraimekkani,3704400,3715425,0.135159432888031,0.08334073153409091,2810.476890073936,2534.777060873624,-195.64918518066406,124.8132553100586,-112.40448760986328,46.23421859741211,-39.715396881103516,-5.143040180206299,-27.294963836669922,-8.817219734191895,-13.83328914642334,-37.399784088134766,-4.095918655395508,0.014804493635892868,-6.704531669616699,-16.53388786315918,-14.187394142150879,10.610461235046387,-4.528909206390381,2.4266164302825928,8.35953140258789,-16.649368286132812,1,1,1
187_Aaniraimekkani,3715425,3726450,0.13519978523254395,0.06605113636363637,2375.36954784921,2412.8548922896352,-220.16468811035156,139.4271697998047,-90.79022979736328,41.062721252441406,-16.125850677490234,-5.769028186798096,-18.38921356201172,-6.026283264160156,-16.513572692871094,-40.093177795410156,-9.04237174987793,-9.95927906036377,-13.642934799194336,-15.439270973205566,-19.24170684814453,-5.159167289733887,-10.945368766784668,-1.7865456342697144,-1.1422343254089355,-16.891218185424805,1,1,1
187_Aaniraimekkani,3726450,3737475,0.07780411839485168,0.038396661931818184,2255.074274736526,2636.87990998854,-277.2970886230469,138.06597900390625,-68.20010375976562,47.47360610961914,11.995580673217773,3.603088140487671,-32.92686080932617,-10.40018367767334,-19.453819274902344,-17.852170944213867,-12.734201431274414,-25.056482315063477,-17.265443801879883,-10.662155151367188,-10.147527694702148,-21.315889358520508,-8.18868637084961,-11.391449928283691,-4.373202323913574,-5.923779010772705,1,1,1
187_Aaniraimekkani,3737475,3748500,0.08115635812282562,0.028719815340909092,1920.120513491657,2489.3280065431613,-293.6130676269531,143.23985290527344,-56.28329849243164,39.63286209106445,17.512907028198242,-0.01858915016055107,-28.163110733032227,-5.290786266326904,-22.458282470703125,-22.650177001953125,-11.067093849182129,-25.5972900390625,-18.1810302734375,-10.898890495300293,-8.719783782958984,-16.013952255249023,-6.509864330291748,-8.332671165466309,-3.332692861557007,-9.089553833007812,1,1,1
187_Aaniraimekkani,3748500,3759525,0.11828777939081192,0.022705078125,1651.093199559201,2421.781767396461,-280.98944091796875,140.79736328125,-51.17878341674805,40.212955474853516,4.059195041656494,-2.943984270095825,-17.011280059814453,-0.5126323103904724,-15.941557884216309,-30.978179931640625,-15.585125923156738,-23.682126998901367,-24.087621688842773,-17.596866607666016,-6.826030254364014,-8.38620662689209,-9.819110870361328,-8.473183631896973,-1.9077587127685547,-13.512182235717773,1,1,1
187_Aaniraimekkani,3759525,3770550,0.09577469527721405,0.03342507102272727,1951.8656419943238,2472.5997682157,-264.1611633300781,146.2969207763672,-63.2913703918457,34.93446731567383,2.8427906036376953,4.469320297241211,-26.40532112121582,-3.35502552986145,-19.7382869720459,-24.0009765625,-6.786256790161133,-17.917814254760742,-17.731159210205078,-19.78786277770996,-14.3455228805542,-8.919615745544434,0.5644068121910095,-10.419017791748047,-8.245074272155762,-16.661088943481445,1,1,1
187_Aaniraimekkani,3770550,3781575,0.03150934725999832,0.034623579545454544,1814.7392300430604,2204.6010629246744,-361.4805908203125,167.72743225097656,-56.78936767578125,27.573881149291992,26.721254348754883,-0.6849096417427063,-14.311355590820312,-1.470665454864502,-3.711937189102173,-7.25627326965332,2.851145029067993,-10.341070175170898,-10.802491188049316,-9.271121978759766,-5.422886848449707,-2.8994574546813965,-10.627898216247559,-4.258045673370361,0.06437479704618454,-10.943535804748535,1,1,1
187_Aaniraimekkani,3781575,3792600,0.061321988701820374,0.013316761363636364,1396.734963766322,2126.8958368851936,-364.68572998046875,164.43707275390625,-45.57801818847656,38.92483139038086,31.620941162109375,-14.709569931030273,-19.927278518676758,-10.790203094482422,-12.141755104064941,-10.728459358215332,-7.672869682312012,-15.583154678344727,-18.104154586791992,-11.602230072021484,-7.631309986114502,-12.624317169189453,-14.338204383850098,-9.465991020202637,-2.112826347351074,-6.153130054473877,1,0,1
187_Aaniraimekkani,3792600,3803625,0.046710576862096786,0.012428977272727272,1389.6494326821792,2140.5987503325955,-365.33038330078125,179.6571807861328,-39.98186111450195,32.111637115478516,4.738874435424805,-15.794641494750977,-17.224262237548828,-13.42773723602295,-16.02088165283203,-15.345977783203125,-6.751330852508545,-16.520174026489258,-20.43129539489746,-10.679218292236328,-3.7344343662261963,-9.633578300476074,-16.522075653076172,-12.252030372619629,-4.344695568084717,-12.18356704711914,1,0,1
187_Aaniraimekkani,3803625,3814650,0.04519158974289894,0.014204545454545454,1260.6094952285478,1966.1141873756906,-376.7494201660156,178.93736267089844,-33.46974182128906,32.67527770996094,16.25519371032715,-18.009103775024414,-21.614959716796875,-17.761316299438477,-18.690898895263672,-14.585311889648438,1.084540843963623,-10.844901084899902,-18.782014846801758,-13.2799654006958,-13.10986614227295,-10.238852500915527,-16.214319229125977,-12.676021575927734,-1.6453055143356323,-10.841690063476562,1,1,1
187_Aaniraimekkani,3814650,3825675,0.06977391988039017,0.025479403409090908,1496.5454325441713,2121.3924045613935,-315.2500915527344,174.1201934814453,-46.018043518066406,43.4193229675293,6.669408798217773,-14.034250259399414,-24.811983108520508,-12.109045028686523,0.10914874076843262,-28.799806594848633,-14.727645874023438,-4.445895671844482,-21.862140655517578,-8.857481956481934,-6.605627059936523,-13.249866485595703,-13.085583686828613,-15.657469749450684,-3.8416640758514404,-11.13788890838623,1,1,1
187_Aaniraimekkani,3825675,3836700,0.06252236664295197,0.04110440340909091,1853.9236554181552,2175.0204925679823,-310.0259704589844,171.0216827392578,-67.24659729003906,42.729679107666016,12.452581405639648,-20.099510192871094,-28.086803436279297,-11.09616470336914,-5.200494766235352,-38.23081588745117,-10.274161338806152,-7.23858642578125,-30.604955673217773,-10.322537422180176,-5.789789199829102,-14.280529975891113,-13.526296615600586,-7.304651260375977,-6.982118606567383,-10.11257553100586,1,1,1
187_Aaniraimekkani,3836700,3847725,0.06563878059387207,0.03799715909090909,1684.4130554386604,1978.3579012983055,-310.5213623046875,180.8828582763672,-68.31389617919922,43.331241607666016,18.99817657470703,-16.738929748535156,-26.302196502685547,-9.07902717590332,-5.565094470977783,-38.60422134399414,-12.566808700561523,-8.371445655822754,-26.635286331176758,-12.92126178741455,-6.909452438354492,-11.332026481628418,-11.948412895202637,-1.7261608839035034,-7.103559494018555,-12.005593299865723,1,1,1
187_Aaniraimekkani,3847725,3858750,0.05732614919543266,0.021329012784090908,1446.6571717565341,2025.9102543940667,-335.6440124511719,181.9078826904297,-45.4518928527832,39.23650360107422,17.837814331054688,-10.251272201538086,-19.301618576049805,-11.771503448486328,-17.645170211791992,-25.712562561035156,-9.140877723693848,-10.897015571594238,-23.433473587036133,-14.014937400817871,-9.998722076416016,-15.877774238586426,-10.323650360107422,-6.919392108917236,-3.7913663387298584,-10.528573989868164,1,1,1
187_Aaniraimekkani,3858750,3869775,0.08723567426204681,0.017911044034090908,1560.0181182683364,2398.5678583011877,-308.6490783691406,154.79066467285156,-37.35110855102539,39.84749984741211,5.373518466949463,3.57534122467041,-30.103784561157227,-18.893571853637695,-24.010759353637695,-19.326562881469727,-5.820001125335693,-19.20965576171875,-14.232077598571777,-18.455734252929688,-13.483898162841797,-6.972593307495117,-3.764950752258301,-9.951350212097168,-3.8890013694763184,-7.733639240264893,1,1,1
187_Aaniraimekkani,3869775,3880800,0.08585526049137115,0.021395596590909092,1761.046348100929,2452.523043005072,-307.2939147949219,140.32476806640625,-47.86101150512695,43.330909729003906,17.507230758666992,1.5319809913635254,-37.53456115722656,-17.134687423706055,-11.244282722473145,-16.433778762817383,-13.866741180419922,-33.46230697631836,-12.982415199279785,-5.163230895996094,-11.754319190979004,-14.677560806274414,-9.788810729980469,-5.673882007598877,-5.450743198394775,-9.383637428283691,1,1,1
187_Aaniraimekkani,3880800,3891825,0.08268480747938156,0.022727272727272728,1690.401249298332,2360.3191932350423,-305.2084655761719,153.30894470214844,-44.9206428527832,29.8547306060791,8.343010902404785,6.828704357147217,-27.684465408325195,-18.37110710144043,-18.598520278930664,-19.480945587158203,-13.086856842041016,-19.144018173217773,-19.43144989013672,-13.9740571975708,-8.737834930419922,-6.343435287475586,-10.10952377319336,-12.754454612731934,1.4653397798538208,-14.329230308532715,1,1,1
187_Aaniraimekkani,3891825,3902850,0.05832692235708237,0.035688920454545456,2129.765192565555,2510.323705788676,-309.6065673828125,141.18663024902344,-62.69758605957031,49.34613037109375,14.482342720031738,20.159040451049805,-37.124385833740234,-10.820096015930176,-19.242094039916992,-19.713951110839844,-9.245823860168457,-31.100879669189453,-17.702556610107422,-11.519739151000977,-7.778839588165283,-10.463377952575684,-1.1435538530349731,-8.689071655273438,-6.865865707397461,-8.239472389221191,1,1,1
187_Aaniraimekkani,3902850,3913875,0.07700629532337189,0.020108309659090908,1409.1394186919356,1981.3342345939911,-327.8498840332031,166.3514404296875,-50.445858001708984,23.92140007019043,14.05014705657959,9.767468452453613,-26.58692741394043,-8.428176879882812,-16.674213409423828,-31.35728645324707,-11.844582557678223,-16.746479034423828,-17.85779571533203,-18.962162017822266,-14.147570610046387,-8.603095054626465,1.6589405536651611,-2.7348811626434326,-5.276979923248291,-13.31302547454834,1,1,1
187_Aaniraimekkani,3913875,3924900,0.07162178307771683,0.04307972301136364,2012.2930848938595,2508.398079067749,-291.9220886230469,141.93722534179688,-66.11711883544922,33.421993255615234,-5.246212482452393,28.666852951049805,-39.35605239868164,-17.338516235351562,-9.051111221313477,-15.175617218017578,-2.575298309326172,-11.402189254760742,-16.766115188598633,-21.272071838378906,-5.2204365730285645,-2.7032251358032227,-2.805511236190796,-11.429842948913574,0.045467671006917953,-15.02750301361084,1,1,1
187_Aaniraimekkani,3924900,3935925,0.09070446342229843,0.03904030539772727,2201.100347279662,2600.609104289454,-260.9252624511719,134.2216033935547,-73.37899780273438,31.43815803527832,3.908264398574829,19.61092185974121,-45.427120208740234,-17.654172897338867,-10.748239517211914,-15.680020332336426,-0.1743147075176239,-15.017195701599121,-18.972383499145508,-11.077068328857422,-7.6475372314453125,-6.340318202972412,-6.902951240539551,-14.287873268127441,3.3261404037475586,-9.05573844909668,1,1,1
187_Aaniraimekkani,3935925,3946950,0.0926823616027832,0.032914595170454544,1866.128204596479,2277.1493375798477,-257.3222961425781,159.69932556152344,-65.20668029785156,26.95503044128418,10.654224395751953,13.906164169311523,-49.982295989990234,-26.055004119873047,-11.568968772888184,-14.157974243164062,-2.445631265640259,-14.232656478881836,-16.42945671081543,-9.95479679107666,-8.176949501037598,-10.269397735595703,-12.461379051208496,-15.446420669555664,0.4332018792629242,-9.443144798278809,1,1,1
187_Aaniraimekkani,3946950,3957975,0.056522008031606674,0.029074928977272728,1834.3208196449705,2452.7557645881348,-301.3818054199219,161.1575164794922,-53.60369873046875,26.429187774658203,3.109220266342163,6.201025485992432,-44.431278228759766,-19.617280960083008,-23.323810577392578,-23.908174514770508,2.55655837059021,-16.740886688232422,-16.2055606842041,-9.421814918518066,-6.668930530548096,-11.51736831665039,-19.505197525024414,-11.080008506774902,0.9874972701072693,-13.589266777038574,1,1,1
187_Aaniraimekkani,3957975,3969000,0.06633677333593369,0.022172407670454544,1683.36805031947,2433.290301663757,-312.9431457519531,158.2954864501953,-45.69063949584961,27.407854080200195,2.1867780685424805,6.096214771270752,-46.35578536987305,-16.93775177001953,-20.543073654174805,-24.152952194213867,-2.2189035415649414,-16.347183227539062,-14.808374404907227,-9.897717475891113,-3.8668572902679443,-13.534623146057129,-20.97136116027832,-14.415273666381836,2.1916515827178955,-10.510390281677246,1,1,1
187_Aaniraimekkani,3969000,3980025,0.05207862704992294,0.023903586647727272,1471.1110096010643,2229.9021079268477,-339.3280029296875,174.03366088867188,-36.661258697509766,32.448246002197266,8.680447578430176,1.1546968221664429,-40.532798767089844,-17.53947639465332,-10.706969261169434,-19.989486694335938,-2.063518524169922,-18.9454288482666,-19.51011848449707,-13.011978149414062,-5.670582294464111,-6.604247570037842,-17.381074905395508,-17.37749481201172,-4.60634183883667,-7.169586658477783,1,1,1
187_Aaniraimekkani,3980025,3991050,0.05924876034259796,0.021950461647727272,1738.487601483138,2572.396703661528,-321.09295654296875,157.94337463378906,-35.82149124145508,40.66519546508789,16.387632369995117,5.798770904541016,-42.11424255371094,-4.956191539764404,-9.252140998840332,-19.29009246826172,-9.831714630126953,-21.307771682739258,-15.244684219360352,-10.662507057189941,-10.302766799926758,-16.521310806274414,-9.541473388671875,-15.225946426391602,-8.119134902954102,-10.297127723693848,1,1,1
187_Aaniraimekkani,3991050,4002075,0.10713348537683487,0.04281338778409091,1690.9506395507044,2150.2443709833283,-252.36341857910156,170.70706176757812,-60.990928649902344,27.292011260986328,-13.249335289001465,-1.7441933155059814,-30.304216384887695,-2.8669352531433105,-18.012659072875977,-30.51721954345703,-9.597275733947754,-5.473379135131836,-0.06944318115711212,-15.269550323486328,-20.54656410217285,-7.847536087036133,-10.854506492614746,-17.134172439575195,6.185724258422852,-12.864080429077148,1,1,1
187_Aaniraimekkani,4002075,4013100,0.12199879437685013,0.06809303977272728,2205.2071323085715,2133.076902873551,-207.01353454589844,157.92832946777344,-102.01190948486328,28.561412811279297,-17.25002098083496,-2.0289580821990967,-30.514305114746094,-14.544629096984863,-14.658251762390137,-23.43571662902832,-2.0939137935638428,-3.5114171504974365,-2.1760177612304688,-21.72130584716797,-23.803953170776367,3.319502353668213,-8.100903511047363,-10.36403751373291,-3.1406631469726562,-19.066198348999023,1,1,1
187_Aaniraimekkani,4013100,4024125,0.10526465624570847,0.049005681818181816,2051.246656001865,2098.0343524279324,-226.94174194335938,162.16465759277344,-92.45065307617188,22.595094680786133,-12.527959823608398,-0.8711868524551392,-37.04656219482422,-24.247148513793945,-21.026180267333984,-15.157683372497559,-7.261146545410156,-12.899590492248535,-2.01607346534729,-14.891510009765625,-20.17909812927246,-2.283179998397827,-3.9259002208709717,-14.974588394165039,-6.557107448577881,-9.092998504638672,1,1,1
187_Aaniraimekkani,4024125,4035150,0.08436782658100128,0.03371360085227273,1726.379970388238,2020.7425411047222,-262.4259033203125,180.65882873535156,-71.78457641601562,11.939393043518066,-0.732456386089325,1.4799621105194092,-40.79473114013672,-21.02741813659668,-23.59758758544922,-23.337486267089844,-7.519015312194824,-10.013277053833008,-6.796034336090088,-11.724127769470215,-9.531158447265625,-0.508968710899353,-4.3165082931518555,-14.504486083984375,-6.544081211090088,-10.44473648071289,1,1,1
187_Aaniraimekkani,4035150,4046175,0.06382239609956741,0.032515092329545456,1742.7982349354943,2149.0762387950567,-286.1999206542969,173.77236938476562,-65.88751983642578,17.784934997558594,-3.3678574562072754,7.3470354080200195,-29.035985946655273,-25.82341194152832,-15.491769790649414,-13.659549713134766,-9.554767608642578,-10.902006149291992,-5.490488052368164,-11.40651798248291,-7.259809970855713,0.8775532245635986,-3.457643747329712,-17.843116760253906,-9.42401123046875,-9.04099178314209,1,1,1
187_Aaniraimekkani,4046175,4057200,0.07636826485395432,0.036909623579545456,1639.958875125534,1862.3090111246647,-271.0273132324219,191.9743194580078,-72.9544677734375,6.02754020690918,5.762459754943848,0.8369004726409912,-42.62559127807617,-29.264793395996094,-20.7039852142334,-20.207735061645508,-8.048982620239258,-8.200482368469238,-6.2072834968566895,-10.45083999633789,-9.68394660949707,-0.25401291251182556,-6.595754623413086,-18.930538177490234,-7.857967853546143,-14.683121681213379,1,1,1
187_Aaniraimekkani,4057200,4068225,0.06145500764250755,0.03848544034090909,1690.8933455951235,1918.8245958428395,-289.819580078125,194.61126708984375,-76.44200897216797,11.943848609924316,-0.6201341152191162,5.070036888122559,-31.664581298828125,-27.776823043823242,-18.40723991394043,-20.233461380004883,-9.673625946044922,2.354750871658325,-0.48884227871894836,-15.592217445373535,-5.368514537811279,2.052175760269165,-7.649271011352539,-14.447698593139648,-8.193695068359375,-13.042681694030762,1,1,1
187_Aaniraimekkani,4068225,4079250,0.060219310224056244,0.03093927556818182,1525.1058583090519,1890.7065024832714,-321.646240234375,182.07826232910156,-67.98529052734375,17.999364852905273,7.003137588500977,-0.4707051217556,-29.83807945251465,-28.0659236907959,-25.010744094848633,-8.079026222229004,-5.179071426391602,-10.273940086364746,2.0817384719848633,-9.811553001403809,-11.236553192138672,0.6484304070472717,-5.066940784454346,-14.177817344665527,-3.596632480621338,-9.673615455627441,1,1,0
187_Aaniraimekkani,4079250,4090275,0.05777733027935028,0.025301846590909092,1341.3141876481582,1739.2020013498661,-330.3116760253906,199.60472106933594,-51.34642028808594,17.11907386779785,20.677391052246094,-12.102089881896973,-32.488983154296875,-29.17949104309082,-31.368345260620117,-20.368764877319336,-6.421311855316162,-14.578986167907715,0.35032281279563904,-0.8226397037506104,-8.461019515991211,0.6551364064216614,-6.2207255363464355,-9.36439323425293,-8.013566017150879,-10.588042259216309,1,1,1
187_Aaniraimekkani,4090275,4101300,0.07743067294359207,0.024769176136363636,1469.7965865824713,1952.4417895208985,-292.5447998046875,194.02154541015625,-52.774967193603516,20.664384841918945,5.095378398895264,-15.432989120483398,-25.25037956237793,-30.08424186706543,-31.625831604003906,-20.819011688232422,-1.7964569330215454,-8.432918548583984,-0.6744850277900696,1.3918941020965576,-9.1405029296875,-2.537550449371338,-1.7991925477981567,-6.212541103363037,-5.345454692840576,-9.130779266357422,1,1,1
187_Aaniraimekkani,4101300,4112325,0.043394748121500015,0.02838689630681818,1615.546267643085,2040.0012370614888,-337.33087158203125,181.23558044433594,-53.66189193725586,26.397443771362305,15.380536079406738,-14.492351531982422,-13.160918235778809,-16.65802001953125,-17.105985641479492,-14.719491004943848,-11.892258644104004,-19.289379119873047,-8.39511489868164,2.1994309425354004,-7.45147705078125,-11.54341983795166,-6.8108930587768555,-1.686483383178711,0.284004807472229,-5.05025577545166,1,1,1
187_Aaniraimekkani,4112325,4123350,0.027919910848140717,0.03457919034090909,1683.3229240912792,1954.1753322169163,-361.6264343261719,192.41709899902344,-68.29181671142578,36.561676025390625,9.94251823425293,-13.590792655944824,-20.76998519897461,-5.989238262176514,-20.07168197631836,-6.170365810394287,-10.396002769470215,-22.39241600036621,-13.351576805114746,-5.733713150024414,-10.165846824645996,-8.520029067993164,-4.3431477546691895,-3.3678207397460938,3.7576043605804443,-7.0226664543151855,1,0,1
187_Aaniraimekkani,4123350,4134375,0.042485106736421585,0.03187144886363636,1688.6725141714005,1949.6488347682928,-343.07720947265625,181.3721160888672,-61.36033630371094,26.912046432495117,21.903564453125,-23.736839294433594,-17.48432159423828,-17.046998977661133,-23.617340087890625,-10.700996398925781,-5.5744853019714355,-20.86046600341797,-9.705513954162598,-0.5473774075508118,-9.212681770324707,-6.973269939422607,-4.308350086212158,-2.1726162433624268,3.0295369625091553,-3.2787482738494873,1,0,1
187_Aaniraimekkani,4134375,4145400,0.0249855387955904,0.039994673295454544,1980.3947667864215,2279.6096096751203,-342.86395263671875,177.908447265625,-67.56253051757812,29.83014488220215,3.1172163486480713,-19.271991729736328,-27.99170684814453,-16.078372955322266,-29.9744873046875,-12.28335952758789,-4.918684005737305,-17.79131507873535,-4.942676067352295,0.4924156069755554,-8.393149375915527,-9.51247787475586,0.19527868926525116,0.7484937310218811,6.132194519042969,3.011406183242798,1,0,0
187_Aaniraimekkani,4145400,4156425,0.0183618925511837,0.041681463068181816,2162.742603973599,2529.96819543327,-352.8974914550781,172.1598663330078,-67.45177459716797,29.434038162231445,-12.082413673400879,-3.265793561935425,-27.961952209472656,-10.73222827911377,-26.73890495300293,-15.365754127502441,-10.034330368041992,-11.840498924255371,-9.88881778717041,0.7942399978637695,-6.975997447967529,-9.51260757446289,7.07533073425293,1.7041411399841309,11.610345840454102,-1.3193557262420654,1,0,0
187_Aaniraimekkani,4156425,4167450,0.05020838603377342,0.039750532670454544,1867.5091317705687,2267.478251091411,-315.8755187988281,172.6993408203125,-57.10358810424805,13.583321571350098,2.8918864727020264,-7.930314540863037,-21.340259552001953,-8.403263092041016,-28.145971298217773,-21.682838439941406,-8.126883506774902,-14.813092231750488,0.25272563099861145,-0.6979517936706543,-10.511005401611328,-12.511474609375,0.6280240416526794,6.881242752075195,5.710124969482422,-4.0380940437316895,0,1,1
187_Aaniraimekkani,4167450,4178475,0.09552021324634552,0.05224609375,2108.561099072492,2326.662992396275,-223.27798461914062,166.69525146484375,-84.11255645751953,18.073522567749023,-17.79456329345703,7.074697494506836,-27.192115783691406,-16.834409713745117,-12.119912147521973,-39.26080322265625,2.7220304012298584,1.038950800895691,2.8965799808502197,2.8809220790863037,-18.926124572753906,-12.922577857971191,-3.821234941482544,-2.394571304321289,-7.067650318145752,-14.059368133544922,0,1,1
187_Aaniraimekkani,4178475,4189500,0.089512899518013,0.07106711647727272,2354.567737115809,2357.02950915094,-221.01780700683594,162.7586669921875,-100.8116226196289,26.292970657348633,-20.87392234802246,11.910503387451172,-30.2762508392334,-19.825021743774414,-10.58358383178711,-30.552152633666992,6.843859672546387,-2.238778591156006,-1.2556318044662476,-6.390539646148682,-22.03282356262207,-6.129420280456543,1.8607672452926636,-6.454736232757568,-8.064800262451172,-11.709790229797363,0,1,1
187_Aaniraimekkani,4189500,4200525,0.08158160001039505,0.054620916193181816,2181.009012003783,2163.691007490268,-230.4557647705078,168.18199157714844,-97.77587127685547,27.6618709564209,-12.91122817993164,10.942351341247559,-37.47106170654297,-26.536413192749023,-13.007343292236328,-20.590984344482422,-1.1466724872589111,-7.878617763519287,-9.601250648498535,-3.067405939102173,-13.494736671447754,-2.355586051940918,0.8156849145889282,-16.690420150756836,-7.79210090637207,-14.285721778869629,1,1,1
187_Aaniraimekkani,4200525,4211550,0.07168621569871902,0.05240145596590909,1998.6150877521175,2130.3449761617667,-258.10699462890625,176.29522705078125,-84.48664093017578,21.7354679107666,-5.267353057861328,11.323774337768555,-40.75716781616211,-19.11180877685547,-20.514665603637695,-26.00292205810547,-1.7102725505828857,-8.784954071044922,-3.310892343521118,-4.945046901702881,-16.96971321105957,-3.821053981781006,3.046328544616699,-15.235159873962402,-4.832650184631348,-11.072161674499512,0,1,1
187_Aaniraimekkani,4211550,4222575,0.09626436978578568,0.04678622159090909,1950.9524082983291,2160.0046812325045,-245.86395263671875,162.9803466796875,-89.80990600585938,30.094636917114258,-8.318889617919922,7.875614643096924,-32.76413345336914,-11.499981880187988,-22.272130966186523,-25.429346084594727,0.028920792043209076,7.454668045043945,-6.087215900421143,-10.155363082885742,-14.964675903320312,-4.900669097900391,-3.9512252807617188,-23.269081115722656,-1.7424556016921997,-21.219633102416992,1,1,1
187_Aaniraimekkani,4222575,4233600,0.10312633216381073,0.05690696022727273,1949.252060878661,2099.320130142974,-238.6176300048828,162.98699951171875,-93.23141479492188,32.668357849121094,-13.262506484985352,4.445947647094727,-34.929996490478516,-14.498998641967773,-15.726653099060059,-18.397140502929688,1.4022090435028076,0.4353904724121094,-7.9984130859375,-18.57379722595215,-20.41803741455078,-4.713260173797607,-4.338632106781006,-14.661285400390625,-6.787438869476318,-20.156709671020508,1,1,1
187_Aaniraimekkani,4233600,4244625,0.07883082330226898,0.031804865056818184,1653.404983853957,2141.9543779562296,-272.4269714355469,180.90879821777344,-62.02340316772461,12.059935569763184,-9.574994087219238,10.368753433227539,-33.130374908447266,-20.363679885864258,-19.819591522216797,-25.4582462310791,-0.5161313414573669,-9.49312686920166,-8.233728408813477,-11.884123802185059,-17.630878448486328,0.5718995928764343,0.3341449201107025,-15.339849472045898,-9.878141403198242,-11.566219329833984,1,1,1
187_Aaniraimekkani,4244625,4255650,0.07871907204389572,0.016313032670454544,1616.1061218255445,2512.2793137165395,-298.80596923828125,164.80418395996094,-37.31830978393555,30.61749267578125,-4.1131391525268555,5.32435941696167,-39.47380447387695,-19.77134895324707,-23.382661819458008,-28.518884658813477,-1.066398024559021,-10.418112754821777,-18.250925064086914,-13.367380142211914,-8.477194786071777,-6.970881462097168,-12.800219535827637,-21.20893669128418,0.30473989248275757,-9.300373077392578,1,1,1
187_Aaniraimekkani,4255650,4266675,0.09208312630653381,0.022860440340909092,1825.6403791825192,2604.351450089577,-279.4519348144531,148.60989379882812,-41.049293518066406,22.248411178588867,4.024323463439941,-0.8244604468345642,-31.627704620361328,-19.383434295654297,-20.7530460357666,-19.735212326049805,-6.948755264282227,-13.187874794006348,-14.971068382263184,-4.5845723152160645,-11.55669116973877,-16.2236385345459,-5.532448768615723,-21.503681182861328,-4.146885395050049,-10.74649429321289,1,1,1
187_Aaniraimekkani,4266675,4277700,0.1564198136329651,0.020263671875,1684.7715521495884,2484.736303308452,-250.11978149414062,141.7593231201172,-41.7028923034668,31.55402183532715,-4.216028690338135,-10.426339149475098,-16.126480102539062,-13.222853660583496,-16.882022857666016,-18.65044593811035,-13.064557075500488,-9.152314186096191,-17.421058654785156,-10.484810829162598,-14.526815414428711,-21.81015968322754,-8.130413055419922,-21.647859573364258,-7.038187026977539,-16.081924438476562,1,1,1
187_Aaniraimekkani,4277700,4288725,0.15571875870227814,0.026611328125,1833.5760656489247,2578.868910062682,-234.95465087890625,138.31820678710938,-42.87953567504883,31.60503387451172,-12.555461883544922,-8.678986549377441,-15.803420066833496,-12.879593849182129,-18.615711212158203,-30.158649444580078,-11.432831764221191,-5.5364813804626465,-17.974853515625,-5.141544818878174,-5.879220485687256,-15.832967758178711,-14.054322242736816,-15.33926010131836,6.150379657745361,-17.35402488708496,1,1,1
187_Aaniraimekkani,4288725,4299750,0.10279788821935654,0.051091974431818184,2303.2806539434973,2759.0741689754846,-230.13783264160156,135.39588928222656,-67.291015625,34.13022994995117,-23.27489471435547,-4.998838424682617,-23.113384246826172,-12.05509090423584,-21.910844802856445,-37.15083694458008,-12.073050498962402,-0.36813613772392273,-19.291837692260742,-11.514006614685059,-5.887112617492676,-7.152364730834961,-9.256455421447754,-8.965034484863281,11.584129333496094,-26.749052047729492,1,1,1
187_Aaniraimekkani,4299750,4310775,0.11476826667785645,0.04909446022727273,2329.2127233519986,2736.4719466123543,-222.41748046875,132.8731231689453,-68.99691009521484,37.0776481628418,-16.77704620361328,-0.9720225930213928,-22.515125274658203,-12.24438190460205,-20.318586349487305,-36.59096908569336,-11.963335990905762,-0.5783657431602478,-22.091453552246094,-13.16457462310791,-7.254613876342773,-3.759129524230957,-6.220860481262207,-8.237656593322754,9.685065269470215,-29.350557327270508,1,1,1
187_Aaniraimekkani,4310775,4321800,0.14882738888263702,0.030739524147727272,1734.9917665972405,2241.248281976621,-216.82015991210938,173.96331787109375,-60.283409118652344,20.987472534179688,-7.280397415161133,-0.29910600185394287,-25.937477111816406,-19.85102653503418,-23.73060417175293,-39.00930404663086,-6.684550762176514,-3.973905324935913,-11.315277099609375,-15.896261215209961,-22.115507125854492,-10.201424598693848,-11.252032279968262,-3.4292166233062744,1.0152479410171509,-27.756067276000977,1,1,1
187_Aaniraimekkani,4321800,4332825,0.11957922577857971,0.022416548295454544,1549.7006797180554,2169.1733806585707,-275.3756103515625,157.48353576660156,-48.16927719116211,33.38831329345703,22.579326629638672,-6.41728401184082,-34.858367919921875,-19.767446517944336,-18.28453254699707,-19.54475212097168,-10.305288314819336,-20.912858963012695,-15.630390167236328,-13.946569442749023,-22.062389373779297,-13.97811222076416,-10.709895133972168,-11.70178508758545,-0.9299108982086182,-14.565841674804688,1,1,1
187_Aaniraimekkani,4332825,4343850,0.10642408579587936,0.034246271306818184,1735.9177193725975,2216.8245827226024,-263.02117919921875,157.99050903320312,-61.21396255493164,49.579349517822266,-0.6616175174713135,-20.750171661376953,-20.070478439331055,-16.54499626159668,-34.22134017944336,-20.88031578063965,-7.433607578277588,-14.223174095153809,-27.233320236206055,-22.36060333251953,-9.985149383544922,-3.7505037784576416,-0.4137326180934906,-12.080533027648926,3.034071207046509,-20.698123931884766,1,1,1
187_Aaniraimekkani,4343850,4354875,0.14756132662296295,0.029385653409090908,1838.326370470297,2543.299273187725,-234.40106201171875,153.4558563232422,-44.118465423583984,46.87761306762695,-11.801985740661621,-13.141095161437988,-15.879013061523438,-13.350579261779785,-37.166378021240234,-20.72398567199707,-1.232296347618103,-20.683799743652344,-26.145416259765625,-19.072492599487305,-10.115059852600098,-7.005709648132324,-1.926074504852295,-7.06550931930542,0.03912041336297989,-19.047340393066406,1,1,1
187_Aaniraimekkani,4354875,4365900,0.08512497693300247,0.04392311789772727,2021.9899762943483,2332.8107419808157,-247.67276000976562,162.10540771484375,-74.01712036132812,10.801046371459961,-11.503189086914062,-6.1576924324035645,-40.92449188232422,-14.192488670349121,-23.084985733032227,-25.573036193847656,-1.703188419342041,-6.771958827972412,-17.932315826416016,-20.42696762084961,-9.238433837890625,-2.274118185043335,-7.191970348358154,-14.443719863891602,-5.142045021057129,-15.781203269958496,1,1,1
187_Aaniraimekkani,4365900,4376925,0.09849242866039276,0.06092418323863636,2192.359373687031,2148.782157294232,-225.6884765625,162.79344177246094,-99.47737121582031,15.845229148864746,-9.937674522399902,-4.644340991973877,-44.39946746826172,-9.492557525634766,-17.447370529174805,-17.60373878479004,-0.28946712613105774,3.4922919273376465,-14.674712181091309,-20.873563766479492,-7.629262924194336,-3.8082404136657715,-5.730025768280029,-14.72403335571289,-2.1226556301116943,-23.147220611572266,1,1,1
187_Aaniraimekkani,4376925,4387950,0.1061171367764473,0.056929154829545456,2292.2499722471507,2201.105527046687,-205.25634765625,165.4795379638672,-101.52328491210938,19.143253326416016,-15.211928367614746,-0.6809921860694885,-44.94815444946289,-17.578458786010742,-14.019338607788086,-20.880720138549805,3.1346404552459717,2.6343131065368652,-17.575637817382812,-16.393964767456055,-10.535079002380371,-4.400239944458008,-6.137720108032227,-14.779532432556152,-2.7847180366516113,-20.824995040893555,1,1,1
187_Aaniraimekkani,4387950,4398975,0.10105745494365692,0.05064808238636364,2183.66220212082,2142.255581247284,-209.28440856933594,172.7518768310547,-97.6189956665039,22.66129493713379,-13.339670181274414,-2.8625752925872803,-41.88029098510742,-18.198579788208008,-16.899822235107422,-25.443012237548828,1.0141669511795044,2.47609806060791,-15.212502479553223,-15.76114273071289,-7.838949203491211,-3.146714210510254,-5.293037414550781,-9.823953628540039,-4.471670150756836,-16.547502517700195,1,1,1
187_Aaniraimekkani,4398975,4410000,0.09400341659784317,0.043501420454545456,1976.8341808284376,2195.792909797285,-242.9463348388672,164.16395568847656,-81.69374084472656,19.404142379760742,3.0428659915924072,-3.411477565765381,-49.05120849609375,-17.506975173950195,-24.384479522705078,-14.877452850341797,-4.000955581665039,-13.538043022155762,-11.380815505981445,-14.527078628540039,-7.539138317108154,-2.5985090732574463,-7.0284953117370605,-16.571382522583008,1.3378962278366089,-13.255572319030762,1,1,1
187_Aaniraimekkani,4410000,4421025,0.07922515273094177,0.032958984375,1719.837226671232,2061.688020159068,-258.8490295410156,181.28114318847656,-71.53839111328125,20.342811584472656,3.7772207260131836,-4.681486129760742,-40.024574279785156,-25.031171798706055,-24.719310760498047,-13.48720645904541,-9.588349342346191,-23.848081588745117,-9.8533935546875,-10.66104507446289,-11.478328704833984,4.241496562957764,-1.291459560394287,-14.628050804138184,-0.33505967259407043,-13.853848457336426,1,1,1
187_Aaniraimekkani,4421025,4432050,0.068657785654068,0.04811789772727273,1845.2680230056787,2067.769803247662,-251.88929748535156,186.35440063476562,-79.49211883544922,12.73004150390625,-6.937239170074463,3.5922582149505615,-29.1182861328125,-18.299745559692383,-19.900041580200195,-23.542255401611328,-5.19568395614624,-6.370335578918457,-4.704877853393555,-10.015422821044922,-16.127784729003906,-0.012747049331665039,-3.830423593521118,-8.793461799621582,-2.5193545818328857,-16.808963775634766,1,1,1
187_Aaniraimekkani,4432050,4443075,0.06642868369817734,0.05202414772727273,1999.6628126398757,1994.0715597397611,-253.5903778076172,181.66891479492188,-97.08325958251953,23.503698348999023,-10.603292465209961,8.830855369567871,-32.28989028930664,-20.925443649291992,-18.611343383789062,-26.163206100463867,-5.406917095184326,-5.608320236206055,-8.936075210571289,-12.235437393188477,-12.707935333251953,-3.2694549560546875,-3.621645927429199,-7.970592975616455,-7.712012767791748,-16.479429244995117,1,1,1
187_Aaniraimekkani,4443075,4454100,0.05406817048788071,0.041304154829545456,1911.1700806102074,2205.804450939791,-262.3946533203125,184.68353271484375,-77.92792510986328,20.867385864257812,-11.181177139282227,4.078811168670654,-36.78538513183594,-17.510774612426758,-25.655000686645508,-16.759920120239258,-7.952339172363281,-11.377541542053223,-12.872206687927246,-13.051265716552734,-14.816266059875488,-10.12475872039795,1.598484754562378,-11.913512229919434,-3.2318265438079834,-13.399920463562012,1,1,1
187_Aaniraimekkani,4454100,4465125,0.07264956831932068,0.055863813920454544,1933.802923813916,2088.5401016339024,-250.92576599121094,185.26939392089844,-86.90750122070312,14.605118751525879,-11.987786293029785,4.038669109344482,-31.881406784057617,-8.733107566833496,-23.411842346191406,-28.043298721313477,1.2364673614501953,-2.8681046962738037,-4.156353950500488,-12.831398963928223,-16.584367752075195,-11.10048770904541,-3.5758306980133057,-3.5118443965911865,-0.2005939483642578,-19.26287078857422,1,1,1
187_Aaniraimekkani,4465125,4476150,0.055862486362457275,0.027432528409090908,1564.5804620950041,2004.2508095806459,-295.2558288574219,193.80323791503906,-64.04662322998047,32.37577438354492,-3.285811424255371,-7.636340141296387,-14.179703712463379,-4.01909065246582,-17.193418502807617,-22.98258399963379,-8.453169822692871,-14.878860473632812,-2.8942818641662598,2.6771199703216553,-11.229226112365723,-12.576294898986816,-4.966980457305908,-0.901310920715332,5.954839706420898,-7.610188007354736,1,1,1
187_Aaniraimekkani,4476150,4487175,0.019386569038033485,0.037775213068181816,2193.5801001986715,2660.857727229617,-353.03338623046875,166.71302795410156,-55.46006774902344,37.39453887939453,-15.710968017578125,10.674903869628906,-17.54903793334961,-9.117705345153809,-9.01962947845459,-13.706859588623047,-10.530277252197266,-20.72916603088379,-18.125274658203125,-4.350339412689209,-6.590597629547119,-7.9698486328125,1.4140156507492065,0.3163447678089142,8.906278610229492,-5.407191276550293,1,0,0
187_Aaniraimekkani,4487175,4498200,0.020572341978549957,0.043701171875,2351.6709491143283,2539.2233669320103,-339.3990783691406,166.58309936523438,-75.1199722290039,37.83424377441406,-18.46353530883789,5.964016437530518,-22.740938186645508,-11.826269149780273,-17.735048294067383,-11.574722290039062,-13.389885902404785,-16.27472496032715,-3.893014669418335,4.816142559051514,-0.3467917740345001,-4.324923992156982,3.8383307456970215,4.652972221374512,14.998984336853027,-0.8232648968696594,1,0,0
187_Aaniraimekkani,4498200,4509225,0.06684339046478271,0.04063831676136364,2134.081098485198,2579.605359087558,-307.4498291015625,148.87184143066406,-48.7509880065918,44.73348617553711,13.499399185180664,13.2717924118042,-17.7202091217041,-9.90556526184082,-4.025376796722412,-12.298233985900879,-3.1851961612701416,-16.33285903930664,-17.608068466186523,-9.858124732971191,-9.063904762268066,-8.589635848999023,0.5759792923927307,9.549762725830078,4.293327331542969,-8.829987525939941,1,1,1
187_Aaniraimekkani,4509225,4520250,0.09479884803295135,0.019819779829545456,1768.1419159020727,2530.2450380047026,-282.8139953613281,154.63270568847656,-38.4981689453125,59.030433654785156,11.463080406188965,29.230558395385742,-18.075197219848633,-13.367666244506836,3.2356085777282715,-15.810149192810059,7.25021505355835,-12.569388389587402,-28.353736877441406,-11.711511611938477,-12.7227144241333,-9.092879295349121,-1.9476360082626343,6.27839469909668,0.10190168023109436,-11.325292587280273,1,1,1
187_Aaniraimekkani,4520250,4531275,0.1219622790813446,0.012162642045454546,1601.8467242131053,2706.120632563285,-266.3541564941406,158.81503295898438,-26.770353317260742,44.62774658203125,-7.282240390777588,34.58588409423828,-20.7040958404541,-9.101130485534668,-3.002203941345215,-28.852231979370117,-3.665757894515991,-8.199687957763672,-9.548508644104004,-9.575565338134766,-17.446029663085938,-9.61301040649414,1.0772161483764648,3.6628427505493164,-3.3197824954986572,-13.32936954498291,1,1,1
187_Aaniraimekkani,4531275,4542300,0.10082650929689407,0.021284623579545456,1628.5919930398857,2585.2427074827788,-253.277587890625,170.85855102539062,-27.986852645874023,29.54975128173828,-5.408965587615967,23.364377975463867,-28.4691104888916,-14.646246910095215,-18.489229202270508,-20.430801391601562,-2.57322096824646,-13.040985107421875,-21.36960792541504,-26.098421096801758,-20.698772430419922,-12.774186134338379,7.729710578918457,-7.593465805053711,-6.505708694458008,-13.91775131225586,1,1,1
187_Aaniraimekkani,4542300,4553325,0.06751037389039993,0.020663174715909092,1636.6717843824988,2620.917827364777,-295.2052001953125,171.5640869140625,-23.326213836669922,36.533897399902344,-4.757118225097656,19.318740844726562,-19.966388702392578,-14.960461616516113,-11.50590705871582,-19.151960372924805,-0.03402454033493996,-15.391568183898926,-12.444402694702148,-12.115039825439453,-23.14454460144043,-9.897246360778809,1.779732584953308,-3.1034204959869385,-6.2045698165893555,-16.613773345947266,1,1,1
187_Aaniraimekkani,4553325,4564350,0.06178245693445206,0.01740056818181818,1497.0289736301472,2595.5635681757904,-316.6842346191406,174.1039581298828,-12.434990882873535,35.94297790527344,-6.5691142082214355,22.901371002197266,-14.712326049804688,-12.770532608032227,-7.059976577758789,-15.006701469421387,1.5639148950576782,-17.539051055908203,-9.328169822692871,-8.073127746582031,-19.83654022216797,-4.495611190795898,3.0612847805023193,-0.3256487548351288,-7.3506269454956055,-15.906167984008789,1,1,1
187_Aaniraimekkani,4564350,4575375,0.08817334473133087,0.020130504261363636,1609.4221765757982,2700.3789030523617,-282.3455505371094,169.66432189941406,-21.361949920654297,26.164796829223633,-4.9720377922058105,30.15886878967285,-27.14910316467285,-7.66878080368042,-15.933876991271973,-20.382980346679688,1.3751486539840698,-9.406561851501465,-14.535170555114746,-14.644216537475586,-20.61206817626953,-6.1158528327941895,9.434329986572266,-10.855966567993164,-2.3531856536865234,-16.711515426635742,1,1,1
187_Aaniraimekkani,4575375,4586400,0.08338318020105362,0.01333895596590909,1295.1482290050562,2370.1931231971244,-309.6632385253906,179.5056610107422,-12.314475059509277,20.352066040039062,-5.923109531402588,19.706825256347656,-22.51839256286621,-9.433727264404297,-24.995969772338867,-24.685325622558594,-4.73429536819458,-22.05710792541504,-19.449766159057617,-16.86819076538086,-20.660072326660156,-11.035640716552734,0.10961272567510605,-11.162160873413086,-6.133296012878418,-21.76915740966797,1,1,1
187_Aaniraimekkani,4586400,4597425,0.08097974210977554,0.013449928977272728,1311.143243750442,2339.0309621757438,-305.99822998046875,178.8888397216797,-13.961145401000977,22.5391845703125,-6.805714130401611,20.152198791503906,-18.434202194213867,-8.38692569732666,-21.9893741607666,-24.929298400878906,-11.621664047241211,-21.375093460083008,-13.259408950805664,-13.869945526123047,-16.077959060668945,-13.294437408447266,-1.1588276624679565,-6.039836406707764,-3.5348851680755615,-20.273120880126953,1,1,1
187_Aaniraimekkani,4597425,4608450,0.06223601475358009,0.021772904829545456,1460.6701638632678,2100.5928753528406,-307.4258117675781,183.11097717285156,-47.504581451416016,31.899168014526367,3.2685537338256836,5.934648513793945,-19.55974006652832,-8.582175254821777,-18.480804443359375,-21.4235782623291,-10.810456275939941,-23.74779510498047,-11.848566055297852,-6.781338214874268,-12.389331817626953,-10.66403579711914,-0.05605347454547882,-3.1377389430999756,1.3419337272644043,-12.257224082946777,1,1,1
187_Aaniraimekkani,4608450,4619475,0.07464012503623962,0.025523792613636364,1417.656407435017,1982.4235578697642,-294.8945007324219,185.40884399414062,-51.102420806884766,27.490324020385742,6.567776203155518,5.452218055725098,-22.871564865112305,-18.805988311767578,-16.993736267089844,-10.810202598571777,-7.117080211639404,-28.954883575439453,-14.90145492553711,-11.970928192138672,-7.70839262008667,2.208198070526123,4.293582439422607,-5.538583278656006,-9.234973907470703,-9.383667945861816,1,1,1
187_Aaniraimekkani,4619475,4630500,0.034401897341012955,0.026411576704545456,1770.1758801089475,2222.9661332218584,-350.44891357421875,175.69058227539062,-54.007816314697266,38.7345085144043,12.470417022705078,-3.377882480621338,-11.657373428344727,-13.651663780212402,-14.308333396911621,-8.08407211303711,-10.413870811462402,-27.1050968170166,-9.305545806884766,-0.294552206993103,-3.3843765258789062,-1.7649683952331543,-4.244875907897949,-6.371874809265137,-1.1030184030532837,-6.404080390930176,1,1,1
187_Aaniraimekkani,4630500,4641525,0.0246126726269722,0.02898615056818182,1839.1992357854215,2098.0660907418064,-366.250244140625,184.7341766357422,-71.50373840332031,27.921724319458008,0.9754695892333984,-15.215530395507812,-24.095165252685547,-10.732344627380371,-14.76999568939209,-10.566418647766113,-14.163947105407715,-19.71299934387207,-0.725943386554718,5.168313980102539,-7.653648376464844,-2.2542293071746826,3.20742130279541,0.2337876707315445,8.656098365783691,6.674286365509033,1,0,0
187_Aaniraimekkani,4641525,4652550,0.017656313255429268,0.03697620738636364,1992.3943481160813,2212.9718360821403,-372.9350891113281,178.7975311279297,-67.65753173828125,29.977815628051758,-6.236751079559326,-2.7801592350006104,-23.438322067260742,-11.544650077819824,-8.714112281799316,-16.89735221862793,-14.832916259765625,-17.321578979492188,-6.5702738761901855,5.193902015686035,-4.098782062530518,-4.208214282989502,8.510431289672852,-0.29927313327789307,5.456601142883301,0.5972710251808167,1,0,0
187_Aaniraimekkani,4652550,4663575,0.022912323474884033,0.027943004261363636,1825.9271139748098,2099.7226311970076,-372.9906311035156,180.41517639160156,-66.50635528564453,30.31640625,7.198246955871582,-9.810883522033691,-18.19934844970703,-6.892150402069092,-12.934832572937012,-4.141259670257568,-8.859284400939941,-14.344391822814941,0.5343133807182312,2.8886072635650635,-4.504967212677002,-4.1120100021362305,2.862379312515259,0.889945387840271,7.536840915679932,0.05525355041027069,0,1,0
187_Aaniraimekkani,4663575,4674600,0.08238834142684937,0.024991122159090908,1629.207758620013,2277.194248071658,-291.86968994140625,173.9140625,-46.40224838256836,39.28712463378906,13.849892616271973,0.3788965046405792,-16.836196899414062,-5.6812357902526855,3.61612606048584,-26.65727424621582,-18.66264533996582,-7.6497578620910645,-13.942148208618164,2.0163309574127197,-9.18563461303711,-14.909610748291016,1.3443740606307983,-8.46853256225586,-0.5433359146118164,-4.878441333770752,1,1,1
187_Aaniraimekkani,4674600,4685625,0.07047802954912186,0.021750710227272728,1779.1138960270182,2294.13688012744,-303.8739013671875,168.9163055419922,-54.27253723144531,37.997013092041016,26.284074783325195,-2.2820420265197754,-20.43763542175293,-9.0853910446167,-3.0059456825256348,-37.0723991394043,-12.20977783203125,-0.9323473572731018,-18.958860397338867,-1.338985800743103,-8.778765678405762,-17.466875076293945,-9.139726638793945,-13.636216163635254,-4.393230438232422,-2.965083360671997,1,1,1
187_Aaniraimekkani,4685625,4696650,0.07116418331861496,0.03420188210227273,1862.8998547067577,2374.256182604724,-307.5635070800781,158.10488891601562,-56.469425201416016,48.359981536865234,24.014619827270508,1.1540254354476929,-24.865489959716797,-5.961688041687012,5.395323753356934,-39.670005798339844,-9.181763648986816,6.264155864715576,-27.68334197998047,-8.353364944458008,-5.724421977996826,-16.829479217529297,-8.518738746643066,-6.6649370193481445,-6.097326755523682,-12.6632080078125,1,1,1
187_Aaniraimekkani,4696650,4707675,0.06970217823982239,0.029296875,1802.9432076671744,2215.3973382356835,-314.1860656738281,167.20274353027344,-59.77811050415039,46.875675201416016,23.05257797241211,-3.2945425510406494,-21.66739845275879,-9.306171417236328,0.25853997468948364,-38.9499626159668,-11.365006446838379,1.3842577934265137,-23.653730392456055,-3.903394937515259,-5.895330429077148,-18.007556915283203,-6.625314712524414,-4.900140762329102,-11.587225914001465,-11.9047212600708,1,1,1
187_Aaniraimekkani,4707675,4718700,0.053051840513944626,0.02765447443181818,1693.5218784389297,2084.417376252956,-321.9695129394531,179.90960693359375,-64.94739532470703,45.06845474243164,19.713289260864258,-4.591307640075684,-18.088680267333984,-11.413921356201172,-0.996834933757782,-34.469810485839844,-12.521344184875488,-4.875175476074219,-22.146751403808594,-1.5004576444625854,-6.300729751586914,-18.12834358215332,-4.979544639587402,-9.31438159942627,-9.259361267089844,-1.6060905456542969,1,1,1
187_Aaniraimekkani,4718700,4729725,0.05267957225441933,0.026633522727272728,1664.8146038089174,2055.3027700683024,-328.2088928222656,185.60467529296875,-60.245975494384766,38.8812255859375,23.852684020996094,-3.8241310119628906,-16.503250122070312,-8.537311553955078,-1.873165488243103,-33.249332427978516,-10.525882720947266,-0.6691207885742188,-21.92397689819336,-5.046564102172852,-5.27908992767334,-17.01963996887207,-1.7708125114440918,-5.2780842781066895,-10.983936309814453,-3.151167869567871,1,1,1
187_Aaniraimekkani,4729725,4740750,0.06909222900867462,0.015336470170454546,1467.527232602988,2004.334558867284,-336.2331237792969,179.17713928222656,-54.18997573852539,46.07075881958008,27.605134963989258,-2.8085217475891113,-15.171905517578125,-10.365036964416504,-4.160452365875244,-34.25542068481445,-12.370511054992676,0.4439585506916046,-24.368467330932617,-1.1722384691238403,-3.6884686946868896,-19.840394973754883,0.3195209205150604,-3.4576683044433594,-15.242162704467773,-12.578301429748535,1,1,1
187_Aaniraimekkani,4740750,4751775,0.04963584244251251,0.019864169034090908,1366.470963834621,2011.5309688732757,-364.2525634765625,184.6814422607422,-41.23920822143555,28.587596893310547,28.122217178344727,-9.37032699584961,-13.04257869720459,-3.914762258529663,-10.570250511169434,-25.714488983154297,-18.123035430908203,-6.74021577835083,-20.391807556152344,-5.522905349731445,-0.4324362874031067,-16.819110870361328,-1.2733362913131714,-6.412569046020508,-8.059935569763184,-5.62601375579834,1,1,1
187_Aaniraimekkani,4751775,4762800,0.048890259116888046,0.023326526988636364,1760.5592288713917,2602.765431896909,-345.55072021484375,162.90362548828125,-29.56377410888672,24.392688751220703,1.7775813341140747,12.630507469177246,-29.090919494628906,-18.752729415893555,-16.449710845947266,-9.579176902770996,-10.859450340270996,-21.768877029418945,-4.274496078491211,-9.558457374572754,-15.211089134216309,-5.093570709228516,1.7892969846725464,-16.106199264526367,-1.061130166053772,3.13996958732605,0,1,1
187_Aaniraimekkani,4762800,4773825,0.07767865061759949,0.013117009943181818,1575.46582589557,2528.8716553797904,-327.5354919433594,146.86712646484375,-27.623146057128906,39.979915618896484,15.740401268005371,7.833229064941406,-24.487232208251953,-16.20508575439453,-12.056402206420898,-9.638837814331055,-18.273120880126953,-29.95081901550293,-7.1150054931640625,-10.38824462890625,-20.494089126586914,-9.665070533752441,-2.3927462100982666,-17.06087875366211,-2.2351551055908203,0.0835455134510994,1,1,1
187_Aaniraimekkani,4773825,4784850,0.08751600235700607,0.01935369318181818,1741.6211343418124,2542.185368778101,-301.4021301269531,141.76763916015625,-43.42183303833008,48.7791748046875,11.577813148498535,11.011584281921387,-34.06901931762695,-18.911659240722656,-10.361100196838379,-18.321861267089844,-5.414616107940674,-28.316810607910156,-10.666655540466309,-3.285720109939575,-17.878847122192383,-9.919808387756348,-4.775190830230713,-9.968180656433105,-0.38035157322883606,-5.222350597381592,1,1,1
187_Aaniraimekkani,4784850,4795875,0.03598226234316826,0.018399325284090908,1459.6823368197884,2195.169102626451,-380.25421142578125,168.9329071044922,-35.42843246459961,30.294727325439453,26.6737003326416,-5.680264472961426,-20.664043426513672,-12.835647583007812,-8.809760093688965,-9.129451751708984,-4.438957691192627,-19.88457679748535,-23.321575164794922,-18.427906036376953,-13.762853622436523,-6.539614677429199,-6.262483596801758,-3.818551540374756,-2.7743067741394043,-5.592764377593994,1,1,1
187_Aaniraimekkani,4795875,4806900,0.02480137161910534,0.018199573863636364,1774.120196163748,2416.7259329641097,-398.1174621582031,164.14947509765625,-50.44139099121094,33.237667083740234,17.503435134887695,7.253006458282471,-9.553383827209473,-10.266228675842285,-10.477651596069336,-10.166409492492676,-0.6603427529335022,-3.0031661987304688,-22.038850784301758,-21.239513397216797,-11.226197242736816,-12.922728538513184,-4.089141368865967,-0.33234703540802,1.6435999870300293,-7.054782390594482,1,0,1
187_Aaniraimekkani,4806900,4817925,0.06661098450422287,0.017578125,1944.4741844846033,2647.352741048456,-330.3888854980469,136.96336364746094,-37.520233154296875,36.25082778930664,29.708559036254883,10.030776023864746,-28.0009708404541,-11.509288787841797,-9.689604759216309,-2.561457395553589,-5.3176798820495605,-13.568185806274414,-18.283428192138672,-17.3865909576416,-9.14401912689209,-15.344913482666016,-11.065706253051758,-4.606180191040039,4.499059677124023,-14.596875190734863,1,1,1
187_Aaniraimekkani,4817925,4828950,0.09830295294523239,0.03744229403409091,2270.0996443207755,2549.436626490434,-243.27572631835938,138.03594970703125,-66.54733276367188,50.74496841430664,14.379154205322266,17.56854248046875,-34.47390365600586,-11.466530799865723,-18.954736709594727,-15.462265968322754,-5.848730564117432,-15.426480293273926,-8.479413032531738,-12.868204116821289,-5.5134358406066895,-12.500356674194336,-4.089503765106201,-9.37490177154541,-10.396824836730957,-18.709428787231445,1,1,1
187_Aaniraimekkani,4828950,4839975,0.10713738948106766,0.04063831676136364,1768.5709587220442,2157.2062617916813,-260.3883972167969,158.11224365234375,-59.319984436035156,40.694889068603516,6.340327262878418,2.5409629344940186,-26.188518524169922,-17.64220428466797,-19.549434661865234,-23.052978515625,-9.717421531677246,-8.887845039367676,-7.466470718383789,-10.909140586853027,-5.022246837615967,-7.557823181152344,-9.244077682495117,-16.37367820739746,-7.862976551055908,-15.814225196838379,1,1,1
187_Aaniraimekkani,4839975,4851000,0.16712118685245514,0.05752840909090909,2283.7155542518963,2319.79608788411,-198.56846618652344,131.33338928222656,-92.63870239257812,50.622066497802734,4.216464042663574,2.9238181114196777,-46.5477409362793,-25.58867073059082,-9.712212562561035,-17.780656814575195,-8.672713279724121,-10.60429573059082,-13.455318450927734,-12.657876968383789,-3.799689292907715,-2.3127458095550537,-10.949260711669922,-23.995485305786133,-4.484435558319092,-13.226529121398926,1,1,1
187_Aaniraimekkani,4851000,4862025,0.15696068108081818,0.07581676136363637,2795.2196248284204,2560.2874994636954,-179.5249481201172,117.34780883789062,-104.29450225830078,53.83919906616211,-14.895009994506836,5.364358901977539,-51.27058029174805,-24.479772567749023,-10.681607246398926,-9.005481719970703,-1.9030779600143433,-10.447439193725586,-11.497664451599121,-0.5848683714866638,0.41943761706352234,1.7554638385772705,-4.724320888519287,-17.44582748413086,2.350829839706421,-12.265549659729004,1,1,1
187_Aaniraimekkani,4862025,4873050,0.15247927606105804,0.08063299005681818,2668.4360905218796,2464.1011564796754,-186.77545166015625,122.89246368408203,-101.40234375,51.8156623840332,-8.91390609741211,-0.7168644666671753,-50.66415023803711,-22.09703826904297,-10.706480979919434,-5.546309947967529,-6.7726216316223145,-7.775285243988037,-12.720205307006836,-7.130964279174805,3.511486768722534,-1.464579701423645,-8.394089698791504,-16.69489288330078,3.295051336288452,-9.709136009216309,1,1,1
187_Aaniraimekkani,4873050,4884075,0.133122518658638,0.06596235795454546,2578.1497536817687,2433.9634077301293,-199.01197814941406,132.86061096191406,-99.48607635498047,48.525978088378906,-1.2194746732711792,-2.084120988845825,-53.1580696105957,-14.871905326843262,-15.603322982788086,-9.451244354248047,-11.240143775939941,-10.310807228088379,-13.280908584594727,-11.681288719177246,5.310582637786865,-8.385265350341797,-9.500741958618164,-14.175965309143066,4.346523761749268,-11.390327453613281,1,1,1
187_Aaniraimekkani,4884075,4895100,0.09187397360801697,0.03579989346590909,1948.0082970957505,2318.3228104285304,-246.85935974121094,162.4798126220703,-66.96387481689453,27.563940048217773,0.6154842972755432,1.5284405946731567,-50.60704040527344,-15.727020263671875,-13.31705093383789,-16.09621810913086,-9.288887977600098,-18.83294677734375,-12.92333698272705,-14.143576622009277,-2.3293371200561523,-9.114264488220215,-16.953325271606445,-14.12020492553711,3.05153751373291,-11.436639785766602,1,1,1
187_Aaniraimekkani,4895100,4906125,0.08272303640842438,0.020219282670454544,1549.4389661731786,2184.335653007094,-284.8694152832031,173.14727783203125,-46.289669036865234,28.50299072265625,8.134177207946777,5.293695449829102,-40.932350158691406,-19.709278106689453,-6.154281139373779,-20.77429962158203,-6.628962993621826,-16.27708625793457,-15.986114501953125,-14.468286514282227,-7.8311381340026855,-6.915304183959961,-19.215648651123047,-17.70140266418457,-0.7420520186424255,-7.613958358764648,1,1,1
187_Aaniraimekkani,4906125,4917150,0.07197504490613937,0.026833274147727272,1756.1336624604135,2286.949928086703,-286.1393737792969,169.69354248046875,-54.51018142700195,38.291622161865234,4.115562915802002,6.48622465133667,-37.28752517700195,-20.216997146606445,-3.809088945388794,-21.661684036254883,-4.675712585449219,-17.406274795532227,-15.392230987548828,-9.961847305297852,-9.22109317779541,-5.837274551391602,-19.376766204833984,-18.859966278076172,1.4048665761947632,-2.911663770675659,1,1,1
187_Aaniraimekkani,4917150,4928175,0.06420839577913284,0.028653231534090908,1904.4555268180745,2544.697561868102,-301.2775573730469,150.99179077148438,-51.501216888427734,42.97519302368164,1.452999472618103,4.7939887046813965,-38.279239654541016,-22.00882339477539,-3.7879908084869385,-23.37086296081543,-10.219216346740723,-19.363431930541992,-14.249495506286621,-10.869627952575684,-9.009228706359863,-3.7251174449920654,-12.22472858428955,-11.561909675598145,9.196850776672363,0.64809250831604,1,1,1
187_Aaniraimekkani,4928175,4939200,0.05396994203329086,0.024769176136363636,1589.614638903717,2263.2039184196333,-318.52154541015625,179.07798767089844,-40.91816711425781,36.31623458862305,9.707693099975586,14.270910263061523,-37.31230163574219,-19.29666519165039,8.973738670349121,-13.424649238586426,-15.416667938232422,-28.500221252441406,-14.704607963562012,-12.248862266540527,-21.194480895996094,-4.357795715332031,-2.274224281311035,-6.056025505065918,0.7899491786956787,-10.379192352294922,1,1,1
187_Aaniraimekkani,4939200,4950225,0.06371022015810013,0.03988370028409091,1736.5475846840645,2081.3405109091664,-295.8739929199219,176.0296173095703,-66.60798645019531,37.41066360473633,14.970020294189453,15.33577823638916,-38.22337341308594,-25.448486328125,-4.776365756988525,-8.86245346069336,-12.298404693603516,-18.545703887939453,-5.467919826507568,-7.507849216461182,-8.840109825134277,1.594844937324524,0.6199018955230713,-19.295093536376953,-6.100449085235596,-4.427690505981445,0,1,1
187_Aaniraimekkani,4950225,4961250,0.07097485661506653,0.03564453125,1810.8928717302465,2125.6406974287747,-286.60748291015625,168.95912170410156,-70.26718139648438,33.56150817871094,15.933629989624023,22.92634391784668,-40.11363983154297,-21.560108184814453,-9.76242446899414,-11.201131820678711,-12.550216674804688,-15.616790771484375,-2.177042245864868,-2.3450324535369873,-2.7855148315429688,-0.13217110931873322,-0.8356321454048157,-20.164501190185547,-8.986186981201172,-5.715381145477295,0,1,1
187_Aaniraimekkani,4961250,4972275,0.06997737288475037,0.04356800426136364,1873.0995110024448,2106.6781073043094,-275.0730285644531,174.46075439453125,-75.46105194091797,32.87601089477539,14.3469877243042,17.421281814575195,-39.2962646484375,-25.66240692138672,-14.64229965209961,-10.702147483825684,-11.354012489318848,-16.291528701782227,-1.1443123817443848,-5.5349931716918945,-0.9775499105453491,1.0942556858062744,-3.7083749771118164,-21.282482147216797,-14.02035903930664,-1.6627109050750732,1,1,1
187_Aaniraimekkani,4972275,4983300,0.05894174426794052,0.0439453125,1907.5353625445503,2203.3689665029083,-277.0863342285156,170.35362243652344,-71.96290588378906,35.37447738647461,5.514990329742432,14.83285140991211,-37.33639907836914,-26.219703674316406,-17.92346954345703,-7.7337188720703125,-5.5701141357421875,-15.165781021118164,-5.099915027618408,-11.039011001586914,-5.2440032958984375,-4.4338459968566895,-5.448120594024658,-23.4284610748291,-11.194121360778809,2.552720069885254,0,1,1
187_Aaniraimekkani,4983300,4994325,0.07117997109889984,0.026744495738636364,1751.489757949723,2467.430805749589,-286.90625,162.0880889892578,-40.33968734741211,28.007612228393555,-6.341628551483154,0.907544732093811,-40.94322204589844,-17.33283805847168,-15.87173080444336,-16.898088455200195,-8.349002838134766,-16.16767120361328,-7.561965465545654,-15.408705711364746,-11.195972442626953,-7.170051097869873,-12.543608665466309,-16.554363250732422,3.2304794788360596,0.5475006103515625,0,1,1
187_Aaniraimekkani,4994325,5005350,0.07539346814155579,0.030917080965909092,1804.2093644903157,2427.939544940063,-285.41278076171875,158.21070861816406,-47.377079010009766,34.11374282836914,3.7230634689331055,-3.571403741836548,-44.391109466552734,-21.891380310058594,-17.517099380493164,-16.4449520111084,-6.1499223709106445,-15.528901100158691,-6.178928852081299,-14.443035125732422,-12.29336166381836,-7.729720592498779,-13.622386932373047,-13.388738632202148,0.40073251724243164,-6.387188911437988,1,1,1
187_Aaniraimekkani,5005350,5016375,0.07540341466665268,0.043257279829545456,1762.1301289495166,2068.720600444885,-278.0721130371094,177.4837646484375,-67.25587463378906,38.97097396850586,15.087396621704102,10.352848052978516,-48.07466125488281,-22.403018951416016,-13.656317710876465,-16.323455810546875,-7.229986667633057,-14.582674980163574,-7.863048076629639,-13.241083145141602,-5.327590465545654,-3.8965444564819336,-15.058320045471191,-22.42509651184082,1.7023189067840576,-8.32209300994873,1,1,1
187_Aaniraimekkani,5016375,5027400,0.06835605949163437,0.031804865056818184,1640.27470410328,2128.11179208392,-303.0718688964844,170.90476989746094,-54.8160400390625,51.42929458618164,22.41876983642578,4.207638740539551,-45.98517608642578,-25.572553634643555,-10.838072776794434,-16.885414123535156,-8.679116249084473,-16.567668914794922,-10.059019088745117,-12.36989974975586,-9.980907440185547,-6.569061279296875,-8.188349723815918,-13.977712631225586,-2.299102544784546,-7.952465534210205,1,1,1
187_Aaniraimekkani,5027400,5038425,0.0845736563205719,0.03562233664772727,1770.7659381265078,2115.611124967673,-289.3552551269531,161.5193328857422,-50.075557708740234,41.639183044433594,23.042970657348633,-12.459909439086914,-40.887081146240234,-14.551287651062012,-16.54240608215332,-28.462984085083008,-15.355582237243652,-19.917219161987305,-7.332055568695068,-6.905566692352295,-16.11018943786621,-11.767754554748535,-2.5907418727874756,0.4306575655937195,-2.7020070552825928,-10.933887481689453,1,1,1
187_Aaniraimekkani,5038425,5049450,0.10858666151762009,0.04489968039772727,1684.6316205245034,1942.4524649686239,-235.40023803710938,189.34478759765625,-71.97064971923828,10.234322547912598,-11.15852165222168,-2.8833744525909424,-37.12398910522461,-9.197324752807617,-29.75946044921875,-32.82960510253906,-2.6847615242004395,-0.5451210141181946,-0.9034246802330017,-13.865158081054688,-16.21983528137207,-4.7409210205078125,0.2422633022069931,-10.705816268920898,-3.391288995742798,-18.34911346435547,1,1,1
187_Aaniraimekkani,5049450,5060475,0.08822134137153625,0.0361328125,1740.153626649262,2035.0330149065665,-260.3381652832031,174.97393798828125,-70.34224700927734,18.6806697845459,4.8365302085876465,7.158576488494873,-41.40267562866211,-14.303974151611328,-18.717872619628906,-24.484174728393555,2.0965211391448975,-6.572492599487305,-6.812887191772461,-11.84948444366455,-6.34055757522583,0.43626222014427185,-7.317345142364502,-19.113950729370117,-4.331051349639893,-8.876180648803711,1,1,1
187_Aaniraimekkani,5060475,5071500,0.1063954159617424,0.03284801136363636,1566.7705531335907,1834.94262645114,-242.44915771484375,196.87786865234375,-69.54737854003906,12.810198783874512,5.889570713043213,-3.985266923904419,-44.48075866699219,-22.84393882751465,-26.0192813873291,-23.816967010498047,-2.120631217956543,-7.184405326843262,-4.090465068817139,-10.062183380126953,-6.3384108543396,1.0139175653457642,-7.940067768096924,-16.082487106323242,-4.8425164222717285,-13.47311782836914,1,1,1
187_Aaniraimekkani,5071500,5082525,0.09053310006856918,0.04378995028409091,1832.262125219776,1926.958107651171,-248.68348693847656,182.41796875,-83.98442077636719,16.75758934020996,0.29630646109580994,7.268112659454346,-39.95011901855469,-22.262052536010742,-10.552559852600098,-20.90733528137207,1.3586910963058472,0.5404055118560791,-10.229378700256348,-15.371795654296875,-7.649116516113281,3.412811279296875,-6.1632280349731445,-15.598097801208496,-2.37231707572937,-16.85233497619629,1,1,1
187_Aaniraimekkani,5082525,5093550,0.07837490737438202,0.03857421875,1710.3985918871097,1929.2987794074745,-263.4841003417969,189.91763305664062,-77.23324584960938,18.61414909362793,2.100865364074707,6.795377731323242,-39.83738327026367,-25.046783447265625,-18.01370620727539,-15.174087524414062,-1.1920634508132935,-9.496565818786621,-7.829570293426514,-11.451350212097168,-5.260358810424805,6.505497455596924,-4.701389789581299,-16.073986053466797,-2.268386125564575,-13.277912139892578,1,1,1
187_Aaniraimekkani,5093550,5104575,0.07391820102930069,0.03138316761363636,1564.979706868675,2012.4713093357414,-279.31671142578125,191.33749389648438,-59.31336975097656,18.33623504638672,7.072161674499512,5.801804065704346,-32.05134201049805,-26.003082275390625,-19.280170440673828,-14.562956809997559,-2.160191535949707,-12.392352104187012,-4.047482013702393,-2.3049066066741943,-7.120075702667236,8.575650215148926,0.06273059546947479,-11.070913314819336,-3.3758163452148438,-16.382640838623047,1,1,1
187_Aaniraimekkani,5104575,5115600,0.036087702959775925,0.025013316761363636,1601.0727017325569,2078.5251036259656,-344.0432434082031,182.7276611328125,-47.66791915893555,23.658796310424805,12.707330703735352,-6.410193920135498,-24.642253875732422,-20.656288146972656,-20.15733528137207,-12.889845848083496,-2.6489450931549072,-16.2988224029541,-5.327662944793701,-0.277325838804245,-1.8482880592346191,-0.6514179706573486,-4.899708271026611,-3.806011915206909,-3.515265703201294,-9.312821388244629,1,1,1
187_Aaniraimekkani,5115600,5126625,0.02264820970594883,0.027721058238636364,1923.977407405599,2314.9322209799207,-352.9896240234375,183.20436096191406,-61.13058853149414,34.899391174316406,-17.73889923095703,2.3278143405914307,-21.948476791381836,-9.605185508728027,-21.31808853149414,-11.216714859008789,-10.56716537475586,-10.192973136901855,-4.163821220397949,6.289871692657471,-4.28333044052124,-16.302873611450195,-2.5074095726013184,-1.4380245208740234,12.455948829650879,1.3945566415786743,1,0,0
187_Aaniraimekkani,5126625,5137650,0.020632993429899216,0.040949041193181816,2409.687222108059,2807.5328864202033,-333.4360656738281,165.36753845214844,-59.10153579711914,37.19140625,-33.17762756347656,5.091376781463623,-28.9730167388916,0.35433629155158997,-18.627639770507812,-8.664663314819336,-12.472542762756348,-16.557497024536133,-3.358757257461548,-2.572528600692749,0.5279885530471802,-13.825307846069336,-6.039637565612793,-4.593678951263428,8.00307846069336,-0.8587629795074463,1,0,0
187_Aaniraimekkani,5137650,5148675,0.07923034578561783,0.019153941761363636,1277.738631184272,2024.8895990487376,-331.1932678222656,187.17730712890625,-20.596027374267578,31.268566131591797,14.433917045593262,-4.057552814483643,-17.15761947631836,-3.874558925628662,-3.2318992614746094,-22.961698532104492,-10.283280372619629,-9.010177612304688,-15.340475082397461,-0.532260000705719,-8.249432563781738,-16.833589553833008,-6.435693740844727,-6.4541168212890625,-1.990659236907959,-6.83342170715332,1,1,1
187_Aaniraimekkani,5148675,5159700,0.07181655615568161,0.023415305397727272,1626.2559302381865,2051.449378635302,-313.1670837402344,180.15023803710938,-53.74623107910156,35.17180252075195,26.02879524230957,-0.488444060087204,-24.686389923095703,-3.002469062805176,-6.134765148162842,-47.29902267456055,-8.810683250427246,0.7167483568191528,-21.664411544799805,-4.648317337036133,-5.135314464569092,-19.446929931640625,-10.33240795135498,-8.215958595275879,-11.328218460083008,-2.2729270458221436,1,1,1
187_Aaniraimekkani,5159700,5170725,0.08814399689435959,0.019509055397727272,1405.0045829159667,2086.5033028737885,-313.8682556152344,171.60525512695312,-36.90364074707031,32.523494720458984,18.13307762145996,4.102100849151611,-21.964811325073242,-14.297532081604004,-5.836784839630127,-24.136655807495117,-13.369824409484863,-5.403739929199219,-18.641494750976562,-7.256736755371094,-9.770824432373047,-16.322004318237305,-2.541982889175415,-14.190774917602539,-10.077828407287598,-12.730066299438477,1,1,1
187_Aaniraimekkani,5170725,5181750,0.12778817117214203,0.03284801136363636,1939.4438281065975,2312.2219860112136,-236.1737823486328,152.95985412597656,-65.44622039794922,32.451446533203125,1.6505141258239746,3.9969141483306885,-32.876956939697266,-34.212886810302734,-16.78749656677246,-19.35365867614746,-14.830913543701172,-10.099124908447266,-5.067551136016846,-10.112190246582031,-17.25947380065918,1.6199455261230469,-3.576767683029175,-20.558124542236328,-1.529632568359375,-13.064621925354004,1,1,1
187_Aaniraimekkani,5181750,5192775,0.11829402297735214,0.03553355823863636,1837.5085154329174,2292.9126420493862,-259.18524169921875,157.7585906982422,-63.41592788696289,22.592281341552734,21.644086837768555,1.3000617027282715,-47.711544036865234,-12.633541107177734,-18.6728572845459,-23.806413650512695,-21.614900588989258,-28.194704055786133,0.15883737802505493,-2.401653289794922,-16.80793571472168,-14.605108261108398,0.14141477644443512,-14.939774513244629,0.16289415955543518,-6.958215713500977,1,1,1
187_Aaniraimekkani,5192775,5203800,0.11807113140821457,0.05007102272727273,2158.307990452433,2408.0864292189926,-236.91944885253906,149.41261291503906,-77.82512664794922,28.278369903564453,4.548550128936768,3.5451276302337646,-47.678165435791016,-14.923110008239746,-17.333839416503906,-17.833356857299805,-6.506901741027832,-20.19479751586914,-11.05992317199707,-9.85764217376709,-12.438078880310059,-6.580714225769043,-2.447380304336548,-14.599536895751953,0.6767634749412537,-9.793431282043457,1,1,1
187_Aaniraimekkani,5203800,5214825,0.051816485822200775,0.021373401988636364,1752.9458126868578,2343.1187656294915,-333.9844665527344,163.4103546142578,-58.9617919921875,49.988224029541016,13.658352851867676,-12.939712524414062,-16.84337615966797,-16.105199813842773,-21.223499298095703,-20.063732147216797,-8.922675132751465,-19.900129318237305,-19.41961097717285,-8.313141822814941,-8.235489845275879,-13.8469820022583,-7.134191989898682,-5.053588390350342,-0.8801267743110657,-4.337066173553467,1,1,1
187_Aaniraimekkani,5214825,5225850,0.08859647810459137,0.03577769886363636,2462.171502500496,2915.720766929408,-271.876953125,122.57337188720703,-49.817604064941406,55.121177673339844,6.019444465637207,5.692496299743652,-29.223936080932617,-15.528265953063965,-13.391127586364746,-15.054993629455566,-9.037489891052246,-24.442140579223633,-24.070056915283203,-9.587541580200195,-4.755376815795898,-11.929662704467773,-2.8010752201080322,-8.180235862731934,-0.1493946760892868,-11.911181449890137,1,1,1
187_Aaniraimekkani,5225850,5236875,0.12770569324493408,0.032515092329545456,2373.9078814180184,2750.5574918606176,-217.63856506347656,127.2616195678711,-69.70580291748047,44.53522491455078,5.701645374298096,20.452329635620117,-29.590879440307617,-12.699352264404297,-13.74191951751709,-19.773012161254883,-6.998899459838867,-21.644779205322266,-27.619354248046875,-13.78934097290039,-9.923946380615234,-11.692913055419922,9.072278022766113,-9.265776634216309,-6.866943359375,-16.39022445678711,1,1,1
187_Aaniraimekkani,5236875,5247900,0.13880707323551178,0.03207120028409091,2066.1413804178887,2542.839695119954,-215.64288330078125,143.99440002441406,-65.67678833007812,34.36606216430664,-2.7740495204925537,10.574601173400879,-35.258811950683594,-19.37372398376465,-27.59577751159668,-26.335060119628906,-6.082536220550537,-17.117982864379883,-20.485063552856445,-10.031757354736328,-12.455923080444336,-12.475988388061523,2.3000125885009766,-14.179693222045898,-9.008367538452148,-13.450693130493164,1,1,1
187_Aaniraimekkani,5247900,5258925,0.13358069956302643,0.040704900568181816,2165.3416802370093,2348.1836602526323,-198.75193786621094,157.71263122558594,-81.04204559326172,28.032825469970703,8.552071571350098,11.250164031982422,-53.749332427978516,-27.474260330200195,-12.573769569396973,-20.518211364746094,-13.734326362609863,-17.56627655029297,-14.959880828857422,-14.583779335021973,-10.26791000366211,-4.002798080444336,-10.66156005859375,-18.99821662902832,-2.703894853591919,-10.700041770935059,1,1,1
187_Aaniraimekkani,5258925,5269950,0.10121006518602371,0.03213778409090909,1841.4331635222386,2286.556189240448,-246.4503936767578,163.8556365966797,-65.9201889038086,26.75444793701172,-1.4595314264297485,9.368986129760742,-44.37675094604492,-37.842227935791016,-9.23979377746582,-19.28742790222168,-10.599174499511719,-13.284271240234375,-8.91899585723877,-11.786291122436523,-16.93451690673828,-6.950340747833252,-11.35545825958252,-21.634382247924805,-2.776901960372925,-7.651638984680176,1,1,1
187_Aaniraimekkani,5269950,5280975,0.10761833935976028,0.05237926136363636,2196.5850198296243,2293.73890533962,-216.50653076171875,163.9093017578125,-84.99533081054688,27.084941864013672,-2.4476985931396484,16.02910614013672,-55.709129333496094,-36.027828216552734,-8.943772315979004,-17.41333770751953,-11.340697288513184,-7.167852878570557,-10.259379386901855,-9.863128662109375,-9.904873847961426,-1.4473025798797607,-7.935479640960693,-24.656780242919922,-1.5151058435440063,-14.478013038635254,1,1,1
187_Aaniraimekkani,5280975,5292000,0.07345115393400192,0.030251242897727272,1621.444678192254,1978.257043440861,-286.46270751953125,183.31483459472656,-65.97870635986328,26.993932723999023,6.3932204246521,-6.851377964019775,-42.64639663696289,-29.502233505249023,-21.46274757385254,-18.75505256652832,-7.770695686340332,-18.01553726196289,-8.390795707702637,-9.6065673828125,-9.907764434814453,-2.09541916847229,-9.58742618560791,-17.96612548828125,-0.14721453189849854,-3.826432228088379,1,1,1
187_Aaniraimekkani,5292000,5303025,0.051867127418518066,0.017555930397727272,1478.9133492332317,2183.7515019793846,-356.17803955078125,170.70751953125,-35.990745544433594,30.057720184326172,2.923361301422119,0.9108096957206726,-38.15103530883789,-26.196910858154297,-12.127893447875977,-19.099966049194336,-10.618179321289062,-16.29511070251465,-13.162371635437012,-12.780899047851562,-11.072234153747559,-4.486393451690674,-13.12841796875,-21.325050354003906,0.05480280891060829,-3.16357421875,1,1,1
187_Aaniraimekkani,5303025,5314050,0.05939394608139992,0.024946732954545456,1608.5336081278779,2174.7427004908645,-324.5824890136719,167.19776916503906,-50.4233283996582,21.222307205200195,-4.910451889038086,-13.1256685256958,-24.968870162963867,-10.378218650817871,-14.511737823486328,-14.7883882522583,-14.082379341125488,-23.801240921020508,-8.314908027648926,-7.905282497406006,-14.133502006530762,-14.764215469360352,-8.890838623046875,-9.77222728729248,3.8804588317871094,-7.373736381530762,1,1,1
187_Aaniraimekkani,5314050,5325075,0.07902570068836212,0.04725230823863636,1704.336368156157,2141.6815567312474,-295.8943176269531,164.01051330566406,-63.016197204589844,28.738250732421875,-17.103307723999023,-5.762581825256348,-25.015056610107422,-13.593184471130371,-31.00799560546875,-29.41673469543457,-2.7448935508728027,-9.931424140930176,-8.57352352142334,-8.174017906188965,-6.693903923034668,-13.683856010437012,-1.7144638299942017,0.4433092176914215,0.11937696486711502,-14.81365966796875,1,1,1
187_Aaniraimekkani,5325075,5336100,0.07290399819612503,0.04676402698863636,1836.1199921877508,2038.0610865437523,-290.2996520996094,167.073486328125,-76.39507293701172,27.090070724487305,0.6818521022796631,-3.3902928829193115,-36.932777404785156,-10.902271270751953,-23.53612518310547,-26.430139541625977,-1.9715180397033691,-14.200531005859375,-17.83563232421875,-6.039207935333252,-4.407776832580566,-7.458569526672363,-1.222863793373108,-6.1861491203308105,3.7097878456115723,-13.457064628601074,1,1,1
187_Aaniraimekkani,5336100,5347125,0.07931283861398697,0.048140092329545456,1887.177358779924,2102.2638249694137,-267.81280517578125,163.86410522460938,-76.79190063476562,19.362682342529297,-4.233617782592773,-6.560861110687256,-32.873775482177734,-16.37252426147461,-18.870521545410156,-23.304162979125977,-3.1432511806488037,-19.03978157043457,-19.548873901367188,-6.736935138702393,-7.100770950317383,-11.044900894165039,-4.5160746574401855,-2.961544990539551,-0.06857449561357498,-8.025899887084961,1,1,1
187_Aaniraimekkani,5347125,5358150,0.03625234216451645,0.065185546875,2068.4693733355402,2180.7829770102976,-337.3646240234375,170.17230224609375,-71.212646484375,23.46588706970215,4.732848644256592,-11.255127906799316,-29.016746520996094,0.5165857672691345,-24.133892059326172,-11.868279457092285,-11.100287437438965,-24.31428337097168,-21.8515682220459,-3.0362136363983154,4.633965015411377,-8.622705459594727,-7.783498764038086,1.8468563556671143,6.598803997039795,-7.582523822784424,1,0,1
187_Aaniraimekkani,5358150,5369175,0.03464976325631142,0.06971324573863637,2156.229629716919,2189.1292584520957,-341.77484130859375,161.78582763671875,-82.7682876586914,28.316905975341797,-0.165195032954216,-7.364614963531494,-32.59291076660156,3.7475481033325195,-23.246156692504883,-13.918547630310059,-16.188562393188477,-27.09148597717285,-23.458595275878906,-0.37738677859306335,5.334134578704834,-11.748963356018066,-6.887938022613525,-1.7595698833465576,7.855038166046143,-7.027603626251221,1,0,1
187_Aaniraimekkani,5369175,5380200,0.03969806805253029,0.068115234375,2156.438581611049,2262.9943159596137,-328.0835266113281,163.13047790527344,-79.12091064453125,24.084821701049805,-0.028187187388539314,-5.8441314697265625,-25.718727111816406,0.39580556750297546,-20.694175720214844,-15.11373519897461,-14.627140045166016,-26.573026657104492,-23.229198455810547,-1.3836665153503418,6.119594097137451,-10.028923988342285,-6.1677446365356445,5.222680568695068,12.369235038757324,-8.292393684387207,1,0,1
187_Aaniraimekkani,5380200,5391225,0.03979692608118057,0.06560724431818182,2291.4465381453224,2297.3929770144546,-314.7299499511719,156.6113739013672,-88.48941040039062,28.302234649658203,-8.680888175964355,-8.055923461914062,-24.5546932220459,-0.5854570865631104,-21.491743087768555,-11.570552825927734,-13.751843452453613,-21.23121452331543,-20.23792839050293,-3.0118789672851562,2.566354513168335,-11.23857593536377,-6.495133876800537,-1.7622040510177612,11.932733535766602,-6.614166736602783,1,0,1
187_Aaniraimekkani,5391225,5402250,0.16079841554164886,0.05093661221590909,2038.6759857484312,2364.6966827153415,-200.89566040039062,162.441162109375,-64.86376190185547,25.559297561645508,-12.250589370727539,-3.5411155223846436,-25.5203914642334,-1.6677985191345215,1.7462000846862793,-15.566564559936523,-0.6698237061500549,-7.912635326385498,-6.13284158706665,-2.3333628177642822,-3.6531031131744385,-6.711124897003174,-9.819781303405762,-5.828751087188721,2.898797035217285,-6.6092915534973145,1,1,1
187_Aaniraimekkani,5402250,5413275,0.16411934792995453,0.05710671164772727,2105.280666902537,2240.8787273797648,-174.23110961914062,163.81460571289062,-93.32038879394531,22.747562408447266,-22.288848876953125,1.226547122001648,-31.591217041015625,-22.022815704345703,-12.029544830322266,-23.139509201049805,1.2575998306274414,-7.574647426605225,-11.502673149108887,-18.24180030822754,-16.223779678344727,-3.017772674560547,-2.7381865978240967,-12.506023406982422,-9.148365020751953,-10.975221633911133,1,1,1
187_Aaniraimekkani,5413275,5424300,0.08494871109724045,0.050248579545454544,1879.9760366986607,2206.4882524392397,-265.3167724609375,161.6683807373047,-70.60049438476562,26.17241096496582,3.655280351638794,5.792009353637695,-30.997358322143555,-19.072221755981445,-20.08905029296875,-21.30489158630371,0.4675194025039673,-12.478669166564941,-23.060340881347656,-14.90005111694336,-7.871659755706787,-15.265619277954102,-15.683560371398926,-15.899214744567871,-1.0093692541122437,-12.423907279968262,1,1,1
187_Aaniraimekkani,5424300,5435325,0.08520936965942383,0.041259765625,2146.6718979976267,2286.010192317069,-265.7289733886719,144.7225341796875,-78.19268035888672,35.579776763916016,8.750433921813965,-5.211709976196289,-32.80851364135742,-18.328767776489258,-5.17970085144043,-20.641773223876953,-8.535440444946289,-19.258922576904297,-18.304624557495117,-9.766434669494629,-9.921216011047363,-14.048206329345703,-15.164508819580078,-8.073433876037598,-0.6423771381378174,-7.686182022094727,1,1,1
187_Aaniraimekkani,5435325,5446350,0.062320515513420105,0.05581942471590909,2166.5311599890883,2381.3878860299624,-293.1636962890625,145.33807373046875,-75.9376449584961,45.06650161743164,-12.574410438537598,-2.449186086654663,-32.01629638671875,-24.895845413208008,-21.52924346923828,-26.754053115844727,8.690753936767578,-9.527091026306152,-16.958620071411133,-2.0727105140686035,-10.749335289001465,-6.5331130027771,-5.516864776611328,-11.449055671691895,2.576493263244629,-12.30675983428955,1,1,1
187_Aaniraimekkani,5446350,5457375,0.06802476942539215,0.051069779829545456,2159.812527672509,2473.904334956008,-288.6409912109375,143.96372985839844,-76.66690063476562,44.810882568359375,-17.143478393554688,2.7431204319000244,-35.5684814453125,-25.930997848510742,-22.464677810668945,-29.920753479003906,6.07663106918335,-9.449418067932129,-8.541970252990723,0.012542420998215675,-15.755759239196777,-3.7092840671539307,-2.9594924449920654,-24.106019973754883,-0.7208553552627563,-5.842207431793213,1,1,1
187_Aaniraimekkani,5457375,5468400,0.07760905474424362,0.046675248579545456,2141.668057946058,2530.722964786563,-274.8061828613281,140.0050048828125,-74.01758575439453,47.5255241394043,-15.765247344970703,6.447076797485352,-35.34367752075195,-30.996925354003906,-22.546491622924805,-29.409191131591797,2.065586566925049,-18.54343032836914,-9.614887237548828,-1.6379420757293701,-14.516940116882324,-1.8837240934371948,-4.882736682891846,-18.391725540161133,-0.23741775751113892,-4.291399955749512,1,1,1
187_Aaniraimekkani,5468400,5479425,0.07568459957838058,0.04356800426136364,2104.4926676048035,2428.481985402242,-280.5869140625,142.63323974609375,-78.28449249267578,46.38459014892578,-13.333246231079102,3.1941680908203125,-30.729963302612305,-32.20755386352539,-29.83709716796875,-30.68975257873535,0.5843769311904907,-19.969768524169922,-9.492727279663086,-1.576846718788147,-13.1032133102417,1.2444188594818115,-2.6533467769622803,-14.500545501708984,1.687629222869873,-8.102851867675781,1,1,1
187_Aaniraimekkani,5479425,5490450,0.08377309143543243,0.03404651988636364,1764.2652389935747,2141.8451925358677,-274.3883972167969,160.93455505371094,-69.50570678710938,12.261362075805664,1.8949227333068848,-9.013279914855957,-26.46142578125,-31.030485153198242,-36.57429504394531,-25.313692092895508,-3.8594465255737305,-21.887815475463867,-18.11125946044922,-7.5307769775390625,-7.5399489402771,-4.424858093261719,-12.294048309326172,-10.966846466064453,2.826852798461914,-1.0997034311294556,1,1,1
187_Aaniraimekkani,5490450,5501475,0.0886911153793335,0.025057705965909092,1654.6239406263012,2171.5381137050194,-292.2094421386719,162.0760040283203,-57.15461730957031,16.21895408630371,-3.777130365371704,-12.817120552062988,-34.57209777832031,-22.589521408081055,-33.252166748046875,-20.094932556152344,-1.92525053024292,-28.74627113342285,-21.735105514526367,-5.4101152420043945,-6.566363334655762,-10.606648445129395,-13.581463813781738,-2.201650381088257,20.470170974731445,10.779040336608887,1,1,1
187_Aaniraimekkani,5501475,5512500,0.06276991218328476,0.03564453125,1690.7501250023595,2094.448111668516,-306.7523498535156,171.42576599121094,-63.624515533447266,9.210928916931152,0.2712858021259308,-2.0258960723876953,-37.776981353759766,-24.57402229309082,-26.47966766357422,-22.93577003479004,-0.644257128238678,-19.47539520263672,-14.617753028869629,-11.564205169677734,-6.542253494262695,4.792174816131592,-11.118840217590332,-11.634252548217773,3.9772019386291504,-2.4758071899414062,1,1,1
187_Aaniraimekkani,5512500,5523525,0.06416218727827072,0.03591086647727273,1812.0848581175107,2166.5800258822123,-298.8233642578125,165.47329711914062,-70.66610717773438,14.702553749084473,-0.14236216247081757,-6.207971572875977,-37.828365325927734,-21.394620895385742,-19.931751251220703,-17.084714889526367,-0.9600875377655029,-19.10625457763672,-18.51167106628418,-14.229117393493652,-3.4558980464935303,3.8117551803588867,-8.40773868560791,-9.741868019104004,3.6602213382720947,-0.9206327199935913,1,1,1
187_Aaniraimekkani,5523525,5534550,0.07266826927661896,0.027055220170454544,1661.4392793646164,2081.3399042198516,-302.0048828125,164.92822265625,-67.6445541381836,15.912121772766113,2.5320863723754883,-7.498273849487305,-33.770748138427734,-25.07862663269043,-24.166093826293945,-21.751218795776367,-3.993161916732788,-15.900157928466797,-17.550193786621094,-12.986526489257812,-9.564319610595703,2.272899627685547,-5.135390758514404,-12.787222862243652,-0.7150420546531677,-5.2293829917907715,1,1,1
187_Aaniraimekkani,5534550,5545575,0.055045876652002335,0.03147194602272727,1733.2008081807478,2128.7882123825298,-321.78399658203125,165.19329833984375,-69.4918441772461,15.645602226257324,5.3588643074035645,0.7869832515716553,-30.113191604614258,-13.985344886779785,-24.050445556640625,-17.690832138061523,3.4112937450408936,-9.238615989685059,-5.073398113250732,-15.546276092529297,-16.643436431884766,1.884557843208313,-3.1823995113372803,-20.098526000976562,-10.271622657775879,-9.495772361755371,0,1,1
187_Aaniraimekkani,5545575,5556600,0.054416023194789886,0.030872691761363636,1733.1358613865275,2134.228098131381,-332.63470458984375,162.11769104003906,-65.15662384033203,28.389127731323242,5.631824016571045,-4.5152812004089355,-36.22394561767578,-17.382169723510742,-35.514495849609375,-14.358575820922852,1.9793411493301392,-7.853776931762695,-3.756425380706787,-14.450389862060547,-14.514301300048828,-1.0027285814285278,6.776325702667236,-20.84324836730957,-5.517723560333252,6.305807113647461,0,1,1
187_Aaniraimekkani,5556600,5567625,0.03500603139400482,0.052689985795454544,1957.8509517431826,2005.754316544051,-348.9160461425781,171.5531463623047,-76.46027374267578,23.74205780029297,15.888558387756348,-11.765665054321289,-25.078214645385742,-19.03302574157715,-25.931873321533203,-15.680865287780762,-5.510209083557129,-9.089112281799316,3.6016249656677246,-7.262969493865967,-15.50680160522461,-4.107692241668701,-5.505117416381836,-15.207708358764648,-5.0357747077941895,-2.794891595840454,0,1,1
187_Aaniraimekkani,5567625,5578650,0.10075023025274277,0.04443359375,2055.5388460678473,2174.5589317161775,-251.42340087890625,151.19752502441406,-90.88806915283203,25.335845947265625,-30.223072052001953,-19.114015579223633,-21.271379470825195,-16.945173263549805,-12.12469482421875,-31.61492919921875,-14.362234115600586,-2.8840906620025635,-4.084136486053467,-4.861205577850342,-10.70984935760498,-4.8618974685668945,-8.265385627746582,-9.187188148498535,1.5176228284835815,-14.970233917236328,1,1,1
187_Aaniraimekkani,5578650,5589675,0.10507968068122864,0.06620649857954546,2414.923789166469,2341.1916240624737,-227.6489715576172,136.62696838378906,-103.18793487548828,30.60930633544922,-27.395734786987305,-2.819628953933716,-29.799110412597656,-25.395729064941406,-11.246979713439941,-17.514062881469727,-8.491707801818848,-1.0607610940933228,-7.427340507507324,-18.17955207824707,-14.107746124267578,1.7673131227493286,-1.5937501192092896,-4.191131591796875,-1.5565723180770874,-15.695528984069824,1,1,1
187_Aaniraimekkani,5589675,5600700,0.0995919480919838,0.07142223011363637,2281.78588877513,2142.062821702806,-239.68165588378906,146.82891845703125,-102.6677017211914,24.975244522094727,-15.025498390197754,-4.747592926025391,-35.31077575683594,-26.784454345703125,-9.193737983703613,-10.79943561553955,-5.776103496551514,-3.3637146949768066,-10.832974433898926,-14.233014106750488,-5.175944805145264,1.5652636289596558,-5.114631175994873,-11.788866996765137,-2.8040220737457275,-11.32314395904541,1,1,1
187_Aaniraimekkani,5600700,5611725,0.08334697037935257,0.06787109375,2079.7584655073483,1884.5563598188064,-241.97422790527344,179.42068481445312,-111.54167175292969,8.834549903869629,-25.454490661621094,-2.0765459537506104,-40.064056396484375,-18.52369499206543,-13.46179485321045,-14.959758758544922,-4.6402812004089355,-7.822361469268799,-12.24660587310791,-15.567028045654297,-9.676287651062012,2.437925100326538,-1.4279340505599976,-11.535078048706055,-3.6439690589904785,-7.105714797973633,1,1,1
187_Aaniraimekkani,5611725,5622750,0.06522665917873383,0.04563210227272727,1904.0924315584061,2098.0338898107984,-274.891845703125,172.8738250732422,-82.36699676513672,12.432229042053223,-20.24590492248535,-5.26251745223999,-47.05167007446289,-23.189882278442383,-18.871448516845703,-13.160070419311523,0.8666873574256897,-11.231858253479004,-8.738438606262207,-13.850606918334961,-7.413223743438721,1.827467441558838,-4.815764904022217,-10.42396354675293,1.0441216230392456,-1.0161566734313965,1,1,1
187_Aaniraimekkani,5622750,5633775,0.055674102157354355,0.048517400568181816,2004.3009152780905,2277.193326324716,-288.1386413574219,164.04684448242188,-78.68179321289062,15.913546562194824,-18.050201416015625,4.721920967102051,-41.538970947265625,-21.750476837158203,-15.6815824508667,-25.91822624206543,-4.122281551361084,-9.185110092163086,-8.593428611755371,-15.168315887451172,-7.031973361968994,1.7728890180587769,-2.5429043769836426,-3.9574363231658936,0.7501536011695862,-7.561049938201904,1,1,1
187_Aaniraimekkani,5633775,5644800,0.044496454298496246,0.034135298295454544,1751.8460824057308,2149.5206816212176,-311.99359130859375,180.57159423828125,-71.58331298828125,24.946311950683594,-9.236416816711426,3.744831085205078,-33.6793098449707,-22.19106101989746,-18.08901596069336,-24.571430206298828,-10.415724754333496,-19.81743049621582,-10.631656646728516,-4.543018817901611,-14.706043243408203,-6.09157133102417,-5.846386432647705,-8.996257781982422,7.889415264129639,-9.634933471679688,1,1,1
187_Aaniraimekkani,5644800,5655825,0.047736622393131256,0.046586470170454544,2069.316866237515,2378.8914539744774,-300.2069396972656,161.73773193359375,-73.9807357788086,37.26113510131836,-3.2740235328674316,7.4327392578125,-36.54670333862305,-19.581459045410156,-4.915855407714844,-28.82319450378418,-17.607603073120117,-24.328584671020508,-11.537728309631348,0.49291038513183594,-11.737125396728516,-11.736922264099121,-2.3554182052612305,-5.075211524963379,2.3661892414093018,-3.3569159507751465,1,1,1
187_Aaniraimekkani,5655825,5666850,0.04383054003119469,0.05848277698863636,1962.7886482175736,2125.725460572264,-319.1537780761719,164.46763610839844,-65.90798950195312,16.040006637573242,14.826628684997559,-9.592955589294434,-18.275163650512695,-9.450439453125,-13.38949966430664,-27.329896926879883,-17.22188377380371,-15.113171577453613,-7.456004619598389,-5.32631254196167,-8.92650032043457,-3.78537917137146,-6.742956161499023,-5.8310041427612305,3.8464889526367188,-2.7006332874298096,1,1,1
187_Aaniraimekkani,5666850,5677875,0.06671895831823349,0.04148171164772727,1905.5292943029738,2192.703459878908,-284.7888488769531,160.01329040527344,-71.44475555419922,15.836188316345215,9.812114715576172,4.2732834815979,-24.947349548339844,-22.413496017456055,-18.26502227783203,-25.344812393188477,-13.54520034790039,-20.458433151245117,-8.907737731933594,-9.852129936218262,-11.4855318069458,1.0316557884216309,-2.0052647590637207,-7.474308967590332,-0.9593665599822998,-3.6157875061035156,1,1,1
187_Aaniraimekkani,5677875,5688900,0.056039296090602875,0.043013139204545456,2055.730772940214,2286.9390457432473,-299.3901672363281,156.79978942871094,-77.76713562011719,27.629241943359375,14.932836532592773,11.514191627502441,-32.43299865722656,-12.491415977478027,-5.611611843109131,-20.235130310058594,-12.612486839294434,-24.761920928955078,-9.826648712158203,-9.341818809509277,-16.080806732177734,-7.6106486320495605,-4.855343341827393,-12.516077041625977,-0.4714229702949524,-5.074493885040283,1,1,1
187_Aaniraimekkani,5688900,5699925,0.04754281044006348,0.04063831676136364,1993.0428776344438,2169.7073494615042,-325.1009216308594,157.70034790039062,-68.97034454345703,22.85793685913086,19.30208396911621,-4.69767427444458,-26.452672958374023,-15.253399848937988,-3.8650612831115723,-14.161812782287598,-10.655486106872559,-20.3499755859375,-17.570472717285156,-7.9294209480285645,-9.172382354736328,-7.0967116355896,-9.812013626098633,-7.57904052734375,2.4992332458496094,-6.068680286407471,1,1,1
187_Aaniraimekkani,5699925,5710950,0.021551169455051422,0.06456409801136363,1947.0897236401906,1863.2789524991024,-372.9277038574219,192.81268310546875,-83.9579086303711,26.852325439453125,4.116405487060547,-15.1658353805542,-31.922155380249023,-7.078887939453125,-19.893285751342773,-1.8145228624343872,-6.278687953948975,-16.460956573486328,-16.027637481689453,-2.804466485977173,1.1238155364990234,-3.831063747406006,-7.216333389282227,-0.9974998235702515,11.644381523132324,-5.390615940093994,1,0,1
187_Aaniraimekkani,5710950,5721975,0.026470886543393135,0.04066051136363636,1586.9403959701558,1840.8127231355415,-380.8576354980469,192.9509735107422,-57.20087814331055,22.153541564941406,7.221997261047363,-19.88505744934082,-30.855327606201172,-14.06363582611084,-14.153213500976562,-3.0210318565368652,-4.424371719360352,-14.682991981506348,-13.752227783203125,-3.4980764389038086,-0.6285210847854614,-9.626913070678711,-16.535186767578125,-9.86715316772461,9.763630867004395,1.8741888999938965,1,0,0
187_Aaniraimekkani,5721975,5733000,0.04501353204250336,0.01400479403409091,1499.0424501435728,2223.3315093732394,-359.7363586425781,175.7172393798828,-39.23078918457031,36.778053283691406,4.049572467803955,-4.681522369384766,-17.56267547607422,-16.824424743652344,-17.784528732299805,-18.663557052612305,2.01617169380188,-5.6903076171875,-14.022857666015625,-7.016994953155518,-10.057456016540527,-14.602560997009277,-12.54357624053955,-11.833484649658203,-4.059398174285889,-11.551815032958984,1,0,1
187_Aaniraimekkani,5733000,5744025,0.03449868783354759,0.02130681818181818,1500.6309699103576,2119.0227533056363,-362.2688293457031,186.82643127441406,-34.44492721557617,35.498870849609375,1.469266414642334,-9.928272247314453,-21.062049865722656,-13.086528778076172,-15.401349067687988,-15.603705406188965,-4.5934319496154785,-10.383129119873047,-3.7271554470062256,-1.5715038776397705,-3.433018684387207,-9.443686485290527,-11.459389686584473,-8.692049026489258,-4.994724273681641,-5.4250383377075195,1,1,1
187_Aaniraimekkani,5744025,5755050,0.17563384771347046,0.04629794034090909,1757.3565057083163,1835.5961552010076,-198.8690948486328,181.68524169921875,-83.650146484375,13.247292518615723,-27.77806854248047,-14.984993934631348,-22.654590606689453,-4.764032363891602,-3.832721471786499,-35.76477813720703,-7.0158772468566895,0.5259955525398254,-1.1051983833312988,-14.47104549407959,-17.575578689575195,-12.74395751953125,-14.554458618164062,-3.6736364364624023,-8.021782875061035,-7.910297870635986,1,1,1
187_Aaniraimekkani,5755050,5766075,0.19010677933692932,0.06327681107954546,2024.507243368563,2055.022194047856,-175.47308349609375,164.5830535888672,-98.0322494506836,25.246362686157227,-28.464576721191406,-5.858133316040039,-30.454713821411133,-19.752870559692383,-4.999484539031982,-16.933137893676758,-5.328885555267334,-6.520823955535889,-14.566794395446777,-22.312646865844727,-14.82186222076416,2.3271427154541016,-4.235486030578613,-8.401796340942383,-11.615017890930176,-16.990638732910156,1,1,1
187_Aaniraimekkani,5766075,5777100,0.13415564596652985,0.034912109375,1735.7042165751782,2059.144628686387,-230.864501953125,170.0720672607422,-68.37551879882812,21.480430603027344,-5.824461460113525,-1.0327330827713013,-30.894487380981445,-22.684019088745117,-12.963448524475098,-17.65740203857422,-3.4793756008148193,-13.7510404586792,-20.176538467407227,-18.940153121948242,-14.725192070007324,1.3642452955245972,-7.460577011108398,-14.788345336914062,-9.030152320861816,-17.545961380004883,1,1,1
187_Aaniraimekkani,5777100,5788125,0.14001645147800446,0.06269975142045454,2492.513245058463,2184.931708660535,-203.28240966796875,139.16624450683594,-110.67160034179688,45.95174789428711,-14.036965370178223,0.3017556965351105,-39.54461669921875,-30.99748420715332,-6.18008279800415,-22.424257278442383,-6.459668159484863,-8.451837539672852,-22.70976448059082,-12.599015235900879,-4.770321369171143,3.849134922027588,-7.82383918762207,-14.038741111755371,4.18922758102417,-8.523934364318848,1,1,1
187_Aaniraimekkani,5788125,5799150,0.10662238299846649,0.024169921875,1594.8678322292164,2023.2060646066843,-273.2301940917969,163.97547912597656,-59.69050216674805,38.04136276245117,17.820058822631836,-3.0260236263275146,-41.14619445800781,-28.32738494873047,-15.158394813537598,-25.13215446472168,-14.793841361999512,-25.173952102661133,-18.343460083007812,-12.14926528930664,-13.960824012756348,-15.018680572509766,-14.179723739624023,-7.295419692993164,-6.510010242462158,-9.227014541625977,1,1,1
187_Aaniraimekkani,5799150,5810175,0.08261212706565857,0.023060191761363636,1459.0580896332588,2044.4898508241617,-300.1119689941406,174.1946563720703,-51.15538024902344,22.52547836303711,16.883506774902344,-2.1023154258728027,-23.892179489135742,-17.909202575683594,-28.268383026123047,-23.760284423828125,-7.343324661254883,-23.24232292175293,-16.84764862060547,-16.39229393005371,-15.669114112854004,-5.650256633758545,-1.9166672229766846,-3.126305341720581,-10.973036766052246,-12.677310943603516,1,1,1
187_Aaniraimekkani,5810175,5821200,0.06975366920232773,0.021817294034090908,1467.2742239751249,2086.286432757981,-317.9340515136719,168.88063049316406,-47.23936462402344,17.330167770385742,14.038623809814453,5.024875640869141,-19.478612899780273,-21.947710037231445,-25.927648544311523,-19.652847290039062,-6.882903575897217,-24.501306533813477,-14.862042427062988,-15.263640403747559,-23.066043853759766,-1.5067955255508423,5.387335777282715,-9.874533653259277,-9.309060096740723,-6.222985744476318,1,1,1
187_Aaniraimekkani,5821200,5832225,0.10043107718229294,0.027476917613636364,1569.6841877355926,2111.443604753575,-276.4375305175781,174.57814025878906,-61.449607849121094,28.455787658691406,12.6480712890625,-6.145812511444092,-19.835514068603516,-19.725419998168945,-20.922271728515625,-24.788440704345703,-18.11250114440918,-14.88607120513916,-12.313547134399414,-25.2345027923584,-20.55999183654785,-3.860029697418213,0.817742109298706,-3.3862955570220947,-5.830264568328857,-11.600683212280273,1,1,1
187_Aaniraimekkani,5832225,5843250,0.09013080596923828,0.026589133522727272,1541.113553869425,2146.1673673726473,-303.0588684082031,168.0526123046875,-55.32931900024414,21.944501876831055,1.4491866827011108,-0.43745535612106323,-14.451923370361328,-0.14764218032360077,-10.728575706481934,-27.678361892700195,-8.575262069702148,-16.336101531982422,-8.744902610778809,-8.559128761291504,-22.217350006103516,-9.227992057800293,-4.945467948913574,-10.595030784606934,-3.7495851516723633,-12.975142478942871,1,1,1
187_Aaniraimekkani,5843250,5854275,0.13050477206707,0.052734375,1931.1542090280402,2175.6747985082166,-229.59478759765625,156.44448852539062,-83.91490173339844,31.081687927246094,-13.504079818725586,-2.3877317905426025,-23.36736488342285,-17.821800231933594,-11.189665794372559,-28.282176971435547,-5.094110488891602,-7.10276985168457,-11.623111724853516,-20.73917579650879,-18.718971252441406,9.615196228027344,-8.75259017944336,-11.789318084716797,-6.897180557250977,-21.866313934326172,1,1,1
187_Aaniraimekkani,5854275,5865300,0.10781295597553253,0.07859108664772728,2695.322153584723,2672.26955228578,-215.02743530273438,128.7215118408203,-99.77505493164062,42.392425537109375,-31.396644592285156,3.380767822265625,-35.268802642822266,-20.84040641784668,-8.895047187805176,-20.10602569580078,-5.877723217010498,-3.1676247119903564,-11.369979858398438,-16.02916717529297,-13.394445419311523,12.755130767822266,-6.271651744842529,-9.530872344970703,0.3566945493221283,-20.6453800201416,1,1,1
187_Aaniraimekkani,5865300,5876325,0.11232315748929977,0.0771484375,2649.2252708023134,2556.1199483269265,-217.96575927734375,123.40719604492188,-106.92076873779297,41.05021667480469,-32.96620178222656,4.090883255004883,-34.87736511230469,-19.45155143737793,-9.866724014282227,-19.389022827148438,-5.4852614402771,-3.935486078262329,-10.880179405212402,-16.812965393066406,-12.424675941467285,11.594903945922852,-4.065554141998291,-4.690988540649414,2.624643564224243,-17.750289916992188,1,1,1
187_Aaniraimekkani,5876325,5887350,0.10455639660358429,0.07672674005681818,2480.7344132185167,2240.270980580333,-224.09024047851562,138.18572998046875,-117.37757110595703,32.67097473144531,-28.41400718688965,1.6379585266113281,-30.488706588745117,-16.299467086791992,-10.073140144348145,-21.336034774780273,-4.951278209686279,-5.92573881149292,-10.30588436126709,-18.0213680267334,-12.454355239868164,5.128971576690674,-3.749004602432251,-5.338217258453369,1.0778683423995972,-11.416772842407227,1,1,1
187_Aaniraimekkani,5887350,5898375,0.09268052130937576,0.06982421875,2259.7881144642183,2076.2750251964007,-220.68736267089844,163.08828735351562,-113.28181457519531,9.43001937866211,-27.484277725219727,1.0760258436203003,-37.71334457397461,-8.865351676940918,-10.91501235961914,-17.426128387451172,-1.7896145582199097,-7.169247627258301,-18.674863815307617,-19.523277282714844,1.791069507598877,-6.0617828369140625,-9.819149017333984,-13.970099449157715,-8.563385963439941,-14.347171783447266,1,1,1
187_Aaniraimekkani,5898375,5909400,0.09114661812782288,0.07663796164772728,2197.9041500784965,2043.823543946893,-256.0141296386719,156.90773010253906,-96.01677703857422,15.465795516967773,-14.253036499023438,-3.6675291061401367,-44.00577163696289,-1.6001373529434204,-14.297991752624512,-18.975906372070312,2.5979831218719482,-10.500643730163574,-21.88496971130371,-15.035390853881836,2.4942314624786377,-11.254279136657715,-5.080493450164795,-9.459182739257812,-13.557450294494629,-1.4842623472213745,1,1,1
187_Aaniraimekkani,5909400,5920425,0.0550626739859581,0.026899857954545456,1947.1234277942713,2342.169788549124,-313.40960693359375,155.31024169921875,-74.59210968017578,24.2352294921875,-11.24316692352295,0.861781895160675,-32.70682144165039,-17.196247100830078,-15.050156593322754,-20.239377975463867,4.346412181854248,-14.937745094299316,-17.34408187866211,-17.102617263793945,-19.63838768005371,-7.069137096405029,-6.872593879699707,2.3341195583343506,19.940275192260742,16.784399032592773,0,1,1
187_Aaniraimekkani,5920425,5931450,0.04827303811907768,0.040771484375,2137.1566124072274,2467.4381686433985,-324.9420471191406,141.21531677246094,-75.59184265136719,37.25918960571289,-6.263114929199219,3.7721259593963623,-32.89937210083008,-19.551084518432617,-12.433328628540039,-18.56134796142578,-14.827411651611328,-24.075572967529297,-6.427001476287842,-10.324274063110352,-14.109807968139648,-6.199612617492676,-7.29661750793457,-3.3360650539398193,11.22208023071289,9.483562469482422,1,1,0
187_Aaniraimekkani,5931450,5942475,0.04856067895889282,0.05679598721590909,2262.5772312428194,2433.054908702084,-322.7364196777344,134.93894958496094,-75.2514877319336,42.19251251220703,-4.543339252471924,4.568135738372803,-34.924808502197266,-12.920254707336426,-13.994668006896973,-14.331158638000488,-15.885522842407227,-22.232463836669922,-2.2838821411132812,-1.406827449798584,-8.141875267028809,-17.69125747680664,-11.506234169006348,0.14151586592197418,10.68702507019043,5.0819172859191895,1,1,1
187_Aaniraimekkani,5942475,5953500,0.048118650913238525,0.044633345170454544,1926.306775785041,2176.587280543358,-336.0927429199219,151.0109100341797,-69.6668472290039,25.054410934448242,3.040637731552124,1.6030100584030151,-26.640186309814453,-12.207846641540527,-13.223946571350098,-18.14439582824707,-7.917628765106201,-10.201581954956055,-2.642460584640503,-14.166546821594238,-9.854257583618164,-5.841378688812256,-13.3412504196167,-6.245001316070557,8.343504905700684,10.259390830993652,1,1,1
187_Aaniraimekkani,5953500,5964525,0.06860008835792542,0.030917080965909092,1846.028394353287,2186.845649784552,-320.8338623046875,142.57359313964844,-72.15421295166016,36.18443298339844,-0.13635565340518951,0.8702284097671509,-34.0718994140625,-24.185937881469727,-16.044902801513672,-18.24384880065918,-5.39818000793457,-18.260866165161133,-11.8316650390625,-18.010679244995117,-12.937236785888672,-2.4487533569335938,-10.382061958312988,-12.58272647857666,-0.3756052255630493,10.438279151916504,1,1,1
187_Aaniraimekkani,5964525,5975550,0.050375986844301224,0.04800692471590909,2267.6429085916902,2426.7549906241993,-323.2735290527344,127.06139373779297,-72.9686279296875,42.770782470703125,8.33187198638916,-0.6577131748199463,-39.698150634765625,-21.24852180480957,-6.676104545593262,-17.29056167602539,-13.782510757446289,-24.048259735107422,-12.529291152954102,-9.495436668395996,-15.500049591064453,-14.734511375427246,-2.850717782974243,-0.9896592497825623,-1.0991326570510864,1.4995136260986328,1,1,1
187_Aaniraimekkani,5975550,5986575,0.05171246454119682,0.04623135653409091,2372.3274626458683,2603.2527487741786,-322.46368408203125,118.1451416015625,-78.98571014404297,48.13572692871094,-5.607861518859863,6.200395107269287,-46.03614807128906,-18.039268493652344,-3.338257074356079,-7.30463981628418,-9.972240447998047,-20.655658721923828,-2.1330113410949707,-14.970638275146484,-8.254932403564453,-14.977497100830078,-8.996420860290527,-1.6458090543746948,0.12026912719011307,7.8647050857543945,0,1,0
187_Aaniraimekkani,5986575,5997600,0.04647115617990494,0.059326171875,2474.0248268674495,2716.432700365169,-313.45172119140625,130.69793701171875,-73.58654022216797,48.50922775268555,-10.872772216796875,14.371779441833496,-52.277156829833984,-16.70703887939453,-9.085030555725098,-11.854562759399414,-9.599335670471191,-21.272321701049805,-3.4141194820404053,-13.003643035888672,-4.428228378295898,-14.437483787536621,-8.223837852478027,-4.293992042541504,-0.23165296018123627,9.938297271728516,0,1,0
187_Aaniraimekkani,5997600,6008625,0.0533517561852932,0.05015980113636364,2334.6457391303215,2654.5164788944544,-311.9622802734375,132.58795166015625,-67.59345245361328,50.196537017822266,-10.80582332611084,8.642536163330078,-45.604793548583984,-17.024839401245117,-15.287156105041504,-12.319037437438965,-7.555398941040039,-18.42909049987793,-2.371877431869507,-10.10805606842041,-5.990153789520264,-17.789159774780273,-9.078922271728516,-7.281822204589844,3.612086534500122,9.81124496459961,0,1,1
187_Aaniraimekkani,6008625,6019650,0.060038890689611435,0.02947443181818182,2096.4012328250956,2347.499228710605,-306.5164794921875,144.76499938964844,-70.75807189941406,38.89136505126953,-1.7275633811950684,-13.53811264038086,-30.35521125793457,-28.18086051940918,-18.992713928222656,-6.958345413208008,-9.174864768981934,-22.158042907714844,-14.011266708374023,-8.700360298156738,-10.363707542419434,-13.715439796447754,-8.429825782775879,2.307888984680176,20.282926559448242,11.024158477783203,1,1,1
187_Aaniraimekkani,6019650,6030675,0.04428030923008919,0.03806374289772727,1941.297840984087,2324.8201852606453,-334.03448486328125,153.51051330566406,-63.493309020996094,40.522647857666016,4.03344202041626,-3.9651834964752197,-42.495365142822266,-22.713361740112305,-26.522441864013672,-13.800787925720215,-2.9030585289001465,-19.731464385986328,-7.726684093475342,-10.301606178283691,-5.027116298675537,-11.014477729797363,-12.813404083251953,-8.752786636352539,0.8177258968353271,5.150180339813232,0,1,0
187_Aaniraimekkani,6030675,6041700,0.04163796827197075,0.03697620738636364,2064.086665475612,2348.879275945473,-328.3633728027344,150.80072021484375,-69.03728485107422,41.048362731933594,6.269524097442627,-5.698143482208252,-39.70185089111328,-24.26288414001465,-27.320598602294922,-16.153839111328125,1.4191060066223145,-13.166913032531738,-6.588411331176758,-9.675263404846191,-7.380669116973877,-7.052570819854736,-12.335776329040527,-12.095294952392578,-1.2014763355255127,3.030994176864624,1,1,0
187_Aaniraimekkani,6041700,6052725,0.04119659960269928,0.042902166193181816,2079.8706422750934,2370.4190180923615,-338.26312255859375,147.57484436035156,-66.05294799804688,46.50495529174805,7.626105785369873,-7.848283290863037,-39.37588882446289,-16.463102340698242,-28.96538734436035,-14.546980857849121,-1.5646084547042847,-12.014486312866211,-7.076141357421875,-9.142754554748535,-14.458161354064941,-10.931580543518066,-9.355152130126953,-8.181832313537598,4.701930522918701,5.4938273429870605,1,1,0
187_Aaniraimekkani,6052725,6063750,0.03379597142338753,0.042036576704545456,2043.2663869559242,2391.0794513271258,-331.696533203125,160.67337036132812,-66.97007751464844,30.437761306762695,5.693487167358398,-9.161131858825684,-41.00300598144531,-14.020133018493652,-34.66176986694336,-19.01983642578125,-2.8603508472442627,-11.700501441955566,-2.064861536026001,-4.0528178215026855,-11.007216453552246,-7.348344326019287,-6.2600483894348145,-9.151466369628906,-3.791170597076416,0.09480389952659607,1,1,1
187_Aaniraimekkani,6063750,6074775,0.019622260704636574,0.059015447443181816,2013.378841125386,2115.1244536087697,-368.918701171875,186.19818115234375,-79.57064819335938,25.891481399536133,4.942249298095703,-4.322947978973389,-33.05461502075195,0.137095108628273,-25.821460723876953,-13.416646957397461,-14.178302764892578,-21.353466033935547,-10.99300479888916,3.1060523986816406,-3.255087375640869,-8.61656665802002,-3.6849043369293213,1.0684994459152222,9.377883911132812,-4.438117980957031,1,0,0
187_Aaniraimekkani,6074775,6085800,0.028056113049387932,0.06385387073863637,1790.118978864523,1820.4635358967782,-377.0390930175781,188.9648895263672,-72.87535858154297,18.149274826049805,5.016267776489258,-2.606745719909668,-37.33340835571289,-0.4333772659301758,-9.925878524780273,-10.790907859802246,-19.91876792907715,-19.732046127319336,-8.96233081817627,-0.6731429696083069,-9.882527351379395,-11.435174942016602,3.0296103954315186,9.524665832519531,15.985820770263672,-0.6938726305961609,1,0,0
187_Aaniraimekkani,6085800,6096825,0.024432508274912834,0.07450727982954546,1940.0387193475754,1905.9782638002682,-373.7821044921875,185.89723205566406,-76.62964630126953,27.299171447753906,0.5610584616661072,-7.102720737457275,-33.201419830322266,-1.3462281227111816,-18.90238380432129,-10.293500900268555,-12.937161445617676,-22.25529670715332,-15.416695594787598,-0.9688184261322021,1.3856488466262817,-2.5382144451141357,-0.6829211711883545,2.4572741985321045,16.44158172607422,-2.779538869857788,1,0,0
187_Aaniraimekkani,6096825,6107850,0.01841997168958187,0.06742720170454546,2285.0727747721266,2285.1394187416936,-355.2125244140625,172.43838500976562,-85.98139190673828,29.075960159301758,-13.976276397705078,7.908906936645508,-27.743183135986328,3.326209306716919,-15.184798240661621,-12.373852729797363,-11.988028526306152,-21.661842346191406,-19.737905502319336,-7.563459873199463,-1.0906270742416382,-0.2548367977142334,5.3099541664123535,-4.95850133895874,9.922247886657715,-0.8843590021133423,1,0,0
187_Aaniraimekkani,6107850,6118875,0.018996041268110275,0.06427556818181818,2340.1958755815012,2369.534639174797,-344.138427734375,173.5704345703125,-80.67707824707031,31.607940673828125,-16.181133270263672,8.421500205993652,-29.52672004699707,8.550431251525879,-18.47873878479004,-12.786911964416504,-20.243915557861328,-18.239694595336914,-6.223100662231445,-9.255181312561035,1.3684223890304565,-0.38818618655204773,3.805943489074707,-0.4127183258533478,8.625449180603027,-3.0552000999450684,1,0,0
187_Aaniraimekkani,6118875,6129900,0.16171704232692719,0.04430042613636364,1902.3211431843317,2030.8337643586492,-229.3564910888672,151.69326782226562,-84.09575653076172,16.026853561401367,-19.07103729248047,-12.577472686767578,-17.053728103637695,-3.959536075592041,-3.2664926052093506,-31.91362762451172,-11.91763687133789,2.3102052211761475,-0.2799280285835266,1.8485980033874512,-13.307385444641113,-8.00251293182373,-7.208666801452637,-12.861583709716797,1.500898838043213,-15.8575439453125,1,1,1
187_Aaniraimekkani,6129900,6140925,0.17524878680706024,0.07390802556818182,2126.9183329581797,2069.5040495883363,-196.3974151611328,148.1588592529297,-107.92951965332031,10.842788696289062,-28.74424934387207,1.6231375932693481,-27.497852325439453,-11.382145881652832,-7.198706150054932,-13.493117332458496,-1.3463101387023926,-4.783636093139648,-1.5730934143066406,-15.982510566711426,-15.829957008361816,-2.3811914920806885,0.609387993812561,-7.9346537590026855,-3.7690072059631348,-16.458890914916992,1,1,1
187_Aaniraimekkani,6140925,6151950,0.16635778546333313,0.07293146306818182,2303.208499481631,2248.6500314269065,-187.56768798828125,142.17010498046875,-108.1601791381836,26.944286346435547,-34.154754638671875,6.151061534881592,-28.41595458984375,-20.433744430541992,-8.09261417388916,-12.956518173217773,-1.2130576372146606,-8.152318000793457,-8.365213394165039,-14.398653984069824,-11.541324615478516,-3.5603415966033936,2.7590367794036865,-5.543467044830322,-5.071746349334717,-10.97464370727539,1,1,1
187_Aaniraimekkani,6151950,6162975,0.1094748005270958,0.05306729403409091,2156.954378075246,2090.4458831674874,-209.95843505859375,166.53033447265625,-103.1944808959961,20.198667526245117,-29.501649856567383,-14.603656768798828,-32.77763366699219,-22.672569274902344,-15.593273162841797,-3.8280210494995117,-5.905229091644287,-16.349485397338867,-16.687389373779297,-16.894695281982422,-6.112516403198242,-8.457279205322266,-0.5367650389671326,-5.767185688018799,0.7489613890647888,2.3193862438201904,1,1,1
187_Aaniraimekkani,6162975,6174000,0.12212219834327698,0.06753817471590909,2103.6992413724397,1949.9160092750508,-216.12606811523438,162.19400024414062,-108.7587890625,5.565541744232178,-18.959014892578125,-16.040708541870117,-31.60094451904297,-13.490584373474121,-18.389982223510742,-10.665682792663574,-6.192336559295654,-6.587997913360596,-14.106614112854004,-14.250687599182129,-2.851386785507202,-7.338426113128662,-6.042851448059082,-14.583465576171875,-14.116534233093262,-12.438851356506348,0,1,1
187_Aaniraimekkani,6174000,6185025,0.09238812327384949,0.04971590909090909,2064.878785856343,2100.336174338977,-230.5619659423828,169.82838439941406,-92.672607421875,8.686234474182129,-9.721343040466309,-15.236713409423828,-36.724910736083984,-21.118879318237305,-18.31121063232422,-10.977372169494629,-3.0879721641540527,-8.687958717346191,-19.4518985748291,-16.59770393371582,-8.267982482910156,-6.590808391571045,5.743223190307617,-6.419284343719482,-3.0426924228668213,1.0083895921707153,0,1,1
187_Aaniraimekkani,6185025,6196050,0.09477948397397995,0.040771484375,1691.6915699074023,1962.2715167324607,-253.23414611816406,187.37144470214844,-71.71575927734375,12.467547416687012,2.238201379776001,-7.394015312194824,-38.27284240722656,-19.320650100708008,-17.79058074951172,-12.654725074768066,-7.169449329376221,-4.501399517059326,-16.10359001159668,-21.935380935668945,-14.0424165725708,-8.740886688232422,-9.002205848693848,-20.10133171081543,-5.805243492126465,-14.382867813110352,1,1,1
187_Aaniraimekkani,6196050,6207075,0.07988162338733673,0.025168678977272728,1417.8011880561835,1972.9486290250463,-292.22906494140625,183.69252014160156,-48.596614837646484,28.639570236206055,6.396088123321533,-2.39764404296875,-31.417448043823242,-27.545692443847656,-27.213685989379883,-25.93541145324707,-13.023334503173828,-14.02697467803955,-4.228353500366211,-9.860945701599121,-10.71731948852539,-3.0929155349731445,-3.1070542335510254,-9.22243881225586,-8.006791114807129,-14.54995346069336,1,1,1
187_Aaniraimekkani,6207075,6218100,0.0896480605006218,0.031938032670454544,1773.6059259685112,2345.880071082725,-283.7181091308594,161.0629425048828,-53.771671295166016,31.580400466918945,13.127176284790039,1.0456055402755737,-40.177066802978516,-17.885635375976562,-28.65760040283203,-38.586021423339844,-13.044669151306152,-20.33336639404297,-5.001186370849609,-6.436225414276123,-12.588586807250977,-6.506940841674805,-3.1274001598358154,-3.821880578994751,-9.90902042388916,-13.763500213623047,1,1,1
187_Aaniraimekkani,6218100,6229125,0.07251870632171631,0.036687677556818184,1860.7357739528022,2238.30674314322,-293.3502197265625,160.7448272705078,-70.38609313964844,32.4365234375,8.158738136291504,-5.501868724822998,-29.1093692779541,-12.479110717773438,-34.924007415771484,-32.24190902709961,-7.629936218261719,-14.400744438171387,-2.243617057800293,-9.883017539978027,-14.650588989257812,-8.437938690185547,3.3117170333862305,-0.9457038640975952,-10.929271697998047,-10.88135814666748,1,1,0
187_Aaniraimekkani,6229125,6240150,0.08350522071123123,0.04017223011363636,1878.1579986949948,2182.358157282878,-272.5981750488281,157.29312133789062,-69.21194458007812,21.6198787689209,1.931996464729309,-5.7588725090026855,-28.392059326171875,-19.445951461791992,-27.045000076293945,-24.853382110595703,-4.012029647827148,-21.154556274414062,-13.95023250579834,-4.734140396118164,-9.378083229064941,-5.779416084289551,-2.8269970417022705,-4.9096879959106445,-5.102964401245117,-9.036504745483398,1,1,1
187_Aaniraimekkani,6240150,6251175,0.0780121237039566,0.03346946022727273,1693.6167790980116,1956.590118963024,-281.9313659667969,172.35731506347656,-71.48345184326172,10.549793243408203,-1.2794864177703857,-8.193222999572754,-39.717124938964844,-18.92905044555664,-22.294755935668945,-19.23552703857422,-5.7502970695495605,-19.92140007019043,-17.498018264770508,-20.14610481262207,-5.272436141967773,-5.697636604309082,-11.55788516998291,-6.421722412109375,1.879540205001831,7.42087984085083,1,1,1
187_Aaniraimekkani,6251175,6262200,0.04755033180117607,0.03639914772727273,1679.4482807831366,1961.2745618275678,-348.219970703125,169.95738220214844,-62.143184661865234,10.256418228149414,8.37056827545166,-15.332479476928711,-33.130470275878906,-16.199304580688477,-18.25257682800293,-20.588043212890625,-7.628042697906494,-16.152992248535156,-8.00527286529541,-10.744584083557129,-12.425817489624023,-3.01596736907959,-2.8090741634368896,0.9442967772483826,10.175568580627441,11.880599021911621,1,1,1
187_Aaniraimekkani,6262200,6273225,0.06010066345334053,0.039373224431818184,1727.3309523943776,2015.487182507607,-336.8746337890625,163.26141357421875,-66.86863708496094,28.501737594604492,7.346480846405029,-15.968880653381348,-32.690181732177734,-3.6328346729278564,-21.253929138183594,-29.43121910095215,-2.842621326446533,-5.941615104675293,-2.205357074737549,-9.447380065917969,-15.808396339416504,-8.547850608825684,-1.8910880088806152,-2.5435550212860107,1.7759541273117065,3.9402480125427246,1,1,1
187_Aaniraimekkani,6273225,6284250,0.07393229752779007,0.040105646306818184,1658.7245591373548,2006.8430779054618,-309.7783508300781,162.80101013183594,-73.45018768310547,17.756099700927734,-8.854660987854004,-6.830134868621826,-26.82386589050293,-8.233994483947754,-13.763846397399902,-23.837255477905273,-4.129982948303223,-10.665635108947754,-15.516963958740234,-13.987014770507812,-19.747661590576172,-17.775802612304688,-19.51592445373535,-22.835002899169922,-0.9811297059059143,16.964149475097656,1,1,1
187_Aaniraimekkani,6284250,6295275,0.0689828097820282,0.04090465198863636,2176.0750312552605,2356.0666307013717,-288.26904296875,142.5757293701172,-75.24246215820312,45.38656997680664,-9.254860877990723,-4.506684303283691,-45.05763244628906,-27.67583656311035,-10.82419204711914,-13.692803382873535,-14.573037147521973,-27.51690673828125,-6.249673843383789,-4.925438404083252,-8.177504539489746,-15.65463638305664,-10.891609191894531,-9.145987510681152,1.2030359506607056,16.73610496520996,1,1,1
187_Aaniraimekkani,6295275,6306300,0.09891283512115479,0.060125177556818184,2708.414484725577,2622.0150325517475,-256.5395202636719,116.84855651855469,-85.72927856445312,63.5634651184082,-6.611290454864502,-2.8687989711761475,-54.356712341308594,-24.946491241455078,-4.284211158752441,-23.097558975219727,-9.711981773376465,-21.64195442199707,-10.748435020446777,0.729465663433075,-8.062442779541016,-18.802396774291992,-8.724324226379395,-7.397678852081299,-1.1364521980285645,7.472395420074463,0,1,1
187_Aaniraimekkani,6306300,6317325,0.10380932688713074,0.040238813920454544,2292.1253139120795,2465.1589353595186,-260.4889221191406,125.20918273925781,-73.63623809814453,46.6484375,-5.61004638671875,-12.975401878356934,-44.502410888671875,-29.353309631347656,-8.251620292663574,-24.85670280456543,-16.2296142578125,-12.677907943725586,-4.509665489196777,-8.87447452545166,-13.40579891204834,-11.833544731140137,-8.080918312072754,-3.644873857498169,9.78817081451416,13.623059272766113,0,1,1
187_Aaniraimekkani,6317325,6328350,0.049058686941862106,0.024857954545454544,1800.3929863112915,2325.291662780435,-320.3688659667969,160.99530029296875,-56.32866287231445,35.794761657714844,0.31637147068977356,-4.562943458557129,-41.854835510253906,-24.109100341796875,-15.337327003479004,-24.079124450683594,-16.455110549926758,-13.444796562194824,-2.778571128845215,-12.407186508178711,-9.577874183654785,-6.674718856811523,-11.801413536071777,-10.426863670349121,-0.8715358376502991,-6.012258529663086,1,1,1
187_Aaniraimekkani,6328350,6339375,0.05882661044597626,0.03917347301136364,1890.9150955881576,2128.970316922152,-302.3402099609375,162.08401489257812,-73.16248321533203,36.954490661621094,1.6043661832809448,-0.9055931568145752,-41.45063781738281,-34.38764572143555,-13.412890434265137,-18.435941696166992,-14.855378150939941,-10.884899139404297,-4.659316539764404,-11.232281684875488,-8.99069881439209,-6.320800304412842,-12.411242485046387,-18.79283905029297,-0.40066978335380554,0.485383003950119,1,1,0
187_Aaniraimekkani,6339375,6350400,0.06637074053287506,0.04006125710227273,1988.142075515085,2245.510858474921,-289.2900695800781,154.64901733398438,-74.51285552978516,33.405235290527344,7.251658916473389,-5.4136457443237305,-43.02349853515625,-31.74384880065918,-26.743579864501953,-22.25385856628418,-11.007109642028809,-14.39711856842041,-7.241357326507568,-13.216813087463379,-9.879941940307617,-7.400674343109131,-9.919180870056152,-14.844768524169922,1.127341389656067,1.9571665525436401,1,1,1
187_Aaniraimekkani,6350400,6361425,0.07758498936891556,0.041304154829545456,1914.856801636643,2188.7413539360155,-285.5062255859375,159.78564453125,-58.463191986083984,15.50750732421875,3.7969613075256348,-14.11337947845459,-25.284191131591797,-20.603958129882812,-21.599952697753906,-28.590471267700195,-9.24617862701416,-7.221020221710205,-4.032090187072754,-8.202967643737793,-16.95710563659668,-4.243776321411133,-7.401876926422119,-9.857425689697266,-0.9250616431236267,-7.918699264526367,1,1,1
187_Aaniraimekkani,6361425,6372450,0.12394598126411438,0.04982688210227273,2289.081443302475,2289.017940777951,-212.89173889160156,142.29078674316406,-86.21426391601562,35.317142486572266,-1.012271761894226,-4.4321770668029785,-33.37561798095703,-32.749114990234375,-26.728404998779297,-22.36345672607422,-12.901535987854004,-16.51293182373047,-5.437036514282227,-11.995743751525879,-22.383277893066406,3.2329094409942627,0.590639054775238,-19.816953659057617,-4.098386764526367,-8.935723304748535,1,1,1
187_Aaniraimekkani,6372450,6383475,0.08363816887140274,0.04037198153409091,1975.7738573854904,2267.020693288691,-274.6177673339844,149.07896423339844,-70.87706756591797,37.689693450927734,11.725910186767578,0.6981971263885498,-37.967899322509766,-30.068931579589844,-24.911632537841797,-19.15522575378418,-22.324974060058594,-18.99106788635254,-4.658080101013184,-6.600161552429199,-14.226021766662598,-11.8519287109375,-4.9587836265563965,-16.36534309387207,-3.1187074184417725,-1.6764944791793823,1,1,1
187_Aaniraimekkani,6383475,6394500,0.054770708084106445,0.02849786931818182,1678.9405946900579,2065.727562024624,-325.7780456542969,173.29396057128906,-63.40131759643555,35.40915298461914,23.7799015045166,13.810541152954102,-36.189334869384766,-22.474769592285156,-14.849056243896484,-23.740734100341797,-24.346044540405273,-22.163944244384766,-5.509608745574951,-8.497986793518066,-9.817416191101074,-12.273828506469727,-14.80245590209961,-10.50387954711914,-4.202573776245117,-9.62466812133789,0,1,1
187_Aaniraimekkani,6394500,6405525,0.07157406210899353,0.033491654829545456,1775.7497013050133,2101.2256929840823,-298.6031494140625,161.75584411621094,-62.38666915893555,41.248661041259766,27.140153884887695,7.247547626495361,-44.08940124511719,-29.579618453979492,-6.725408554077148,-16.615339279174805,-19.311838150024414,-22.17399787902832,-12.118191719055176,-11.259401321411133,-11.31623649597168,-10.254746437072754,-9.03555965423584,-8.361757278442383,-3.221316337585449,-5.035359859466553,1,1,1
187_Aaniraimekkani,6405525,6416550,0.04963281378149986,0.025301846590909092,1621.0738958242027,2243.569129485103,-335.7342224121094,166.17376708984375,-45.91596221923828,37.72771072387695,19.29084014892578,3.3678648471832275,-35.239402770996094,-22.00615692138672,1.0308361053466797,-18.903301239013672,-12.114174842834473,-22.097078323364258,-18.146669387817383,-14.79086971282959,-19.082843780517578,-6.250771999359131,-3.3844504356384277,-2.946340799331665,-5.1856255531311035,-6.870473861694336,1,1,1
187_Aaniraimekkani,6416550,6427575,0.012362947687506676,0.07093394886363637,2009.0652628763469,2146.5889918576386,-416.0972900390625,178.06143188476562,-64.80186462402344,24.958831787109375,25.150554656982422,5.782659530639648,-30.468360900878906,-1.8807368278503418,-7.023329257965088,-10.63998794555664,-13.134546279907227,-7.751843452453613,-4.023787498474121,-13.133342742919922,-14.733016014099121,2.5921294689178467,1.3051570653915405,-8.759674072265625,-0.38014957308769226,-1.0612561702728271,0,0,1
187_Aaniraimekkani,6427575,6438600,0.011558457277715206,0.060014204545454544,2262.658723110978,2366.165918680162,-386.8880615234375,176.2049102783203,-82.7823715209961,34.373802185058594,-7.314496994018555,3.7333872318267822,-30.715776443481445,-3.385704755783081,-20.69279670715332,-15.785114288330078,-17.553327560424805,-7.395561695098877,-6.398107528686523,1.3672019243240356,-6.874382019042969,-1.900239109992981,8.219396591186523,-5.244962215423584,6.766412258148193,-2.3237404823303223,0,0,0
187_Aaniraimekkani,6438600,6449625,0.04029236361384392,0.038884943181818184,1922.0188335853943,2364.4403552728395,-336.2691650390625,157.15631103515625,-34.207210540771484,11.906811714172363,10.120925903320312,-18.540264129638672,-18.331789016723633,-11.148543357849121,-15.045865058898926,-17.45834732055664,-15.335402488708496,-16.054325103759766,-2.229252338409424,5.317961692810059,-4.352164268493652,-8.309969902038574,-4.743149280548096,-2.7902870178222656,0.15919773280620575,0.15968723595142365,0,1,1
187_Aaniraimekkani,6449625,6460650,0.15819235146045685,0.035955255681818184,1802.183827538381,2344.0480950780798,-200.73648071289062,173.56996154785156,-57.7278938293457,15.102042198181152,-33.86220932006836,-4.9169020652771,-22.355894088745117,-11.124923706054688,-7.45576286315918,-34.69601058959961,-12.510231971740723,-0.21616458892822266,-2.002159357070923,10.190780639648438,-10.625113487243652,-19.732995986938477,-12.847006797790527,-3.6232376098632812,-3.839472770690918,-18.21015739440918,1,1,1
187_Aaniraimekkani,6460650,6471675,0.17774580419063568,0.037064985795454544,1741.356269896485,2121.2803291780706,-190.71527099609375,171.19618225097656,-62.9678955078125,1.829234004020691,-32.10013198852539,-8.282751083374023,-26.88983917236328,-23.79986572265625,-8.73024845123291,-28.904821395874023,-6.120588302612305,10.223590850830078,2.349477529525757,-8.97563362121582,-18.517427444458008,-16.978477478027344,-11.060270309448242,0.41294002532958984,-5.8470778465271,-19.227134704589844,1,1,1
187_Aaniraimekkani,6471675,6482700,0.14773108065128326,0.05959250710227273,2184.341557316428,2186.1942668172965,-172.97801208496094,168.15774536132812,-98.4620132446289,13.469719886779785,-31.530900955200195,-5.087162017822266,-32.577762603759766,-24.980268478393555,-5.499384880065918,-18.705768585205078,0.7496238350868225,6.104440212249756,-9.246578216552734,-21.73516082763672,-22.390560150146484,-6.287478446960449,-5.817432880401611,-7.022724628448486,-5.722056865692139,-19.055736541748047,1,1,1
187_Aaniraimekkani,6482700,6493725,0.1572604924440384,0.06529651988636363,2362.2731054060446,2179.3691476902954,-175.181884765625,153.83192443847656,-108.787109375,22.41806411743164,-25.93376922607422,-5.14730167388916,-41.012977600097656,-26.06409454345703,-6.817165851593018,-16.36675262451172,1.9315788745880127,0.7736919522285461,-17.17714500427246,-19.60154151916504,-16.245250701904297,-7.0440449714660645,-10.74777889251709,-11.807600975036621,-9.175662994384766,-17.879945755004883,1,1,1
187_Aaniraimekkani,6493725,6504750,0.10355467349290848,0.058904474431818184,2254.02375489797,2189.5632332925993,-206.95228576660156,164.13775634765625,-100.47488403320312,12.307926177978516,-30.734521865844727,-5.7436933517456055,-44.71661376953125,-21.13393783569336,-15.851802825927734,-15.984162330627441,3.121030330657959,-11.527639389038086,-18.52564239501953,-16.91445541381836,-4.71559476852417,-0.9618431329727173,-10.404369354248047,-13.530922889709473,-7.878052234649658,-7.3114471435546875,1,1,1
187_Aaniraimekkani,6504750,6515775,0.07975175231695175,0.03406871448863636,2056.6857372893123,2395.130810564203,-264.9090576171875,152.46600341796875,-76.69322204589844,21.065902709960938,-23.182209014892578,-11.243000030517578,-40.9785041809082,-24.114362716674805,-23.667957305908203,-11.182374000549316,8.182045936584473,-13.333542823791504,-25.807445526123047,-18.22771453857422,-1.5001696348190308,-9.048532485961914,-10.458568572998047,-4.003950119018555,7.768299579620361,9.51517391204834,0,1,1
187_Aaniraimekkani,6515775,6526800,0.08772213011980057,0.045609907670454544,2114.5417747098777,2509.258950384698,-262.7852783203125,139.77005004882812,-77.0981216430664,18.975374221801758,-20.365013122558594,-5.091875076293945,-44.809383392333984,-19.27260971069336,-31.2789306640625,-18.001222610473633,2.616062641143799,-10.928592681884766,-19.833845138549805,-20.355316162109375,4.488632678985596,-3.9664855003356934,-10.834453582763672,-13.071036338806152,-7.230642318725586,-5.289968490600586,0,1,1
187_Aaniraimekkani,6526800,6537825,0.07256871461868286,0.0439453125,2226.6858189190316,2531.212724091989,-253.85116577148438,147.9237060546875,-79.58362579345703,12.647040367126465,-8.710564613342285,-8.991976737976074,-44.57846450805664,-14.468453407287598,-32.476409912109375,-13.715387344360352,-3.6028571128845215,-14.629467010498047,-19.08250617980957,-19.01926612854004,4.153295040130615,-7.367740154266357,-3.0316808223724365,-10.072310447692871,-2.7000303268432617,1.5398017168045044,1,1,1
187_Aaniraimekkani,6537825,6548850,0.06529417634010315,0.05726207386363636,2061.765531702132,2084.518109966456,-252.91201782226562,179.49774169921875,-93.4365234375,14.132979393005371,-7.3269734382629395,2.725583553314209,-44.469635009765625,-9.583812713623047,-23.417036056518555,-22.3239803314209,-4.58693265914917,-10.182466506958008,-16.661558151245117,-16.81043815612793,-9.54757022857666,-7.330203056335449,-6.509438991546631,-18.18659210205078,-2.6685903072357178,-11.7225341796875,1,1,1
187_Aaniraimekkani,6548850,6559875,0.06958195567131042,0.04163707386363636,1788.7703344804095,1982.9268789654984,-271.0962219238281,183.6621551513672,-80.50391387939453,24.08631706237793,-0.6209636926651001,0.05988466739654541,-49.11956787109375,-17.829004287719727,-18.173738479614258,-20.14056396484375,0.02151361294090748,-11.228912353515625,-21.338056564331055,-17.662626266479492,-16.899423599243164,-7.522339344024658,-7.498408794403076,-16.703697204589844,0.4417583644390106,-19.13361930847168,1,1,1
187_Aaniraimekkani,6559875,6570900,0.08267209678888321,0.04525479403409091,1935.9053772718057,2061.4650318373488,-261.9190368652344,158.18687438964844,-76.43647766113281,30.547773361206055,10.370306015014648,-2.9677915573120117,-44.04656982421875,-22.106426239013672,-18.644832611083984,-23.772966384887695,-10.02608871459961,-22.37400245666504,-15.892600059509277,-9.385979652404785,-13.118160247802734,-7.137876987457275,-7.416186809539795,-10.588969230651855,0.400057315826416,-8.444792747497559,1,1,1
187_Aaniraimekkani,6570900,6581925,0.06884010136127472,0.032049005681818184,1639.2419619334667,1914.98659188775,-295.7047424316406,173.8458251953125,-71.86355590820312,23.026636123657227,16.667707443237305,-0.6209453344345093,-26.554340362548828,-16.956523895263672,-25.384050369262695,-24.873008728027344,-10.997700691223145,-15.770160675048828,-9.953091621398926,-17.229150772094727,-15.818026542663574,-4.450154781341553,-3.719924211502075,-8.97150707244873,-9.698992729187012,-12.945462226867676,1,1,1
187_Aaniraimekkani,6581925,6592950,0.06209065765142441,0.029452237215909092,1528.2762306075222,1959.7161917565218,-316.4043273925781,182.9764404296875,-63.78085708618164,17.77005386352539,11.408927917480469,1.4713149070739746,-30.784177780151367,-16.915361404418945,-29.436241149902344,-27.066070556640625,-5.665187358856201,-13.737229347229004,-4.212558746337891,-15.734701156616211,-18.34385108947754,0.11233749985694885,-0.9890509247779846,-6.374420166015625,-4.77467155456543,-11.807241439819336,1,1,1
187_Aaniraimekkani,6592950,6603975,0.06478101760149002,0.025057705965909092,1643.5317496072732,2198.23250011951,-304.9561462402344,174.65460205078125,-56.57122802734375,21.792808532714844,13.646422386169434,6.159360885620117,-29.333715438842773,-18.084623336791992,-30.34992027282715,-24.16218376159668,-10.753591537475586,-17.040929794311523,-10.614914894104004,-21.438732147216797,-20.443370819091797,-5.6548566818237305,0.031088871881365776,-11.146428108215332,-6.111968994140625,-9.016231536865234,1,1,1
187_Aaniraimekkani,6603975,6615000,0.06640118360519409,0.028364701704545456,1664.3826472950961,2155.27157280004,-301.7108459472656,175.90504455566406,-63.92535400390625,21.001558303833008,11.87469482421875,0.3115774095058441,-23.09258460998535,-20.41628646850586,-24.490156173706055,-22.290552139282227,-12.82531452178955,-15.557412147521973,-8.015069007873535,-12.746329307556152,-13.293662071228027,-5.825169563293457,-3.3400983810424805,-9.302889823913574,-6.175650119781494,-10.65433406829834,1,1,1
187_Aaniraimekkani,6615000,6626025,0.06858190894126892,0.026988636363636364,1559.361011908167,2003.2632237282703,-310.2822265625,182.03822326660156,-61.39641189575195,26.948219299316406,13.897183418273926,-6.644238471984863,-24.737089157104492,-22.41376495361328,-25.6984806060791,-29.19513511657715,-13.582342147827148,-15.552867889404297,-5.437623500823975,-7.167847156524658,-11.170330047607422,-1.1808555126190186,-2.626997947692871,-5.34206485748291,-4.080488681793213,-13.870559692382812,1,1,1
187_Aaniraimekkani,6626025,6637050,0.0224434956908226,0.043390447443181816,2445.0046237722163,2842.58935828016,-322.3486633300781,156.90530395507812,-58.726966857910156,31.552570343017578,-23.18004035949707,4.397152423858643,-28.383142471313477,-10.376654624938965,-20.477798461914062,-19.97072982788086,-9.094011306762695,-18.807104110717773,-8.01085376739502,-5.2616190910339355,-3.3761353492736816,-12.199667930603027,-2.9029433727264404,-5.192028045654297,5.423820972442627,-5.070403099060059,1,0,1
187_Aaniraimekkani,6637050,6648075,0.041930802166461945,0.03553355823863636,1867.8119553726078,2265.2302178462633,-323.30975341796875,170.8025665283203,-47.7685432434082,12.2935209274292,1.724080204963684,-17.693422317504883,-19.531591415405273,-12.407806396484375,-17.86334991455078,-19.338151931762695,-10.990591049194336,-13.796222686767578,-8.49770450592041,0.6640778183937073,-0.9049391150474548,-5.6211442947387695,-2.584970235824585,-0.4896821975708008,3.2215819358825684,-2.2223567962646484,0,1,1
187_Aaniraimekkani,6648075,6659100,0.13037046790122986,0.04427823153409091,1852.1119052164017,2263.825852502727,-216.33782958984375,170.58892822265625,-65.83196258544922,9.244377136230469,-26.58349609375,-4.272518634796143,-23.669084548950195,-16.23094367980957,-8.149128913879395,-36.23535919189453,-13.474896430969238,4.056521892547607,-2.6354312896728516,1.6682677268981934,-16.912534713745117,-15.056289672851562,-7.65159273147583,-0.5726968050003052,-3.1400339603424072,-24.02808952331543,1,1,1
187_Aaniraimekkani,6659100,6670125,0.10477718710899353,0.05726207386363636,2107.154757178012,2181.571601679835,-216.34487915039062,164.51348876953125,-91.56259155273438,18.33060646057129,-25.055736541748047,4.870891571044922,-29.313331604003906,-27.298423767089844,-11.473105430603027,-26.290271759033203,-0.4080418646335602,4.214710712432861,-1.284297227859497,-14.747467041015625,-15.18044376373291,-9.650214195251465,-3.4405062198638916,0.29878342151641846,-14.549362182617188,-18.865398406982422,1,1,1
187_Aaniraimekkani,6670125,6681150,0.07504897564649582,0.04469992897727273,1913.0257802321396,2184.421578995936,-246.76710510253906,179.67674255371094,-80.95072174072266,23.641265869140625,-20.57502555847168,9.10963249206543,-36.49289321899414,-26.80888557434082,-18.468809127807617,-13.497838973999023,-5.146823406219482,-16.663698196411133,-10.535731315612793,-15.22037124633789,-11.181214332580566,-4.126638412475586,-1.85627281665802,-13.88668155670166,-13.782382011413574,-12.850436210632324,1,1,1
187_Aaniraimekkani,6681150,6692175,0.09632689505815506,0.046875,1939.065491957082,2019.5545796340027,-224.91738891601562,179.28302001953125,-85.95061492919922,16.081533432006836,-8.761249542236328,1.136681079864502,-32.019744873046875,-27.133100509643555,-20.7751522064209,-17.527612686157227,-5.884735584259033,5.028104305267334,-4.5005998611450195,-15.113720893859863,-9.907210350036621,-6.068150043487549,-1.2780705690383911,-12.661471366882324,-13.900647163391113,-21.639909744262695,1,1,1
187_Aaniraimekkani,6692175,6703200,0.06842619925737381,0.021284623579545456,1378.58601581351,2144.6067581403627,-313.28204345703125,182.32801818847656,-36.437477111816406,35.735313415527344,7.430423259735107,23.389371871948242,-29.51141929626465,-26.717317581176758,-18.911741256713867,-19.52519416809082,0.9255908727645874,-8.076360702514648,-6.863487720489502,-10.563544273376465,-13.573802947998047,-0.20125247538089752,1.8060246706008911,-7.683473587036133,-17.09217643737793,-12.15173625946045,0,1,1
187_Aaniraimekkani,6703200,6714225,0.09116394072771072,0.010431463068181818,1274.7080639216556,2084.8508968949045,-322.24603271484375,166.16680908203125,-39.26850891113281,44.24953842163086,33.969093322753906,18.75663948059082,-31.222522735595703,-10.493315696716309,-4.934375286102295,-13.350852012634277,-4.748717308044434,-23.858976364135742,-15.153409004211426,-12.74603271484375,-13.043021202087402,-4.548902988433838,-10.520648956298828,2.1109988689422607,4.310047626495361,-11.178354263305664,1,1,1
187_Aaniraimekkani,6714225,6725250,0.045233000069856644,0.02277166193181818,1498.4560185576656,2142.98900984459,-348.60260009765625,173.0612335205078,-47.228206634521484,37.140438079833984,26.999309539794922,7.3496856689453125,-18.169469833374023,-3.7436842918395996,5.690668106079102,-1.729358196258545,-3.199613332748413,-17.865434646606445,-19.653444290161133,-17.929847717285156,-17.567062377929688,-6.813316345214844,-0.5040624141693115,2.3700506687164307,4.4740800857543945,-5.592807292938232,1,1,1
187_Aaniraimekkani,6725250,6736275,0.05317714437842369,0.011740944602272728,1422.1887639914319,2298.7941460532247,-340.2723083496094,172.68614196777344,-32.97882080078125,42.16920471191406,21.73108673095703,11.484329223632812,-23.940166473388672,-11.450286865234375,2.9363317489624023,-7.327117443084717,-5.808448791503906,-13.306543350219727,-20.217134475708008,-11.511295318603516,-9.151866912841797,-8.431476593017578,-0.29977086186408997,-0.7059666514396667,0.5689378976821899,-8.699186325073242,0,1,1
187_Aaniraimekkani,6736275,6747300,0.0600338950753212,0.02507990056818182,1739.6779699331266,2339.6496902568715,-317.3740234375,162.8390350341797,-49.337989807128906,50.413997650146484,30.403339385986328,7.322444438934326,-36.79465103149414,-14.681583404541016,-5.114163398742676,-14.295624732971191,-12.440375328063965,-17.780763626098633,-12.21008014678955,-7.588348865509033,-10.023038864135742,-16.61170768737793,-10.990398406982422,-6.688991069793701,-8.164932250976562,-13.954941749572754,0,1,1
187_Aaniraimekkani,6747300,6758325,0.06017252430319786,0.017733487215909092,1730.9229168489044,2504.725892671511,-329.63726806640625,155.73435974121094,-46.768348693847656,42.190189361572266,24.906177520751953,14.778514862060547,-38.29652404785156,-16.945463180541992,-10.636350631713867,-19.06082534790039,-11.737603187561035,-16.43793296813965,-6.313090801239014,-7.379214763641357,-16.915163040161133,-19.764244079589844,-16.14287567138672,-11.367480278015137,-3.487424612045288,-16.043596267700195,1,1,1
187_Aaniraimekkani,6758325,6769350,0.04441202059388161,0.023526278409090908,1736.2076476192071,2327.1550730649224,-348.0451965332031,166.1309356689453,-49.888614654541016,38.60580062866211,23.298992156982422,6.846972942352295,-38.91905212402344,-12.736563682556152,-9.659886360168457,-18.121919631958008,-13.545540809631348,-20.127281188964844,-10.090788841247559,-2.9404609203338623,-8.609184265136719,-14.555863380432129,-10.186341285705566,-13.279955863952637,-7.165588855743408,-18.36733055114746,0,1,0
187_Aaniraimekkani,6769350,6780375,0.03631751239299774,0.04587624289772727,1842.7242569539108,2266.865270260897,-347.7001647949219,173.2781524658203,-47.983375549316406,22.894397735595703,8.245434761047363,-3.4303319454193115,-25.655847549438477,-8.240822792053223,-18.73137664794922,-23.330320358276367,-9.904666900634766,-3.0891189575195312,2.538207769393921,-5.712169170379639,-9.78707218170166,-9.521994590759277,-6.243808269500732,-13.117565155029297,-5.2363080978393555,-14.0363187789917,0,1,1
187_Aaniraimekkani,6780375,6791400,0.05214503034949303,0.02814275568181818,1695.6439893727124,2192.782181711378,-323.2307434082031,175.2754364013672,-55.112552642822266,24.535858154296875,25.578935623168945,4.095973491668701,-30.768829345703125,-15.145120620727539,-26.954853057861328,-15.62832260131836,-13.32340145111084,-21.8429012298584,-7.013627529144287,-11.679055213928223,-7.617632865905762,-7.8430705070495605,1.0662583112716675,-10.843063354492188,-12.352276802062988,-9.946996688842773,0,1,1
187_Aaniraimekkani,6791400,6802425,0.04282190278172493,0.038396661931818184,1858.0366400113853,2184.6120990528375,-328.8244323730469,171.73452758789062,-62.993324279785156,35.5756721496582,23.408123016357422,-0.0452851802110672,-39.908912658691406,-4.83875036239624,-10.604887008666992,-14.696272850036621,-9.083870887756348,-21.450572967529297,-13.352392196655273,-9.773842811584473,-13.636595726013184,-12.94534969329834,-3.119487762451172,2.8526039123535156,7.846048355102539,-12.409408569335938,1,1,1
187_Aaniraimekkani,6802425,6813450,0.021976780146360397,0.04052734375,1849.6212443551913,2099.4225004651385,-376.8427429199219,179.9398651123047,-64.0031509399414,29.416004180908203,2.5906102657318115,-12.34130573272705,-27.126991271972656,-2.579669952392578,-19.94605827331543,-10.178821563720703,-8.834490776062012,-11.90099811553955,-8.298949241638184,-11.962106704711914,-12.858007431030273,-10.835083961486816,-2.0218148231506348,1.8230420351028442,14.439493179321289,4.862505912780762,1,1,1
187_Aaniraimekkani,6813450,6824475,0.024577246978878975,0.04771839488636364,1854.295212550494,2056.9580783772412,-376.30059814453125,174.98751831054688,-71.62894439697266,25.848291397094727,-11.166706085205078,-13.069950103759766,-27.49535369873047,-8.31737995147705,-22.601415634155273,-7.239983081817627,-16.169918060302734,-20.50777244567871,-4.7048211097717285,1.1694540977478027,-1.222935438156128,-9.097336769104004,-6.866223335266113,0.10617537796497345,19.117658615112305,19.31073570251465,1,0,0
187_Aaniraimekkani,6824475,6835500,0.024523431435227394,0.04576526988636364,1969.5822201555602,2177.5695757465237,-369.8664245605469,167.71041870117188,-79.62023162841797,22.505735397338867,-14.955452919006348,1.8319668769836426,-23.995086669921875,-4.395329475402832,-23.687328338623047,-15.693073272705078,-14.966894149780273,-15.709314346313477,-9.064854621887207,-2.994276523590088,2.469641923904419,-0.5350426435470581,-3.638546943664551,-2.089092969894409,21.197982788085938,18.290876388549805,1,0,0
187_Aaniraimekkani,6835500,6846525,0.02912200056016445,0.052667791193181816,2000.2354394244105,2135.8504196543913,-351.1351318359375,152.4268035888672,-61.2039680480957,6.190707683563232,4.786681652069092,-11.776086807250977,-16.030550003051758,-9.104691505432129,-9.492673873901367,-14.740965843200684,-18.14917755126953,-20.653053283691406,-4.585874557495117,-0.14803895354270935,-4.182041645050049,0.5584414601325989,-2.6004436016082764,0.3254103362560272,18.678083419799805,18.477149963378906,1,1,1
187_Aaniraimekkani,6846525,6857550,0.07105067372322083,0.05479847301136364,2105.0495764610655,2118.3829528897586,-277.3835144042969,167.37875366210938,-51.42794418334961,26.642223358154297,8.461509704589844,-0.9765047430992126,-21.13561248779297,-11.651232719421387,-21.122705459594727,-16.17380142211914,1.3384305238723755,-7.490371227264404,-0.30968838930130005,-1.9159388542175293,-9.509045600891113,-7.330395698547363,-3.264110803604126,3.543269395828247,3.427206516265869,-4.549138069152832,0,1,1
187_Aaniraimekkani,6857550,6868575,0.11466236412525177,0.044966264204545456,1853.3459820089445,1966.283625035156,-243.59226989746094,169.5880584716797,-74.05839538574219,4.4868597984313965,1.147122859954834,-3.4923300743103027,-27.391443252563477,-15.062490463256836,-27.89952278137207,-29.52165985107422,6.260095119476318,-2.159881830215454,1.6327942609786987,-5.9675493240356445,-17.565622329711914,-6.200916767120361,-4.415783405303955,4.516485214233398,-5.679671764373779,-17.34880256652832,0,1,1
187_Aaniraimekkani,6868575,6879600,0.1321282833814621,0.05943714488636364,1985.5176532086707,2098.596421458118,-215.295654296875,162.3391571044922,-92.61862182617188,20.550308227539062,-18.260618209838867,1.0173684358596802,-30.8682804107666,-27.735923767089844,-9.746642112731934,-24.661909103393555,3.641993761062622,11.788354873657227,-4.005318641662598,-15.447845458984375,-16.07294464111328,-6.341724872589111,-8.838204383850098,-2.0581390857696533,-11.859099388122559,-21.959640502929688,0,1,1
187_Aaniraimekkani,6879600,6890625,0.10827053338289261,0.06503018465909091,2122.7702483481526,2275.0036337180004,-225.861572265625,156.34393310546875,-89.76612854003906,19.936067581176758,-20.346403121948242,4.215903282165527,-30.373437881469727,-29.127685546875,-11.959153175354004,-19.86927032470703,-3.820870876312256,6.763148784637451,-3.4217422008514404,-22.769346237182617,-21.460172653198242,-3.201141119003296,-5.613100051879883,-10.976192474365234,-4.706783771514893,-15.861573219299316,0,1,1
187_Aaniraimekkani,6890625,6901650,0.05581015348434448,0.03420188210227273,1734.2677233422821,2290.7330811856505,-302.0220947265625,168.97674560546875,-51.699012756347656,22.766130447387695,-5.122276306152344,1.0513439178466797,-30.17085075378418,-23.275537490844727,-25.253202438354492,-17.66118621826172,-5.6087846755981445,-7.399200916290283,-5.185074806213379,-14.690414428710938,-18.41596794128418,-3.1038918495178223,5.310481548309326,-12.094562530517578,-2.296555757522583,-11.398433685302734,0,1,1
187_Aaniraimekkani,6901650,6912675,0.09562820941209793,0.057417436079545456,2223.7659633118546,2403.106520028259,-237.21690368652344,148.11476135253906,-88.14195251464844,38.58047103881836,-23.346593856811523,7.282496929168701,-38.895023345947266,-13.935928344726562,-25.8798770904541,-20.183107376098633,-4.009504318237305,-2.893156051635742,-12.852497100830078,-19.884458541870117,-13.707663536071777,-1.2905564308166504,7.477224826812744,-15.414778709411621,3.9107320308685303,-12.721091270446777,0,1,1
187_Aaniraimekkani,6912675,6923700,0.12081199139356613,0.07608309659090909,2637.462781799647,2414.522039146177,-200.72096252441406,132.98118591308594,-112.06189727783203,42.96693420410156,-27.75537109375,4.1012678146362305,-36.27036666870117,-20.28925323486328,-15.957218170166016,-15.28872013092041,-7.2629499435424805,2.203596591949463,-15.458395957946777,-18.69933319091797,-17.793495178222656,-0.6881164908409119,-2.3939285278320312,-20.714004516601562,2.2077081203460693,-11.788238525390625,0,1,1
187_Aaniraimekkani,6923700,6934725,0.07834560424089432,0.061079545454545456,2195.854133351829,2181.821025046472,-223.63829040527344,166.60894775390625,-96.86453247070312,16.962827682495117,-23.416149139404297,-2.754992723464966,-43.93586730957031,-22.210355758666992,-25.471473693847656,-15.40661334991455,0.029123933985829353,-4.628820419311523,-7.171912670135498,-24.375444412231445,-12.871136665344238,-1.26175057888031,-2.7594549655914307,-18.876052856445312,-5.882075309753418,-5.081512451171875,1,1,1
187_Aaniraimekkani,6934725,6945750,0.09516820311546326,0.06942471590909091,2355.9426545584397,2188.2425081180963,-208.68081665039062,164.611328125,-105.51899719238281,16.63029670715332,-20.989347457885742,-0.12646812200546265,-43.498939514160156,-15.5420503616333,-18.470426559448242,-14.367822647094727,0.2260870486497879,5.154788970947266,-9.231072425842285,-23.535764694213867,-11.8999662399292,1.3497105836868286,2.4064252376556396,-13.5973539352417,-2.2446117401123047,-13.060749053955078,0,1,1
187_Aaniraimekkani,6945750,6956775,0.08212482929229736,0.06973544034090909,2276.98807220543,2161.175791688525,-232.0569305419922,164.29991149902344,-101.73865509033203,20.364273071289062,-16.494901657104492,3.042445182800293,-43.42574691772461,-14.085923194885254,-17.852691650390625,-18.6586971282959,-1.13519287109375,0.8040251135826111,-16.174304962158203,-24.696697235107422,-13.792179107666016,2.343986988067627,-2.8094191551208496,-14.969436645507812,2.303436279296875,-9.197722434997559,0,1,1
187_Aaniraimekkani,6956775,6967800,0.07144322246313095,0.044477982954545456,2045.696473841989,2208.4777195938204,-268.3277587890625,163.7227020263672,-78.31952667236328,27.849458694458008,-4.702281951904297,-1.5372366905212402,-30.86028289794922,-23.25086212158203,-13.09830093383789,-16.82634735107422,-10.527434349060059,-11.278868675231934,-9.977556228637695,-15.831433296203613,-11.284958839416504,4.04402494430542,-0.5767530798912048,-12.103103637695312,-7.6330060958862305,-13.612885475158691,1,1,1
187_Aaniraimekkani,6967800,6978825,0.04251730814576149,0.02863103693181818,1886.0621301761762,2547.5110531948044,-333.2128601074219,160.02691650390625,-52.12185287475586,30.136411666870117,-10.283838272094727,4.1041669845581055,-34.00591278076172,-12.626810073852539,-24.244970321655273,-28.478912353515625,-6.134085178375244,-24.190587997436523,-8.994065284729004,-8.944843292236328,-13.106668472290039,-1.5518672466278076,0.3479219079017639,-8.42109203338623,-8.562491416931152,-12.841500282287598,0,1,0
187_Aaniraimekkani,6978825,6989850,0.04835539683699608,0.042036576704545456,2170.7776945152177,2437.0348469839187,-307.7880859375,152.75003051757812,-70.84548950195312,30.616147994995117,-7.546873092651367,-2.2449333667755127,-21.32335662841797,-3.301011085510254,-19.442096710205078,-28.22649383544922,-5.819279193878174,-31.679540634155273,-15.360333442687988,-7.338303089141846,-12.731579780578613,-1.8894935846328735,-4.7523417472839355,-1.9623066186904907,-1.983291506767273,-12.513431549072266,1,1,1
187_Aaniraimekkani,6989850,7000875,0.07955792546272278,0.07237659801136363,2338.0591402846944,2130.2089796043615,-265.4250183105469,145.57846069335938,-107.0499267578125,31.87042808532715,-20.12354850769043,-11.236346244812012,-24.973608016967773,-13.427107810974121,-19.53828239440918,-21.490861892700195,0.50224769115448,-5.884945869445801,-12.13671588897705,-13.230334281921387,-6.367932319641113,6.953747272491455,11.381951332092285,-1.847750186920166,-6.2866058349609375,-11.609681129455566,1,1,1
187_Aaniraimekkani,7000875,7011900,0.12067592889070511,0.06511896306818182,2385.138108343368,2273.2192450522343,-226.01470947265625,129.99693298339844,-112.10047149658203,26.193920135498047,-24.05817413330078,-6.4108195304870605,-16.350608825683594,-13.067209243774414,-9.1166410446167,-20.2108097076416,-2.6517927646636963,-7.17238187789917,-15.904485702514648,-21.264179229736328,-14.173480987548828,3.4820992946624756,2.6984689235687256,0.296202689409256,-3.0798277854919434,-14.709946632385254,1,1,1
187_Aaniraimekkani,7011900,7022925,0.10980188101530075,0.07763671875,2447.4689521815812,2158.286274605045,-230.96856689453125,129.77613830566406,-122.24853515625,24.042116165161133,-26.66290855407715,0.40715858340263367,-18.75160026550293,-10.019766807556152,-6.346600532531738,-13.989154815673828,-2.146505355834961,-7.15822172164917,-10.215779304504395,-18.986238479614258,-10.715011596679688,1.536128282546997,2.7396228313446045,1.355685830116272,-1.9966835975646973,-12.823935508728027,1,1,1
187_Aaniraimekkani,7022925,7033950,0.08843859285116196,0.07557262073863637,2251.91121361812,1931.2597505540375,-232.14764404296875,161.04629516601562,-119.83320617675781,8.137554168701172,-26.76045036315918,-4.319716930389404,-28.401185989379883,-12.927209854125977,-7.331005573272705,-15.457874298095703,-3.551513671875,-9.892228126525879,-14.964178085327148,-12.742757797241211,-3.5965209007263184,2.178396463394165,-4.224546432495117,-11.861804008483887,-6.9855265617370605,-7.1681365966796875,1,1,1
187_Aaniraimekkani,7033950,7044975,0.09031577408313751,0.07816938920454546,2185.5108726871504,1935.3813238119326,-229.4375,172.22329711914062,-111.8097152709961,1.9614628553390503,-22.452808380126953,-7.706308364868164,-34.20777893066406,3.430036783218384,-9.436519622802734,-18.416053771972656,-3.9535741806030273,-14.087363243103027,-18.079195022583008,-19.484169006347656,-1.3558388948440552,-7.409971714019775,-9.671074867248535,-10.534714698791504,-14.212019920349121,-6.969141006469727,1,1,1
187_Aaniraimekkani,7044975,7056000,0.05640153959393501,0.034734552556818184,1904.8400088337394,2266.083381992849,-297.4253234863281,164.94085693359375,-72.41419982910156,15.907952308654785,-13.566254615783691,-12.110382080078125,-37.05312728881836,0.4462601840496063,-20.02172088623047,-11.400029182434082,-3.1526219844818115,-24.762367248535156,-22.727840423583984,-23.719511032104492,-12.910694122314453,-16.183622360229492,-9.34622573852539,-0.7714222073554993,12.413473129272461,10.935982704162598,1,1,1
187_Aaniraimekkani,7056000,7067025,0.043179985135793686,0.09519264914772728,3299.199189578135,2724.9381736245655,-293.6573486328125,109.54476928710938,-77.50556945800781,55.18980407714844,-14.499273300170898,-5.310919284820557,-26.86079216003418,-9.140776634216309,-14.803873062133789,-18.108797073364258,-7.339305400848389,-23.839881896972656,-7.776556491851807,-8.383545875549316,-13.661355972290039,-10.709964752197266,-10.22329330444336,-8.57396411895752,8.04904556274414,1.044288158416748,1,1,1
187_Aaniraimekkani,7067025,7078050,0.056074514985084534,0.04141512784090909,1995.5871989179157,2217.6961997536146,-318.8393249511719,151.94517517089844,-70.6213150024414,28.842134475708008,10.74298095703125,-5.173435688018799,-35.33255386352539,-12.807109832763672,-11.97909164428711,-10.9080228805542,-11.969840049743652,-26.95890998840332,-14.4164400100708,-14.549259185791016,-7.347040176391602,-8.775984764099121,-8.36843204498291,-9.281537055969238,3.2713587284088135,6.368149280548096,1,1,1
187_Aaniraimekkani,7078050,7089075,0.02960008569061756,0.049560546875,1905.91154471125,2204.2360481848204,-365.6729736328125,164.7305450439453,-60.685489654541016,22.980087280273438,15.563199043273926,-12.731597900390625,-21.420148849487305,-10.512017250061035,-20.138463973999023,-17.568883895874023,-9.192097663879395,-10.969511985778809,-6.156907558441162,-10.172940254211426,-10.152558326721191,-5.255397796630859,-5.866535663604736,-5.73576545715332,8.562559127807617,4.97569465637207,0,1,1
187_Aaniraimekkani,7089075,7100100,0.060357287526130676,0.06165660511363636,2115.248963529759,2266.6287911218274,-305.99920654296875,149.51405334472656,-82.72029113769531,26.818885803222656,-8.9918794631958,-4.195929050445557,-27.765588760375977,-13.607390403747559,-13.623419761657715,-25.99951171875,0.009921821765601635,-8.890692710876465,-18.903274536132812,-5.150245666503906,-7.716318130493164,-5.694115161895752,-3.7650396823883057,-13.848791122436523,-4.439820766448975,-0.5656707286834717,0,1,1
187_Aaniraimekkani,7100100,7111125,0.08554390072822571,0.07694868607954546,2263.73343456542,2090.0026407218497,-287.1694641113281,141.84483337402344,-96.02389526367188,22.4932918548584,-8.308141708374023,-13.816580772399902,-26.4453125,-4.079028606414795,-7.324887275695801,-17.744956970214844,-11.361411094665527,-5.7706098556518555,-12.63582992553711,0.5014714002609253,-10.006768226623535,-14.95137882232666,1.374508023262024,-16.650672912597656,-5.4876017570495605,2.865654945373535,0,1,1
187_Aaniraimekkani,7111125,7122150,0.10003238171339035,0.06984641335227272,2258.091699449865,2035.5227239392343,-263.5830383300781,135.7888946533203,-102.9601058959961,26.97508430480957,-16.498533248901367,-10.651205062866211,-26.06328010559082,-7.532296657562256,-5.681991100311279,-17.22675323486328,-12.203685760498047,-3.50553035736084,-9.479904174804688,-2.2514684200286865,-6.398046493530273,-12.9484281539917,-1.0278929471969604,-13.468056678771973,-7.655405044555664,5.920047283172607,1,1,1
187_Aaniraimekkani,7122150,7133175,0.07600057125091553,0.06680575284090909,2335.7046583116057,2152.3121328174147,-256.61505126953125,144.94265747070312,-105.9421615600586,20.129335403442383,-20.260984420776367,-18.144872665405273,-28.0780086517334,-10.441901206970215,-9.589847564697266,-5.192447185516357,-10.715592384338379,-17.5958194732666,-11.264009475708008,-13.180243492126465,-11.495055198669434,-7.6801981925964355,4.488086223602295,3.539424180984497,7.953950881958008,20.281570434570312,1,1,1
187_Aaniraimekkani,7133175,7144200,0.07051120698451996,0.08189808238636363,2309.4753586904476,2032.2503559714423,-260.24200439453125,157.99513244628906,-110.52035522460938,10.118606567382812,-15.358355522155762,-15.358132362365723,-26.03954315185547,-9.547916412353516,-11.01239013671875,-10.64677906036377,-5.673737525939941,-3.9268698692321777,-11.370861053466797,-16.653532028198242,-12.160111427307129,-6.049125671386719,0.4051346480846405,-5.612380504608154,0.5903105139732361,11.222617149353027,1,1,1
187_Aaniraimekkani,7144200,7155225,0.07363917678594589,0.07366388494318182,2404.0411318923593,2174.702967018089,-237.99032592773438,154.72825622558594,-111.8009033203125,10.715432167053223,-22.026592254638672,-13.516551971435547,-35.522403717041016,-14.975225448608398,-9.794562339782715,-11.089106559753418,-7.216364860534668,-3.9232780933380127,-11.494858741760254,-12.434746742248535,-5.793840408325195,-0.28878191113471985,-1.6140239238739014,-12.172574043273926,-6.292945384979248,-8.299671173095703,1,1,1
187_Aaniraimekkani,7155225,7166250,0.0706922709941864,0.07559481534090909,2156.464423621233,2026.1068664292266,-267.4701843261719,158.7130126953125,-106.72960662841797,10.232701301574707,-15.709427833557129,-10.447879791259766,-34.97208023071289,-1.41575026512146,-3.4555656909942627,-10.726086616516113,-4.627020359039307,-9.456576347351074,-15.010498046875,-11.641931533813477,-6.0718841552734375,-8.973644256591797,-8.455628395080566,-16.68467903137207,-6.325148105621338,0.03594352304935455,1,1,1
187_Aaniraimekkani,7166250,7177275,0.05635669454932213,0.07100053267045454,2196.523458753711,2066.3494910026825,-275.96099853515625,166.5823974609375,-101.87664031982422,22.027545928955078,-11.003101348876953,-15.137767791748047,-31.315570831298828,-5.4055047035217285,-14.230688095092773,-14.188523292541504,-4.507837295532227,-3.981942653656006,-11.807254791259766,-8.655591011047363,-10.833263397216797,-4.427802562713623,1.0867218971252441,-13.493877410888672,-8.822196960449219,-6.882810592651367,1,1,1
187_Aaniraimekkani,7177275,7188300,0.03011617809534073,0.07077858664772728,2197.164199356082,2228.9915028899272,-345.72540283203125,160.50050354003906,-83.30121612548828,36.71384048461914,-0.7830886244773865,-7.684268474578857,-31.48828125,-5.804283142089844,-24.726133346557617,-8.579087257385254,-10.329718589782715,-10.845155715942383,-11.315380096435547,-6.059892654418945,-7.642908096313477,-10.395539283752441,-13.39822769165039,-13.720098495483398,3.2926506996154785,1.8440173864364624,1,0,1
187_Aaniraimekkani,7188300,7199325,0.02539764530956745,0.03786399147727273,1883.149744368722,2105.7914028165196,-374.4478454589844,169.86778259277344,-70.12753295898438,28.688478469848633,9.9170503616333,-10.596881866455078,-30.232341766357422,-8.4619140625,-17.625831604003906,-8.391423225402832,-12.192707061767578,-16.25703239440918,-15.4353609085083,-11.968905448913574,-6.738156318664551,-9.31394100189209,-11.157699584960938,-4.568422317504883,7.730542182922363,-6.317901134490967,1,0,1
187_Aaniraimekkani,7199325,7210350,0.02106156013906002,0.05930397727272727,2003.1598598202413,2156.1366229870755,-364.9508056640625,179.89451599121094,-75.91221618652344,28.037565231323242,-17.671220779418945,-3.5472681522369385,-32.349891662597656,-6.301002025604248,-20.22829818725586,-11.012720108032227,-4.990625858306885,-14.547540664672852,-16.71568489074707,-2.7009501457214355,-6.477746486663818,-13.67807388305664,-4.710108757019043,-5.305820465087891,9.694103240966797,-4.866422653198242,1,0,1
187_Aaniraimekkani,7210350,7221375,0.026839207857847214,0.05704012784090909,2163.778752202382,2250.7260209501833,-334.92376708984375,174.148193359375,-83.8802490234375,28.521953582763672,-26.38067054748535,-2.4565775394439697,-30.43269157409668,-3.2296876907348633,-17.8826847076416,-8.162049293518066,-10.465271949768066,-12.212238311767578,-15.926275253295898,-10.386740684509277,-3.7058770656585693,-14.72604751586914,-2.2539777755737305,-2.908569574356079,7.040760517120361,-5.184693336486816,1,0,1
187_Aaniraimekkani,7221375,7232400,0.12587352097034454,0.05484286221590909,2169.866318467823,2298.216846488627,-234.62168884277344,142.2941131591797,-82.7854995727539,0.49845656752586365,-15.636465072631836,-5.444809436798096,-28.03508949279785,-15.995333671569824,-25.298688888549805,-25.19731330871582,-4.497382164001465,-9.714180946350098,-3.54606032371521,-5.981919765472412,-8.96883487701416,-12.047748565673828,-4.905681610107422,3.076031446456909,1.2281389236450195,-14.623767852783203,1,1,1
187_Aaniraimekkani,7232400,7243425,0.15287183225154877,0.06667258522727272,2035.8977392890063,1969.7158626947964,-213.7721710205078,159.39649963378906,-107.8476333618164,-4.6758198738098145,-27.28557777404785,-2.692183494567871,-30.86699676513672,-17.306718826293945,-21.216005325317383,-18.183366775512695,3.3990249633789062,-9.483301162719727,-9.137941360473633,-15.0189790725708,-15.64962387084961,-3.7870986461639404,4.670596599578857,2.4869027137756348,4.960822105407715,-11.996275901794434,1,1,1
187_Aaniraimekkani,7243425,7254450,0.12785965204238892,0.07111150568181818,2251.322819768924,2075.0181039949366,-201.83480834960938,156.38595581054688,-115.28988647460938,-1.9741802215576172,-22.888307571411133,-8.620845794677734,-31.614683151245117,-15.12375545501709,-16.382070541381836,-18.31804084777832,-3.649278163909912,-12.39611530303955,-12.912859916687012,-14.905455589294434,-7.147861957550049,-2.1437995433807373,-2.42806339263916,-6.54836893081665,-1.0176479816436768,-5.477494239807129,1,1,1
187_Aaniraimekkani,7254450,7265475,0.13175173103809357,0.06980202414772728,2230.739620006088,1953.6414341165857,-193.71649169921875,164.64532470703125,-116.82534790039062,5.08591890335083,-29.821197509765625,-15.184708595275879,-22.997968673706055,-6.773374557495117,-10.840855598449707,-29.195581436157227,-7.175011157989502,-9.288601875305176,-9.755097389221191,-11.901281356811523,-6.637001037597656,-6.531933307647705,-9.541019439697266,-7.609979629516602,-8.261642456054688,-4.4312825202941895,1,1,1
187_Aaniraimekkani,7265475,7276500,0.10922625660896301,0.07899058948863637,2316.5504880732265,2139.615822362663,-218.0617218017578,154.22525024414062,-109.33386993408203,11.136380195617676,-27.19068717956543,-5.546082019805908,-29.441009521484375,-1.4165701866149902,-16.990951538085938,-25.246232986450195,-6.099987983703613,-7.565195083618164,-20.05286407470703,-19.66123390197754,-6.7385406494140625,-19.229719161987305,-5.425753116607666,-2.5709025859832764,6.268373489379883,14.852020263671875,1,1,1
187_Aaniraimekkani,7276500,7287525,0.08928770571947098,0.05728426846590909,2223.88951104985,2169.8934332789363,-248.77149963378906,150.43885803222656,-98.36198425292969,14.822461128234863,-11.786215782165527,-6.418549060821533,-27.23296546936035,-9.941082000732422,-17.7315616607666,-27.38585090637207,-7.970544815063477,-15.06795883178711,-20.161376953125,-18.579999923706055,-15.306057929992676,-15.286087989807129,-3.1846868991851807,7.105020523071289,13.968331336975098,23.957521438598633,1,1,1
187_Aaniraimekkani,7287525,7298550,0.08646789193153381,0.04762961647727273,2034.1531684769463,2069.353968723744,-255.46893310546875,158.4058837890625,-91.9730453491211,9.161782264709473,-15.668163299560547,-14.109496116638184,-28.44847869873047,-8.860320091247559,-15.881420135498047,-23.162132263183594,-14.131357192993164,-13.96407699584961,-11.827471733093262,-19.853944778442383,-12.528237342834473,-14.537830352783203,2.336232900619507,9.32291316986084,15.237808227539062,26.775056838989258,1,1,1
187_Aaniraimekkani,7298550,7309575,0.07813086360692978,0.03211558948863636,1803.8422274933234,1903.0695938350402,-284.5577392578125,166.7637481689453,-90.23979949951172,14.909014701843262,-14.956891059875488,-15.482420921325684,-13.266798973083496,3.7613327503204346,-20.1473445892334,-37.61408615112305,-15.150890350341797,-10.460662841796875,-13.243813514709473,-24.519298553466797,-26.422874450683594,-17.210098266601562,-3.416543483734131,1.548797607421875,20.829423904418945,29.90625762939453,1,1,1
187_Aaniraimekkani,7309575,7320600,0.018352629616856575,0.07794744318181818,2405.7315487943883,2226.3512262541694,-355.0633544921875,162.0487823486328,-86.55288696289062,33.44944763183594,-2.167910099029541,-7.369067668914795,-23.95245933532715,3.978644609451294,-15.163158416748047,-17.448083877563477,-9.998368263244629,-8.395224571228027,-7.796743869781494,-16.62934112548828,-16.200613021850586,-3.3010637760162354,-2.4943580627441406,-6.512754917144775,3.5622239112854004,3.419934034347534,1,1,1
187_Aaniraimekkani,7320600,7331625,0.030152399092912674,0.0712890625,2335.4679398116054,2116.932175937076,-342.4670104980469,155.75650024414062,-90.76914978027344,35.54818344116211,-6.383714199066162,-6.777682781219482,-31.276832580566406,-4.581737041473389,-20.377620697021484,-15.176629066467285,-16.588977813720703,-10.599111557006836,-4.228041172027588,-11.811005592346191,-8.932522773742676,-7.476794719696045,-10.539349555969238,-2.846517324447632,18.906845092773438,15.83048152923584,1,0,1
187_Aaniraimekkani,7331625,7342650,0.02683292143046856,0.06008078835227273,2293.7819652979665,2299.2583027846263,-343.6948547363281,156.78460693359375,-81.8677978515625,37.23554229736328,-9.437284469604492,-9.36368179321289,-21.804351806640625,-13.074234008789062,-17.19169044494629,-10.083433151245117,-6.3012614250183105,-7.981420516967773,-11.874215126037598,-8.213432312011719,-12.498233795166016,-12.606765747070312,-10.301812171936035,-7.501048564910889,17.9299373626709,23.120859146118164,1,0,1
187_Aaniraimekkani,7342650,7353675,0.10126547515392303,0.0576171875,2298.4591187072656,2360.0372726962373,-258.3294677734375,133.6545867919922,-78.27961730957031,35.979095458984375,2.7645323276519775,-7.762957572937012,-34.620357513427734,-18.86750030517578,-18.394989013671875,-22.341360092163086,-8.976446151733398,-11.933272361755371,-11.776934623718262,-9.498865127563477,-12.135674476623535,-12.831884384155273,-21.324729919433594,-16.0982723236084,13.490017890930176,6.824992656707764,1,1,1
187_Aaniraimekkani,7353675,7364700,0.10488179326057434,0.051935369318181816,2315.4697713694345,2386.0286834551707,-234.41122436523438,143.35797119140625,-84.1744155883789,32.796871185302734,-11.845890045166016,-7.637250900268555,-34.9703254699707,-24.235013961791992,-38.69074249267578,-25.08900260925293,10.08401870727539,-18.20086097717285,-9.436028480529785,-1.9831112623214722,-5.6469831466674805,-7.62870454788208,-20.34196662902832,-12.425698280334473,0.5355268120765686,3.7735366821289062,1,1,1
187_Aaniraimekkani,7364700,7375725,0.10532290488481522,0.049560546875,2257.1809624467737,2387.559892461473,-248.702880859375,140.39588928222656,-80.64342498779297,30.210243225097656,-12.79504108428955,-11.195277214050293,-31.3729248046875,-15.983575820922852,-36.73674774169922,-24.853456497192383,6.889150619506836,-17.31989097595215,-10.055426597595215,-4.052857398986816,-6.6705322265625,-10.629773139953613,-15.749378204345703,-10.70455265045166,-0.8084434270858765,3.0787007808685303,1,1,1
187_Aaniraimekkani,7375725,7386750,0.155408576130867,0.069091796875,2256.6111120240794,2060.985980804615,-212.27992248535156,139.9822998046875,-116.5482406616211,16.22479820251465,-32.159061431884766,-10.434412956237793,-20.16240882873535,-13.510204315185547,-10.720122337341309,-24.08912467956543,-8.447306632995605,-7.136134624481201,-6.975778579711914,-11.04317855834961,-6.859395980834961,-13.188193321228027,-17.127782821655273,-7.187700271606445,-2.370558023452759,14.369553565979004,1,1,1
187_Aaniraimekkani,7386750,7397775,0.14727212488651276,0.06431995738636363,2166.08924244014,2085.8599134853634,-224.19049072265625,136.28236389160156,-110.98230743408203,14.206460952758789,-41.741397857666016,-8.174111366271973,-15.323699951171875,-14.60104751586914,-6.357925891876221,-28.352184295654297,-7.057056903839111,-9.389545440673828,-10.266953468322754,-3.836215019226074,-15.095795631408691,-12.398491859436035,-10.467239379882812,-12.346200942993164,3.0061538219451904,13.03671932220459,1,1,1
187_Aaniraimekkani,7397775,7408800,0.11218781769275665,0.06070223721590909,2210.3613420163633,2136.5680580459443,-233.02581787109375,140.57106018066406,-107.7807388305664,7.081488132476807,-32.020042419433594,-1.2211428880691528,-27.7552547454834,-2.5299506187438965,-8.103575706481934,-19.41592788696289,-6.740029811859131,-10.935420989990234,-14.391552925109863,-13.720211029052734,-2.0336596965789795,-9.947617530822754,-3.273547410964966,-1.4713401794433594,15.638949394226074,19.07001304626465,1,1,1
187_Aaniraimekkani,7408800,7419825,0.0944906547665596,0.06534090909090909,2358.865175342217,2192.6813610810595,-252.69854736328125,134.79537963867188,-111.02963256835938,10.514751434326172,-28.28270721435547,-6.134218215942383,-30.37370491027832,2.3113245964050293,-11.930591583251953,-20.88884735107422,1.7720236778259277,-12.173748016357422,-28.742897033691406,-17.088987350463867,1.9003955125808716,2.527127265930176,17.280641555786133,19.39810562133789,30.99237632751465,27.5887451171875,1,1,1
187_Aaniraimekkani,7419825,7430850,0.09397917240858078,0.061279296875,2355.141264617976,2323.8570954317765,-273.4515075683594,121.79973602294922,-97.45777130126953,16.426456451416016,-20.89337921142578,-4.166560649871826,-26.009815216064453,-1.1988321542739868,-10.430670738220215,-19.54677963256836,-2.8514480590820312,-19.680967330932617,-33.211002349853516,-20.24139976501465,8.001155853271484,14.097042083740234,27.097379684448242,31.384435653686523,26.571046829223633,15.47924518585205,1,1,1
187_Aaniraimekkani,7430850,7441875,0.11365734785795212,0.037109375,2040.8577578670927,2157.3331226865357,-280.46026611328125,123.21626281738281,-89.82992553710938,13.662353515625,-12.330161094665527,-12.65756607055664,-27.68714141845703,-11.650615692138672,-13.921041488647461,-22.217498779296875,-3.6754953861236572,-19.941984176635742,-27.961254119873047,-14.906922340393066,11.361309051513672,25.26899528503418,32.454254150390625,32.27873611450195,18.413711547851562,3.97052001953125,1,1,1
187_Aaniraimekkani,7441875,7452900,0.1068311408162117,0.06949129971590909,2473.751761141824,2212.0507256394703,-264.9188537597656,115.50872039794922,-111.109619140625,17.695022583007812,-19.68642234802246,-7.661943435668945,-26.434720993041992,-3.9569199085235596,-14.893442153930664,-26.69422149658203,0.12313537299633026,-16.797950744628906,-32.007511138916016,-14.364218711853027,9.84335708618164,14.825324058532715,36.99126052856445,34.844482421875,18.916654586791992,16.041847229003906,1,1,1
187_Aaniraimekkani,7452900,7463925,0.12061981856822968,0.05908203125,2337.0260341894095,2061.76765032316,-254.17660522460938,121.50385284423828,-112.24321746826172,15.633286476135254,-15.321508407592773,-10.746101379394531,-20.905607223510742,-8.126511573791504,-13.897241592407227,-29.586339950561523,1.613732099533081,-13.79616641998291,-33.38728332519531,-12.57589340209961,2.678292989730835,10.045762062072754,32.38583755493164,34.877254486083984,25.740772247314453,19.688865661621094,1,1,1
187_Aaniraimekkani,7463925,7474950,0.12040326744318008,0.05013760653409091,2151.10823868945,2102.3820454695965,-264.6227722167969,126.9402084350586,-92.86936950683594,21.730955123901367,-10.68281078338623,-14.375872611999512,-22.387474060058594,-11.620682716369629,-18.812969207763672,-25.799470901489258,-4.3874897956848145,-18.787057876586914,-30.768842697143555,-16.99744987487793,5.796102046966553,14.212113380432129,30.77240753173828,32.5568962097168,20.73611068725586,9.696343421936035,1,1,1
187_Aaniraimekkani,7474950,7485975,0.08679015189409256,0.033003373579545456,1854.9165800849346,2272.0886338743144,-297.05377197265625,143.3749542236328,-63.10841369628906,16.5841007232666,-0.5898292064666748,-18.869661331176758,-21.117753982543945,-15.725570678710938,-26.537883758544922,-25.91139030456543,-16.232864379882812,-19.565284729003906,-17.823686599731445,-14.454415321350098,-5.754218101501465,2.390575647354126,15.224425315856934,25.544883728027344,27.363117218017578,12.835552215576172,1,1,1
187_Aaniraimekkani,7485975,7497000,0.0848921611905098,0.03806374289772727,2236.817694301849,2554.1854884548043,-280.2090148925781,124.35088348388672,-64.83666229248047,21.315011978149414,2.6873056888580322,-12.748045921325684,-35.01589584350586,-15.627862930297852,-15.8600435256958,-17.78339958190918,-18.31578254699707,-20.67328453063965,-10.847870826721191,-15.98983097076416,-8.160346031188965,-13.498242378234863,-1.898166537284851,10.721501350402832,17.066688537597656,35.73487854003906,1,1,1
187_Aaniraimekkani,7497000,7508025,0.07432007789611816,0.03921786221590909,2195.1477617282058,2275.2008819351036,-301.22894287109375,132.2028045654297,-80.22465515136719,28.17523765563965,-0.09308862686157227,-10.470890045166016,-34.39901351928711,-3.474118709564209,-27.61876678466797,-23.007795333862305,-4.171029090881348,-14.167252540588379,-13.999207496643066,-12.984406471252441,-9.381363868713379,-20.796974182128906,-3.9209747314453125,1.2543370723724365,15.549088478088379,37.27604675292969,1,1,1
187_Aaniraimekkani,7508025,7519050,0.07606413960456848,0.06005859375,2346.048102150507,2102.4156180614314,-292.1300964355469,134.44195556640625,-97.73776245117188,28.330005645751953,-8.617929458618164,-11.695813179016113,-27.61201286315918,1.1090346574783325,-27.482633590698242,-22.65777015686035,0.6195287108421326,-12.410416603088379,-15.301667213439941,-21.882925033569336,-9.266644477844238,-14.830642700195312,-2.0617902278900146,4.304473400115967,8.788700103759766,32.00362777709961,1,1,1
187_Aaniraimekkani,7519050,7530075,0.07458806037902832,0.05140269886363636,2274.828502061255,2178.3375709615334,-283.1412353515625,136.84278869628906,-97.39521026611328,23.89971923828125,-11.097091674804688,-10.993036270141602,-28.7097110748291,-7.3126420974731445,-27.421995162963867,-19.508747100830078,0.44552576541900635,-12.298256874084473,-14.739678382873535,-18.851760864257812,-10.257144927978516,-17.209699630737305,-5.586117267608643,4.8594536781311035,13.207086563110352,34.45047378540039,1,1,1
187_Aaniraimekkani,7530075,7541100,0.06289542466402054,0.030251242897727272,2052.4260030518085,2208.40827236621,-297.9592590332031,153.9031524658203,-87.83584594726562,14.515722274780273,-13.183987617492676,-16.385013580322266,-23.43682861328125,-8.608068466186523,-25.861661911010742,-17.709264755249023,-12.431002616882324,-22.46410369873047,-16.6733341217041,-12.31082534790039,0.26408645510673523,-3.6034414768218994,5.882297992706299,19.360532760620117,24.49238395690918,24.970386505126953,1,1,1
187_Aaniraimekkani,7541100,7552125,0.05280858650803566,0.025102095170454544,1825.5796107716296,2201.755927026786,-330.9962158203125,152.4588623046875,-71.76829528808594,16.90567398071289,-6.208441257476807,-12.198132514953613,-21.5250301361084,-3.0527727603912354,-23.628332138061523,-23.44024085998535,-10.149918556213379,-15.510904312133789,-7.4375457763671875,-15.044635772705078,-15.579082489013672,-17.526042938232422,-9.602127075195312,7.259668350219727,22.286354064941406,29.170682907104492,1,1,1
187_Aaniraimekkani,7552125,7563150,0.03358501195907593,0.027565696022727272,1749.3305734695045,2362.030533322155,-370.06158447265625,162.64459228515625,-54.78558349609375,19.217132568359375,-6.4809675216674805,-11.449700355529785,-27.142419815063477,-1.9828797578811646,-20.263519287109375,-20.22953224182129,-16.424129486083984,-17.415739059448242,-6.796823501586914,-10.82551383972168,-12.893477439880371,-14.47409725189209,-8.248151779174805,1.6492829322814941,14.411709785461426,15.107656478881836,0,1,0
187_Aaniraimekkani,7563150,7574175,0.03893457353115082,0.04354580965909091,1927.811769400679,2318.8430608357344,-345.5811767578125,150.93203735351562,-68.62291717529297,18.80023956298828,-3.0336556434631348,-6.150550842285156,-25.917083740234375,-4.089841842651367,-20.789897918701172,-16.871471405029297,-5.9821858406066895,-23.841960906982422,-12.676987648010254,-8.100227355957031,-12.796215057373047,-11.254250526428223,-12.763079643249512,-11.677508354187012,17.701622009277344,25.58812141418457,0,1,1
187_Aaniraimekkani,7574175,7585200,0.012458684854209423,0.07151100852272728,2231.4615535765633,2185.7207613025575,-410.6756896972656,166.2064666748047,-88.98799133300781,34.70817184448242,-1.1475316286087036,-7.284990310668945,-37.23387145996094,1.0831891298294067,-19.4691104888916,-5.956900119781494,-16.9450626373291,-10.763270378112793,-6.427946090698242,-7.054998874664307,-3.7766106128692627,1.870484471321106,2.7808730602264404,-0.10653313994407654,12.60689640045166,14.164809226989746,0,0,0
187_Aaniraimekkani,7585200,7596225,0.012484646402299404,0.08209783380681818,2764.0221480558753,2611.5355716971344,-370.4637756347656,156.04161071777344,-90.4105453491211,43.141448974609375,-31.153831481933594,5.9189653396606445,-28.885496139526367,13.61059284210205,-14.026241302490234,-16.02381134033203,-25.11871910095215,-7.570564270019531,-1.63544499874115,-3.2022314071655273,-3.9534897804260254,-0.7892261743545532,10.335916519165039,0.3897538483142853,8.001969337463379,4.016801357269287,0,0,0
187_Aaniraimekkani,7596225,7607250,0.058419063687324524,0.0439453125,2027.894953179992,2400.7687386123976,-335.53564453125,149.51361083984375,-55.734352111816406,21.647594451904297,-6.539126396179199,-11.614974021911621,-31.749462127685547,-2.500584602355957,3.001132011413574,-23.177858352661133,-10.304034233093262,-8.692459106445312,-12.542102813720703,-6.661139965057373,-12.800482749938965,-10.29641342163086,-5.741890907287598,-13.055339813232422,2.987478733062744,-6.196448802947998,0,1,0
187_Aaniraimekkani,7607250,7618275,0.09767471998929977,0.04323508522727273,2083.4764650900465,2251.6568386591694,-256.9963684082031,154.82525634765625,-80.01657104492188,19.499128341674805,-11.612107276916504,-6.851394176483154,-26.943574905395508,-3.488684892654419,-22.20347023010254,-45.25402069091797,-6.119299411773682,-6.368148326873779,-14.815131187438965,0.8125947713851929,-4.546429634094238,-12.963298797607422,-16.395347595214844,-15.558012962341309,1.1177401542663574,-9.699138641357422,0,1,1
187_Aaniraimekkani,7618275,7629300,0.11973483115434647,0.054154829545454544,2343.2229385583396,2349.9266311697434,-245.5646514892578,132.565673828125,-87.24588775634766,29.153352737426758,-0.8274154663085938,-6.504952907562256,-33.80085754394531,-9.25661563873291,-33.48307800292969,-32.37191390991211,-4.515865802764893,4.086079120635986,-8.156596183776855,-12.52108383178711,-3.9938924312591553,-13.848692893981934,-16.060226440429688,-10.90542984008789,-3.9228785037994385,-1.8670574426651,0,1,1
187_Aaniraimekkani,7629300,7640325,0.09122660756111145,0.03220436789772727,2084.022329456938,2263.463851506841,-254.88638305664062,151.42327880859375,-86.145263671875,16.13039779663086,-18.844444274902344,-15.033904075622559,-28.783655166625977,-9.718682289123535,-26.467052459716797,-23.6796817779541,-1.111179232597351,-14.724884033203125,-19.171218872070312,-22.24211311340332,-11.77138614654541,-3.530949592590332,1.2695837020874023,11.48563289642334,20.810508728027344,20.38497543334961,1,1,1
187_Aaniraimekkani,7640325,7651350,0.07293720543384552,0.028542258522727272,1868.4896705976723,2365.5343426451323,-302.1734619140625,149.59078979492188,-62.95259094238281,15.144600868225098,-14.573184967041016,-16.471405029296875,-29.31934356689453,-10.029328346252441,-26.3022403717041,-10.323654174804688,-7.331750869750977,-22.202932357788086,-12.993053436279297,-16.17643165588379,-5.325827598571777,4.346197128295898,9.866837501525879,9.53590202331543,21.234966278076172,9.498242378234863,1,1,1
187_Aaniraimekkani,7651350,7662375,0.060011934489011765,0.03093927556818182,1863.1064550277572,2242.013370854554,-308.0228576660156,157.46983337402344,-70.06027221679688,12.744455337524414,-1.5680584907531738,-5.408176898956299,-36.05801773071289,-17.806371688842773,-26.05133056640625,-16.172529220581055,-4.943472385406494,-19.056459426879883,-10.318639755249023,-16.97830581665039,-10.501006126403809,1.9007763862609863,2.1371304988861084,-1.1851290464401245,9.36203670501709,5.050055503845215,1,1,1
187_Aaniraimekkani,7662375,7673400,0.06556954979896545,0.05783913352272727,2180.256856121853,2375.340248734362,-288.7183837890625,146.9396209716797,-75.51725006103516,16.289491653442383,-3.796893835067749,-2.233868360519409,-37.856624603271484,-25.042448043823242,-18.564661026000977,-11.694122314453125,-9.381378173828125,-8.588193893432617,-12.092737197875977,-15.94488525390625,-3.549382209777832,-2.424510955810547,-5.617216110229492,-13.190081596374512,-1.9476680755615234,-3.275057077407837,1,1,1
187_Aaniraimekkani,7673400,7684425,0.07044641673564911,0.03917347301136364,2064.1234917534307,2179.8235160579775,-285.6446228027344,152.2930145263672,-80.8140640258789,23.15260124206543,6.809730052947998,-6.221235752105713,-41.51723861694336,-26.427978515625,-22.126073837280273,-17.67690086364746,-20.725461959838867,-20.089120864868164,-5.938896656036377,-11.447150230407715,-3.5405983924865723,-0.6989114880561829,-4.124263763427734,-8.352010726928711,0.08979806303977966,-2.5126168727874756,1,1,1
187_Aaniraimekkani,7684425,7695450,0.07577549666166306,0.06141246448863636,2309.674229679317,2140.223610387692,-256.0284729003906,149.98536682128906,-100.7226333618164,28.62334632873535,-5.879062175750732,-6.3037872314453125,-46.615299224853516,-19.36626625061035,-9.788803100585938,-17.437705993652344,-21.1953125,-17.948104858398438,-11.392579078674316,-4.7842183113098145,-2.568352699279785,-9.192096710205078,-10.05264663696289,-11.309165000915527,1.9461669921875,-9.821025848388672,1,1,1
187_Aaniraimekkani,7695450,7706475,0.08736441284418106,0.07015713778409091,2204.309272903351,1952.252309862373,-236.3332061767578,164.6139373779297,-119.12271118164062,15.456154823303223,-29.135534286499023,-4.342571258544922,-35.8021354675293,-17.251482009887695,-12.08563232421875,-14.066651344299316,-12.88167667388916,-8.562259674072266,-20.011390686035156,-17.183208465576172,-0.9630657434463501,0.9037586450576782,-5.557744026184082,-8.657140731811523,3.3923425674438477,-8.52187442779541,1,1,1
187_Aaniraimekkani,7706475,7717500,0.04958847537636757,0.05672940340909091,2122.1181666683774,2228.6127665676913,-304.8123779296875,157.10699462890625,-80.01802062988281,19.69146728515625,-7.043690204620361,-6.610360622406006,-33.54184341430664,-14.565807342529297,-18.598003387451172,-17.27413558959961,-3.0916903018951416,-22.048267364501953,-18.508804321289062,-17.633136749267578,-2.9173951148986816,-4.314054489135742,-12.095464706420898,1.996571660041809,12.139046669006348,6.716060161590576,1,1,1
187_Aaniraimekkani,7717500,7728525,0.048805080354213715,0.04066051136363636,1968.1196851682048,2339.0699286880104,-317.9775085449219,155.59385681152344,-65.0564193725586,21.93345832824707,-6.667412281036377,-3.327834129333496,-37.52876281738281,-11.692111015319824,-12.041790962219238,-11.972018241882324,-14.804930686950684,-25.47160530090332,-9.530937194824219,-15.047565460205078,-8.579894065856934,-1.9341950416564941,-10.944697380065918,-14.622567176818848,11.155089378356934,10.763230323791504,1,1,0
187_Aaniraimekkani,7728525,7739550,0.048682037740945816,0.02874200994318182,1715.2829090092064,2196.82483893854,-345.2232971191406,159.22438049316406,-64.93460083007812,13.034369468688965,0.1166403517127037,-7.6680521965026855,-38.16621780395508,-7.972207546234131,-14.94901180267334,-10.555021286010742,-2.916131019592285,-19.05019760131836,-16.369895935058594,-17.51978302001953,-14.91122055053711,-5.455225944519043,-2.401670217514038,-0.5349239706993103,18.565505981445312,14.883899688720703,0,1,0
187_Aaniraimekkani,7739550,7750575,0.05306436866521835,0.042768998579545456,1878.35355317427,2230.0076336946026,-348.22918701171875,141.2552032470703,-77.19535064697266,32.131736755371094,1.562151312828064,1.3990517854690552,-38.891380310058594,-9.708429336547852,-12.453201293945312,-11.169824600219727,3.9254150390625,-14.91162109375,-14.084622383117676,-15.581000328063965,-14.455811500549316,-10.62004566192627,-6.501068592071533,-10.840970039367676,0.7167729139328003,18.831283569335938,1,1,0
187_Aaniraimekkani,7750575,7761600,0.05945694074034691,0.060347123579545456,2025.3698332543026,2305.761373400947,-321.8609619140625,139.27737426757812,-77.07295227050781,41.690860748291016,-10.513228416442871,-5.034305572509766,-41.33734130859375,-19.3698787689209,-17.010160446166992,-14.689919471740723,0.07583050429821014,-9.797361373901367,-20.068683624267578,-7.504985332489014,-12.531097412109375,-17.923559188842773,-2.6447534561157227,-15.558425903320312,-0.1342940479516983,17.385574340820312,0,1,1
187_Aaniraimekkani,7761600,7772625,0.07494806498289108,0.05062588778409091,2076.0887437847505,2378.7495372243197,-299.6464538574219,133.5264434814453,-76.252685546875,40.77641296386719,-12.805744171142578,-6.827125072479248,-38.80058288574219,-26.170862197875977,-14.844887733459473,-7.70596170425415,-5.666380405426025,-14.40408992767334,-14.966952323913574,-7.3916521072387695,-7.477318286895752,-17.216157913208008,-12.008805274963379,-17.762224197387695,1.6381908655166626,16.37989044189453,0,1,1
187_Aaniraimekkani,7772625,7783650,0.061862993985414505,0.035356001420454544,2176.3562577762514,2436.0990124603436,-289.3160705566406,145.36146545410156,-80.80252838134766,19.377714157104492,-8.710923194885254,-15.074392318725586,-50.258853912353516,-15.774246215820312,-16.707204818725586,1.1784653663635254,-14.141122817993164,-23.027257919311523,-13.957791328430176,-21.322614669799805,-5.942991733551025,-10.276176452636719,-0.584189772605896,-0.5096800327301025,17.251619338989258,15.639053344726562,0,1,1
187_Aaniraimekkani,7783650,7794675,0.0627318024635315,0.051935369318181816,2039.617241746295,2074.504455785937,-272.51959228515625,161.11123657226562,-91.62796020507812,12.200085639953613,-10.318978309631348,-11.659627914428711,-42.56959533691406,-25.991466522216797,-15.117431640625,-8.059332847595215,-5.722593784332275,-6.976925849914551,-16.13087272644043,-13.789950370788574,-5.107306480407715,-9.809951782226562,-9.205001831054688,-17.941909790039062,-1.0865426063537598,0.7668843865394592,1,1,1
187_Aaniraimekkani,7794675,7805700,0.06330031901597977,0.05601917613636364,2113.326436721683,2126.6553035191305,-269.2308349609375,164.93267822265625,-96.04755401611328,15.652704238891602,-15.003935813903809,-7.744102478027344,-43.71150207519531,-19.070158004760742,-10.195512771606445,-11.868239402770996,-1.9314895868301392,-11.341216087341309,-21.018796920776367,-15.819061279296875,-0.4824179410934448,-4.771714687347412,-10.350147247314453,-12.613055229187012,-0.9779098033905029,-5.521787643432617,1,1,1
187_Aaniraimekkani,7805700,7816725,0.06421010941267014,0.05153586647727273,2115.881810927233,2301.23585851751,-274.4053039550781,156.15110778808594,-87.08589172363281,24.212432861328125,-18.867942810058594,-6.027637958526611,-44.58741760253906,-21.825773239135742,-11.272650718688965,-11.138118743896484,-4.314643383026123,-12.127630233764648,-20.188621520996094,-11.6827392578125,-2.3493828773498535,-10.344791412353516,-10.009955406188965,-14.656205177307129,2.5005385875701904,1.5582140684127808,1,1,1
187_Aaniraimekkani,7816725,7827750,0.04590386152267456,0.04698597301136364,2111.828604765265,2225.590568681773,-310.1403503417969,159.9329833984375,-85.11507415771484,30.398876190185547,2.663531541824341,0.699087917804718,-43.773807525634766,-17.344205856323242,-18.751319885253906,-24.58318519592285,-12.18166446685791,-18.64915657043457,-6.7029523849487305,-5.904767990112305,-10.315437316894531,-3.104757070541382,-1.613194227218628,-12.035409927368164,-3.4887259006500244,-11.13341236114502,0,1,0
187_Aaniraimekkani,7827750,7838775,0.033135149627923965,0.04880593039772727,2093.8896478201054,2158.852628758545,-342.47100830078125,162.02073669433594,-79.92788696289062,23.49547004699707,10.063356399536133,-5.965515613555908,-33.90521240234375,-12.222943305969238,-15.927384376525879,-23.46154022216797,-19.305828094482422,-24.81035804748535,-9.921805381774902,-1.6699773073196411,-6.629955768585205,-8.07952880859375,-2.3600780963897705,-2.3807342052459717,5.087678909301758,-9.919942855834961,0,1,1
187_Aaniraimekkani,7838775,7849800,0.018712516874074936,0.07002397017045454,2508.228949414987,2556.2245916137135,-339.13201904296875,168.18487548828125,-90.30827331542969,37.414878845214844,-24.18675422668457,15.105420112609863,-28.647005081176758,12.588370323181152,-21.21955680847168,-14.22670841217041,-19.925357818603516,-22.436017990112305,-10.432048797607422,-5.248359203338623,-3.4658432006835938,-8.917768478393555,6.227153301239014,2.696239471435547,11.566761016845703,-6.599546909332275,1,0,1
187_Aaniraimekkani,7849800,7860825,0.07307536154985428,0.04088245738636364,1950.0143733794912,2177.2575125111866,-304.8705139160156,145.5688934326172,-68.1097412109375,18.89674186706543,-3.405719041824341,-18.78676986694336,-19.81707191467285,-4.556108474731445,-18.84883689880371,-29.914831161499023,-20.12226676940918,-22.480384826660156,-8.839069366455078,-2.2052106857299805,-6.270405292510986,-5.436437129974365,-2.2063698768615723,-2.9186322689056396,7.494807243347168,-6.38890266418457,1,1,1
187_Aaniraimekkani,7860825,7871850,0.10735383629798889,0.06014737215909091,2197.1489383549592,2091.8090791456266,-232.92791748046875,154.5216827392578,-107.8360595703125,15.313282012939453,-25.5674991607666,-9.83745288848877,-30.069154739379883,-15.68624496459961,-17.750656127929688,-28.083518981933594,-3.9447476863861084,-4.521355628967285,-6.96473503112793,-21.415681838989258,-20.168977737426758,3.8095786571502686,0.5111588835716248,-2.47560977935791,-3.382930040359497,-15.879718780517578,1,1,1
187_Aaniraimekkani,7871850,7882875,0.06573318690061569,0.060302734375,2147.6934312745434,2191.5373375829918,-258.0347900390625,167.3232421875,-100.83556365966797,11.546701431274414,-27.701627731323242,2.8410346508026123,-36.85152053833008,-20.38016128540039,-18.330276489257812,-17.181795120239258,-2.0402591228485107,-9.263362884521484,-9.048352241516113,-20.84882354736328,-12.649896621704102,0.6068003177642822,-4.093044281005859,-9.550562858581543,-0.8113129138946533,-5.391983509063721,1,1,1
187_Aaniraimekkani,7882875,7893900,0.056599318981170654,0.05135830965909091,2056.4590745337714,2256.615206852763,-288.99591064453125,158.18528747558594,-88.07565307617188,21.317148208618164,-22.825332641601562,-2.4685683250427246,-37.054954528808594,-13.994424819946289,-19.80213737487793,-14.02591323852539,-0.8810266256332397,-16.851715087890625,-10.157036781311035,-12.178964614868164,-8.817364692687988,-5.583041667938232,-10.075206756591797,-11.234795570373535,0.22362107038497925,-6.844894886016846,1,1,1
187_Aaniraimekkani,7893900,7904925,0.0463109128177166,0.04592063210227273,2082.471613051308,2379.483546696929,-309.6497802734375,153.78404235839844,-82.66850280761719,20.78315544128418,-10.489273071289062,7.555699348449707,-31.23993492126465,-10.47131633758545,-17.733339309692383,-14.538330078125,1.8841984272003174,-10.785669326782227,-8.653197288513184,-11.052375793457031,-11.913968086242676,-5.950035095214844,-2.5496790409088135,-6.9362711906433105,5.016477584838867,-8.19789981842041,1,1,0
187_Aaniraimekkani,7904925,7915950,0.037285853177309036,0.034468217329545456,1856.5146299361843,2345.218858546436,-330.1273193359375,173.11619567871094,-66.34183502197266,15.365509033203125,5.051609992980957,4.30879020690918,-32.57267379760742,-7.755756855010986,-20.46906852722168,-20.107072830200195,-3.1212289333343506,-21.986230850219727,-10.524738311767578,-10.386317253112793,-13.035229682922363,-4.663111209869385,-4.693682670593262,-7.0736083984375,5.393554210662842,-5.078680992126465,1,1,1
187_Aaniraimekkani,7915950,7926975,0.06659427285194397,0.013072620738636364,1501.203398988508,2288.4055385120805,-333.9874267578125,158.30201721191406,-44.80253601074219,35.233734130859375,8.499064445495605,-1.0741444826126099,-23.010644912719727,-23.559709548950195,-22.052778244018555,-22.97403335571289,-0.00012087821960449219,-15.040657997131348,-13.494832992553711,-12.272488594055176,-21.141311645507812,-7.848838806152344,-9.29947280883789,-11.7760009765625,-4.951992034912109,-6.806918621063232,1,1,1
187_Aaniraimekkani,7926975,7938000,0.03453801944851875,0.017045454545454544,1411.321188590209,2138.436075591375,-388.5721740722656,176.28634643554688,-34.52857208251953,22.83977699279785,19.90324592590332,-14.864500999450684,-20.444751739501953,-17.79077911376953,-21.447282791137695,-16.859804153442383,-10.13644790649414,-15.058001518249512,-6.842614650726318,-6.409400939941406,-11.6737699508667,-10.90959358215332,-9.144585609436035,-2.817592144012451,-4.7918500900268555,-10.242249488830566,1,0,1
187_Aaniraimekkani,7938000,7949025,0.04272915795445442,0.01358309659090909,1425.0773552999733,2259.236692758099,-375.7255554199219,172.20811462402344,-35.98600769042969,24.728517532348633,5.93679666519165,-10.39206314086914,-16.88163948059082,-11.56972599029541,-20.505714416503906,-22.929866790771484,-10.929421424865723,-13.867532730102539,-5.947418212890625,-4.5482258796691895,-17.373186111450195,-18.73005485534668,-10.741096496582031,-12.057760238647461,-2.7461607456207275,-6.29935884475708,1,0,1
187_Aaniraimekkani,7949025,7960050,0.08494225889444351,0.019642223011363636,1446.2979487698265,2220.4478539590614,-319.8726806640625,159.3748321533203,-19.93631362915039,24.993589401245117,8.015105247497559,-16.413637161254883,-22.576475143432617,-7.499054431915283,-11.821921348571777,-17.22702407836914,-8.549431800842285,-13.418201446533203,-8.665611267089844,-6.901739597320557,-12.953964233398438,-10.193286895751953,-7.0260539054870605,-9.080103874206543,-5.230710506439209,-7.152647018432617,1,1,1
187_Aaniraimekkani,7960050,7971075,0.185785710811615,0.056707208806818184,2354.6010519528586,2612.591431498411,-179.6083984375,140.65353393554688,-85.2773208618164,39.16455841064453,-34.27450942993164,2.903007745742798,-26.502246856689453,-13.656006813049316,-3.768888235092163,-30.040361404418945,-14.780157089233398,1.256551742553711,-5.13020658493042,-11.318159103393555,-23.81670379638672,-3.607341766357422,-5.087509632110596,-10.282510757446289,3.665386199951172,-20.814544677734375,1,1,1
187_Aaniraimekkani,7971075,7982100,0.1822812557220459,0.07419655539772728,2361.176313117841,2207.226624345579,-184.4355926513672,138.44635009765625,-113.75011444091797,29.179731369018555,-31.99461555480957,4.45925760269165,-30.82965087890625,-33.06635284423828,-4.060528755187988,-19.213829040527344,-6.084463596343994,-5.561728477478027,-8.712358474731445,-20.18339729309082,-25.871610641479492,2.745199680328369,-2.6534388065338135,-5.389559745788574,-1.259677529335022,-8.491591453552246,1,1,1
187_Aaniraimekkani,7982100,7993125,0.1434551626443863,0.05384410511363636,2112.966638260124,2099.673540059232,-200.8195343017578,159.98487854003906,-101.7101821899414,26.712251663208008,-13.059497833251953,3.6154584884643555,-42.604801177978516,-29.38890838623047,-11.606040000915527,-8.20590877532959,-10.322279930114746,-12.5880708694458,-9.656322479248047,-21.94673728942871,-20.253646850585938,-10.221750259399414,-10.977274894714355,-14.671361923217773,-4.008580207824707,-7.2312469482421875,1,1,1
187_Aaniraimekkani,7993125,8004150,0.0705474242568016,0.021639737215909092,1422.6554431105599,2074.9996854665624,-306.1152038574219,175.9394989013672,-46.835960388183594,24.961994171142578,1.7720389366149902,-11.216777801513672,-33.84016418457031,-17.632850646972656,-24.323707580566406,-22.286287307739258,-10.50671100616455,-14.790093421936035,-7.5959577560424805,-14.593340873718262,-18.066173553466797,-16.207006454467773,-10.076703071594238,-10.775147438049316,-6.353668689727783,-13.838415145874023,1,1,1
187_Aaniraimekkani,8004150,8015175,0.08966363966464996,0.041193181818181816,1822.443866335378,2305.094064031439,-260.9443664550781,162.19671630859375,-68.695556640625,25.37993812561035,-17.94491958618164,-5.3591766357421875,-27.387165069580078,-18.968168258666992,-25.209009170532227,-30.13622283935547,-8.194787979125977,-4.746763706207275,-15.783154487609863,-19.587297439575195,-15.206487655639648,-4.943490982055664,-2.1595964431762695,-10.11273193359375,-3.7534101009368896,-21.006559371948242,1,1,1
187_Aaniraimekkani,8015175,8026200,0.09388678520917892,0.056640625,1946.600560656726,2095.3545219254906,-254.07064819335938,168.14451599121094,-90.63262939453125,22.745058059692383,-16.00720977783203,0.8319591283798218,-36.39569091796875,-25.65874481201172,-16.215238571166992,-21.051801681518555,-4.251777172088623,-10.404224395751953,-19.450021743774414,-22.162015914916992,-17.54574966430664,3.7801222801208496,-1.4302055835723877,-5.772343158721924,-5.174272060394287,-18.896467208862305,1,1,1
187_Aaniraimekkani,8026200,8037225,0.05853281170129776,0.04159268465909091,1731.9043381017664,1841.2295973543726,-296.27728271484375,188.29103088378906,-81.5326156616211,21.247291564941406,-2.505005121231079,-10.614022254943848,-42.754878997802734,-22.981975555419922,-26.622095108032227,-23.651405334472656,-5.274888515472412,-14.942922592163086,-13.370864868164062,-21.21360969543457,-5.315594673156738,-2.139155387878418,-10.170187950134277,-5.823616027832031,-6.67860221862793,-6.690312385559082,1,1,1
187_Aaniraimekkani,8037225,8048250,0.044520799070596695,0.02312677556818182,1530.803288251534,2032.6610727021177,-360.4241027832031,173.74795532226562,-53.67397689819336,25.390094757080078,13.075033187866211,-10.665651321411133,-32.06032943725586,-11.301888465881348,-13.394549369812012,-11.684929847717285,-11.998998641967773,-20.390640258789062,-9.231644630432129,-19.989299774169922,-20.405506134033203,-8.120331764221191,-4.3816819190979,-7.693486213684082,-5.856858730316162,-1.4069221019744873,1,1,0
187_Aaniraimekkani,8048250,8059275,0.040408361703157425,0.029274680397727272,1627.069283273802,2011.1442958531895,-332.9985656738281,186.7821807861328,-68.4181900024414,12.31072998046875,1.7673163414001465,6.336554050445557,-28.694673538208008,-4.502167224884033,-16.144315719604492,-16.307262420654297,-9.78921890258789,-21.634870529174805,-9.503326416015625,-11.852417945861816,-16.52466583251953,-10.201528549194336,-7.550014019012451,-8.407498359680176,4.015682220458984,-11.454784393310547,1,1,0
187_Aaniraimekkani,8059275,8070300,0.05145640671253204,0.026145241477272728,1588.358184564096,2082.0757021549844,-327.2189636230469,171.26881408691406,-52.842586517333984,22.91674041748047,22.228038787841797,0.8463096618652344,-33.11344528198242,-15.778286933898926,-15.980578422546387,-17.819568634033203,-14.130906105041504,-23.787635803222656,-14.4887113571167,-9.928726196289062,-11.466492652893066,-14.389780044555664,-13.145247459411621,-8.850050926208496,1.8437418937683105,-8.462409019470215,1,1,0
187_Aaniraimekkani,8070300,8081325,0.04580099508166313,0.018643465909090908,1309.339928345749,1892.1454101643938,-355.7323913574219,196.09019470214844,-47.12886047363281,18.453027725219727,17.684389114379883,6.23649263381958,-29.274742126464844,-15.523964881896973,-27.446393966674805,-23.810148239135742,-0.6560835242271423,-14.087711334228516,-9.330610275268555,-15.26448917388916,-19.196693420410156,-8.198729515075684,-7.703073501586914,-11.549927711486816,-10.403966903686523,-10.504581451416016,1,1,1
187_Aaniraimekkani,8081325,8092350,0.04978543892502785,0.014093572443181818,1338.1802535251982,2077.312412526566,-364.7478332519531,175.39337158203125,-34.44924545288086,24.0053653717041,13.748489379882812,-6.949604511260986,-27.570770263671875,-16.685148239135742,-22.27181053161621,-22.0853271484375,-2.060732364654541,-12.936339378356934,-4.436219215393066,-12.191231727600098,-20.90906524658203,-8.283697128295898,-12.236217498779297,-9.065570831298828,-8.660012245178223,-12.500341415405273,1,1,1
187_Aaniraimekkani,8092350,8103375,0.030728934332728386,0.02434747869318182,1228.0650821718007,1844.0003194082235,-394.6221923828125,200.16024780273438,-26.99272346496582,20.015111923217773,20.14708137512207,-10.66945743560791,-27.298067092895508,-11.847784042358398,-11.938281059265137,-13.262749671936035,-7.18197774887085,-14.439245223999023,-9.782756805419922,-15.28307819366455,-16.413022994995117,-5.594112396240234,-7.805543422698975,-11.048181533813477,-11.74258804321289,-11.665538787841797,1,1,1
187_Aaniraimekkani,8103375,8114400,0.016228659078478813,0.034912109375,1861.7823976024965,2210.338250374477,-382.6555480957031,186.99281311035156,-69.32813262939453,26.822416305541992,-7.6476359367370605,-13.357468605041504,-30.510112762451172,-10.381111145019531,-23.531578063964844,-11.415459632873535,-14.406658172607422,-12.075364112854004,-6.385932922363281,-1.9555743932724,-8.30894947052002,-7.2783355712890625,1.3750118017196655,-0.1347920298576355,9.731502532958984,-0.3744984567165375,0,0,0
187_Aaniraimekkani,8114400,8125425,0.046146634966135025,0.029407848011363636,1718.9158359088883,2295.7183437821277,-323.8578796386719,179.21995544433594,-45.62482833862305,16.906789779663086,-8.858643531799316,-9.89620304107666,-23.283702850341797,-10.820145606994629,-17.178810119628906,-20.724348068237305,-11.711226463317871,-15.687068939208984,0.6200840473175049,1.5870906114578247,-9.49484920501709,-7.914621353149414,-1.6964291334152222,4.007145881652832,5.037858963012695,-4.3178391456604,0,1,1
187_Aaniraimekkani,8125425,8136450,0.09483630210161209,0.04991566051136364,2108.180383932478,2487.140486971458,-220.53564453125,165.358154296875,-73.46739959716797,13.795391082763672,-24.006616592407227,10.215362548828125,-27.075849533081055,-11.200013160705566,-9.787708282470703,-32.204898834228516,-2.370152473449707,-0.3683728277683258,3.608957052230835,-3.227276563644409,-23.224834442138672,-9.62446403503418,-2.4648590087890625,-5.540876865386963,-4.247416973114014,-11.48612117767334,1,1,1
187_Aaniraimekkani,8136450,8147475,0.10856569558382034,0.060236150568181816,2150.5573479849622,2272.3842839284484,-205.13754272460938,167.11083984375,-91.86676025390625,15.508456230163574,-21.594627380371094,9.991150856018066,-31.198427200317383,-19.891155242919922,-11.960341453552246,-23.680864334106445,1.5345091819763184,-1.1290310621261597,-1.0477737188339233,-10.673320770263672,-20.166688919067383,-7.233892917633057,-1.6015007495880127,-14.669153213500977,-10.595017433166504,-8.467730522155762,1,1,1
187_Aaniraimekkani,8147475,8158500,0.08408190310001373,0.060990767045454544,2049.914722519198,2242.385279928933,-235.55409240722656,168.2103729248047,-91.56371307373047,17.831235885620117,-29.70256805419922,14.972127914428711,-28.391399383544922,-19.415138244628906,-13.786578178405762,-24.7567081451416,-5.593749523162842,-6.205499649047852,-9.964499473571777,-7.521182537078857,-18.865802764892578,-2.3240697383880615,11.963497161865234,-20.85411834716797,-9.584003448486328,-8.417222023010254,1,1,1
187_Aaniraimekkani,8158500,8169525,0.059390198439359665,0.04281338778409091,2102.181227025344,2527.736528667061,-256.22027587890625,169.96339416503906,-70.84119415283203,25.423540115356445,-27.599687576293945,10.523581504821777,-38.846500396728516,-18.314748764038086,-17.724145889282227,-18.14969253540039,-4.1209025382995605,-13.275335311889648,-8.570082664489746,-15.224716186523438,-13.600302696228027,-6.535082817077637,-1.222312092781067,-20.55970573425293,-10.028684616088867,-3.8509230613708496,0,1,1
187_Aaniraimekkani,8169525,8180550,0.06646590679883957,0.035089666193181816,1950.016009647923,2489.2612397723256,-283.0881652832031,157.60411071777344,-61.481082916259766,20.826814651489258,-8.074898719787598,-3.3912713527679443,-41.954200744628906,-20.06206512451172,-24.534639358520508,-15.615448951721191,-7.864295959472656,-12.764191627502441,-9.825532913208008,-14.979654312133789,-7.387844562530518,-4.905692100524902,-1.2361688613891602,-17.55255699157715,-2.0193052291870117,-0.39972352981567383,0,1,1
187_Aaniraimekkani,8180550,8191575,0.05846741423010826,0.04225852272727273,1959.4882048536058,2351.537795977218,-268.4761962890625,173.50604248046875,-72.7142105102539,14.815463066101074,-6.808052062988281,8.441932678222656,-39.011356353759766,-6.7065205574035645,-19.634204864501953,-13.598908424377441,-8.149381637573242,-7.003445148468018,-9.779215812683105,-19.5672550201416,-10.38888931274414,-7.214052200317383,-4.904620170593262,-23.29362678527832,2.133028268814087,-14.93792724609375,1,1,1
187_Aaniraimekkani,8191575,8202600,0.07692322880029678,0.042680220170454544,1802.0943092840068,2104.218151306935,-263.0544128417969,182.95611572265625,-74.40128326416016,20.723644256591797,2.370537757873535,13.01956844329834,-44.91815185546875,-15.1758394241333,-14.771391868591309,-20.32539176940918,-1.7570812702178955,-8.325014114379883,-14.07883358001709,-15.856417655944824,-10.813925743103027,-8.680484771728516,-13.069510459899902,-19.773103713989258,1.5423928499221802,-16.22089385986328,1,1,1
187_Aaniraimekkani,8202600,8213625,0.08394273370504379,0.035577947443181816,1688.6505759969807,2169.883480354944,-293.96051025390625,160.53582763671875,-56.218074798583984,35.932071685791016,24.362512588500977,5.8205671310424805,-49.69667053222656,-20.61100196838379,-17.40390396118164,-13.154397010803223,-7.351536750793457,-26.4112491607666,-9.28622817993164,-5.837182998657227,-11.47734260559082,-14.623923301696777,-7.787748336791992,-8.648467063903809,-0.26019468903541565,-11.670083999633789,1,1,1
187_Aaniraimekkani,8213625,8224650,0.09648711234331131,0.033624822443181816,1845.3021610486978,2407.054051202175,-275.7135009765625,146.38221740722656,-47.802696228027344,47.57315444946289,20.357799530029297,-2.8222806453704834,-49.002079010009766,-22.454347610473633,-23.210895538330078,-23.183931350708008,-17.439054489135742,-23.430742263793945,-5.518520832061768,-5.957848072052002,-14.462936401367188,-16.211761474609375,-5.907064437866211,-0.2686166763305664,0.25102347135543823,-10.443572044372559,1,1,1
187_Aaniraimekkani,8224650,8235675,0.08540932834148407,0.04092684659090909,2065.0711114128467,2389.796232147767,-267.3700866699219,148.77232360839844,-62.37508773803711,44.56755447387695,29.96660041809082,1.8657416105270386,-49.68671798706055,-12.032198905944824,-22.76587677001953,-23.679149627685547,-18.87934112548828,-25.380298614501953,-9.748869895935059,-6.168893337249756,-4.4126296043396,-17.918493270874023,-10.16970443725586,-0.7212705016136169,-0.5601204037666321,-14.78744888305664,1,1,1
187_Aaniraimekkani,8235675,8246700,0.07412410527467728,0.048583984375,2288.2172013443737,2540.5886165267184,-275.4556579589844,142.55784606933594,-69.87890625,54.73359298706055,22.07269859313965,2.5728962421417236,-48.24128723144531,-9.734854698181152,-14.6387357711792,-19.34502410888672,-15.374338150024414,-24.942304611206055,-15.983535766601562,-1.2033445835113525,1.9884587526321411,-14.859780311584473,-7.683201313018799,-4.004161357879639,2.101677417755127,-16.452001571655273,1,1,1
187_Aaniraimekkani,8246700,8257725,0.07953280955553055,0.039972478693181816,2250.535522682076,2506.4617774250437,-261.3562316894531,146.0608673095703,-67.9565200805664,47.74032211303711,19.729942321777344,6.572429180145264,-46.81137466430664,-11.13131046295166,-16.52230453491211,-27.043895721435547,-13.20194149017334,-27.669464111328125,-19.17900276184082,-8.306794166564941,-5.525976657867432,-15.24704360961914,-11.854811668395996,-1.2156182527542114,1.1967344284057617,-14.962470054626465,1,1,1
187_Aaniraimekkani,8257725,8268750,0.07832370698451996,0.053422407670454544,2472.5852249858162,2484.8872692179666,-253.88143920898438,141.00277709960938,-78.57733917236328,50.01304626464844,14.573678016662598,9.320305824279785,-48.29777526855469,-12.366825103759766,-12.823221206665039,-28.140636444091797,-7.860517978668213,-20.666791915893555,-21.495561599731445,-3.9211034774780273,-0.011841947212815285,-13.253159523010254,-5.049506187438965,3.9955787658691406,4.237125873565674,-16.89335823059082,1,1,1
187_Aaniraimekkani,8268750,8279775,0.05793565884232521,0.037553267045454544,2025.2908922582028,2298.2968011464836,-297.7680358886719,166.7122039794922,-68.76709747314453,32.343963623046875,19.66167640686035,2.0963356494903564,-32.74576187133789,-7.021096706390381,-19.673423767089844,-25.32543182373047,-12.240962982177734,-26.174436569213867,-11.661121368408203,2.765850305557251,-3.328275442123413,-9.029949188232422,-5.749414443969727,-1.0600625276565552,5.364532947540283,-12.53381633758545,1,1,1
187_Aaniraimekkani,8279775,8290800,0.06484942883253098,0.03444602272727273,1876.681501973189,2180.0752203720713,-274.0682373046875,172.94142150878906,-73.5046615600586,25.146522521972656,-2.030484914779663,7.197888374328613,-19.035442352294922,-11.293609619140625,-17.171239852905273,-26.42548370361328,-7.579573154449463,-16.873119354248047,-2.945237636566162,-1.1572861671447754,-11.041152000427246,-2.593031167984009,-1.0922183990478516,1.0430961847305298,-0.263492226600647,-14.040575981140137,1,1,1
187_Aaniraimekkani,8290800,8301825,0.05357725918292999,0.029518821022727272,1841.6227999413893,2130.2177702963486,-314.97601318359375,171.6148223876953,-72.42965698242188,31.05561637878418,21.392780303955078,2.9949753284454346,-23.506650924682617,-14.433650970458984,-14.995906829833984,-19.652917861938477,-9.832815170288086,-22.953630447387695,-12.788895606994629,3.4291841983795166,-5.614943981170654,-10.137589454650879,-5.455474853515625,1.5875247716903687,3.397733449935913,-7.736693859100342,1,1,1
187_Aaniraimekkani,8301825,8312850,0.03876621276140213,0.043501420454545456,2320.4039749166,2447.7926993418664,-315.96600341796875,155.05718994140625,-75.42684173583984,42.50935745239258,20.42681121826172,0.5534546375274658,-25.766765594482422,-1.593397855758667,-8.615578651428223,-19.752290725708008,-10.74809455871582,-24.505163192749023,-7.201295375823975,5.776391983032227,-13.396695137023926,-10.067471504211426,-4.598048686981201,-1.5476759672164917,6.3129987716674805,-6.812776565551758,1,1,1
187_Aaniraimekkani,8312850,8323875,0.02356523834168911,0.04074928977272727,2060.362943453374,2163.4046828600067,-356.1377868652344,176.44496154785156,-80.85830688476562,31.087677001953125,10.650620460510254,-8.431236267089844,-30.862831115722656,-6.707249641418457,-26.286470413208008,-7.57982063293457,-13.307857513427734,-17.586223602294922,-1.6431307792663574,5.219220161437988,-3.188418388366699,-3.1161742210388184,3.4932374954223633,-1.0475516319274902,12.061120986938477,5.650256633758545,1,0,0
187_Aaniraimekkani,8323875,8334900,0.019096998497843742,0.049138849431818184,2198.008744131468,2134.545069969963,-359.8131103515625,172.92079162597656,-90.12073516845703,24.466150283813477,1.7779803276062012,-6.11941385269165,-28.94598388671875,-5.009027481079102,-23.859397888183594,-10.433026313781738,-6.8444905281066895,-13.417093276977539,-3.2032930850982666,6.310267925262451,-4.54556941986084,-1.724671483039856,9.574936866760254,1.9875739812850952,11.936935424804688,7.802155017852783,1,0,0
187_Aaniraimekkani,8334900,8345925,0.015096250921487808,0.04685280539772727,2113.44772660993,2147.828287269316,-384.6435546875,177.17291259765625,-85.89420318603516,17.72261619567871,1.013827919960022,0.5459923148155212,-24.978315353393555,-3.121006965637207,-19.671592712402344,-12.348196983337402,-11.020837783813477,-9.571043014526367,-0.4384468197822571,6.296995639801025,-6.658153057098389,-4.645878314971924,9.350668907165527,0.4702174961566925,6.750552654266357,5.5317606925964355,0,0,0
187_Aaniraimekkani,8345925,8356950,0.01149469893425703,0.03793057528409091,1845.9721892488349,2219.43737769084,-415.69464111328125,189.4604034423828,-59.789794921875,19.142242431640625,4.039892673492432,-2.7983477115631104,-31.50318717956543,-8.786576271057129,-27.234718322753906,-7.8619065284729,-16.71569061279297,-13.1005859375,-5.789440631866455,-0.6582037210464478,-7.679010391235352,-5.834042072296143,7.3741984367370605,-1.6458789110183716,0.8470984101295471,3.756274938583374,0,1,0
187_Aaniraimekkani,8356950,8367975,0.048032209277153015,0.025901100852272728,1360.8244541689846,1991.6551041195655,-363.8965148925781,193.8622589111328,-24.381847381591797,0.6727895736694336,8.970480918884277,8.97263240814209,-19.910743713378906,-10.615951538085938,-21.56438636779785,-34.00132751464844,-0.02290073223412037,-5.758955478668213,-5.9822001457214355,1.7904229164123535,-8.981243133544922,-10.428890228271484,-10.018004417419434,1.1805697679519653,-8.22965145111084,-19.798431396484375,0,1,1
187_Aaniraimekkani,8367975,8379000,0.08181052654981613,0.05983664772727273,2418.076871831452,2407.529727926823,-262.6101989746094,151.50401306152344,-59.627071380615234,32.26139450073242,-8.849796295166016,9.72591781616211,-27.419706344604492,-11.382859230041504,-32.35743713378906,-35.84013748168945,2.732673406600952,-5.71397590637207,-2.842362403869629,-7.6163105964660645,-13.170434951782227,-9.926894187927246,-4.912893772125244,1.2984474897384644,-7.033613204956055,-22.466466903686523,0,1,1
187_Aaniraimekkani,8379000,8390025,0.12438442558050156,0.047163529829545456,1788.6008011026163,1947.2818734290274,-227.052734375,176.9926300048828,-77.55215454101562,8.947867393493652,-17.303306579589844,1.5972834825515747,-25.863006591796875,-28.72003173828125,-20.485109329223633,-30.7849178314209,-0.6279121041297913,3.06766676902771,-1.8427379131317139,-13.122818946838379,-13.729537010192871,-15.764737129211426,-8.319875717163086,1.5362945795059204,-21.043561935424805,-25.072856903076172,1,1,1
187_Aaniraimekkani,8390025,8401050,0.09841819107532501,0.05728426846590909,2046.1721038715639,2158.227684379985,-229.79148864746094,170.08543395996094,-89.69064331054688,19.57557487487793,-25.876527786254883,11.384931564331055,-30.978330612182617,-30.46723175048828,-14.143011093139648,-20.874269485473633,10.196995735168457,0.12109854072332382,-4.568288326263428,-17.23744010925293,-17.90332794189453,-12.260437965393066,-2.725372791290283,0.08485796302556992,-17.13917350769043,-15.657061576843262,0,1,1
187_Aaniraimekkani,8401050,8412075,0.0909074917435646,0.04245827414772727,1980.3760866541704,2094.801398182435,-231.47767639160156,170.38705444335938,-86.59331512451172,21.6180362701416,-11.371536254882812,0.6134217381477356,-38.56838607788086,-36.1832275390625,-28.990806579589844,-14.565108299255371,-4.504139423370361,-5.265324115753174,-5.8248491287231445,-9.0498628616333,-12.793320655822754,-11.242450714111328,-2.745079278945923,-16.663063049316406,-11.841412544250488,-11.08828067779541,0,1,1
187_Aaniraimekkani,8412075,8423100,0.08084767311811447,0.05555308948863636,2029.60587096397,2049.8253977750264,-234.9490203857422,177.5282440185547,-90.54544067382812,24.658769607543945,-19.537368774414062,5.048766613006592,-26.690868377685547,-29.167421340942383,-12.770074844360352,-26.099998474121094,-0.01827794872224331,5.147234916687012,5.523922920227051,-7.847724914550781,-15.652962684631348,-3.4738805294036865,-5.416895389556885,-5.256795406341553,-10.68503189086914,-17.33977508544922,0,1,1
187_Aaniraimekkani,8423100,8434125,0.049761299043893814,0.037553267045454544,1724.376701839443,2219.5548165562172,-296.8069152832031,186.29930114746094,-57.536827087402344,35.79002380371094,-3.1420278549194336,10.373556137084961,-24.76069450378418,-10.330588340759277,-17.38084602355957,-23.00646209716797,-2.4048640727996826,-7.071994304656982,4.265392780303955,-7.784325122833252,-14.840847969055176,-8.56418228149414,-7.495711803436279,-4.8664631843566895,1.3133162260055542,-1.2013126611709595,0,1,1
187_Aaniraimekkani,8434125,8445150,0.07512108236551285,0.02581232244318182,1773.9295542788589,2447.5318831523673,-264.7688293457031,177.1725616455078,-58.63846206665039,23.133710861206055,-5.580580234527588,18.829565048217773,-25.072416305541992,-8.487082481384277,-16.492090225219727,-25.39720916748047,7.31617546081543,-10.677127838134766,-0.41777750849723816,-2.550882577896118,-20.01073455810547,-4.356972694396973,-0.46542292833328247,-6.278009414672852,-7.972611904144287,-7.768012523651123,0,1,1
187_Aaniraimekkani,8445150,8456175,0.07498746365308762,0.027743252840909092,1643.999721662443,2325.584370772755,-282.4789123535156,176.3762969970703,-57.410987854003906,28.7196044921875,4.589925765991211,26.813331604003906,-26.181427001953125,-15.788415908813477,-15.733391761779785,-27.0502986907959,8.255790710449219,-10.010685920715332,-7.956854343414307,-4.966438293457031,-15.996967315673828,5.9258880615234375,0.1583905667066574,-8.380501747131348,-5.028965950012207,-11.377768516540527,0,1,1
187_Aaniraimekkani,8456175,8467200,0.05602685362100601,0.033735795454545456,1838.2662097033926,2378.199452546354,-306.5988464355469,163.90492248535156,-57.33515930175781,43.28699493408203,21.131025314331055,11.75344467163086,-21.38532829284668,-9.518706321716309,-11.759502410888672,-19.688142776489258,-4.546024322509766,-15.051555633544922,-9.436781883239746,-9.535274505615234,-11.514103889465332,-2.9305455684661865,-5.45031213760376,-8.885204315185547,-4.470701217651367,-6.95782470703125,1,1,1
187_Aaniraimekkani,8467200,8478225,0.08700130879878998,0.012961647727272728,1414.629638566428,2177.6303475167115,-299.2095031738281,170.57325744628906,-45.48862838745117,38.196964263916016,18.121509552001953,16.31997299194336,-12.316123008728027,-9.705362319946289,-7.644880294799805,-19.826377868652344,-6.23415994644165,-9.138991355895996,-6.327455520629883,-10.889267921447754,-15.061734199523926,-9.110968589782715,-5.736259937286377,-2.591426372528076,-6.756410598754883,-8.754644393920898,1,1,1
187_Aaniraimekkani,8478225,8489250,0.07855939120054245,0.028963955965909092,1806.815533021846,2368.7911038142856,-265.7018737792969,165.6316680908203,-68.11285400390625,31.111370086669922,-7.06842041015625,19.216672897338867,-19.110492706298828,-9.277881622314453,-3.7946853637695312,-18.753828048706055,2.6485865116119385,-3.452183723449707,-4.321824550628662,-1.8915438652038574,-16.65888214111328,-7.73246955871582,0.9768726825714111,-7.5799946784973145,-5.47416877746582,-17.775287628173828,1,1,1
187_Aaniraimekkani,8489250,8500275,0.05612469092011452,0.0322265625,1834.9165570646464,2490.547784447414,-288.41217041015625,175.39991760253906,-52.431148529052734,27.646394729614258,-3.0732126235961914,21.893218994140625,-26.578044891357422,-13.483606338500977,-13.247418403625488,-17.71422004699707,5.214385509490967,-6.656362533569336,-5.239966869354248,-3.3961260318756104,-17.74903678894043,-6.214532375335693,-2.3998734951019287,-13.642333984375,-5.805857181549072,-12.451351165771484,1,1,1
187_Aaniraimekkani,8500275,8511300,0.0809004008769989,0.05637428977272727,2144.957771462709,2277.580000588636,-224.40672302246094,170.48463439941406,-84.66324615478516,17.435081481933594,-9.257468223571777,5.663750171661377,-32.289310455322266,-12.703219413757324,-14.823284149169922,-25.141460418701172,-1.209162712097168,7.704653739929199,-8.724174499511719,-11.046476364135742,-13.718413352966309,-6.566971302032471,-7.224424362182617,-23.90569496154785,-11.662726402282715,-19.121938705444336,0,1,1
187_Aaniraimekkani,8511300,8522325,0.05656779184937477,0.04982688210227273,1953.1355155022125,2198.6152084013415,-271.0483703613281,179.0830078125,-76.54222869873047,13.283313751220703,-9.90115737915039,4.632786273956299,-33.12053298950195,-13.408530235290527,-18.533170700073242,-26.857501983642578,-1.2446166276931763,-0.9549481868743896,-10.47145938873291,-20.6248722076416,-14.335213661193848,-6.284881591796875,-14.1596040725708,-14.974843978881836,-5.054783344268799,-13.697787284851074,1,1,1
187_Aaniraimekkani,8522325,8533350,0.03180483356118202,0.030406605113636364,1887.9431541957713,2319.210549630625,-351.8360595703125,170.67645263671875,-59.450904846191406,29.354820251464844,4.278645038604736,-0.24988728761672974,-29.57867431640625,-8.25570011138916,-20.83271598815918,-24.137744903564453,-8.160262107849121,-5.669460296630859,-4.7595438957214355,-8.865486145019531,-9.824896812438965,-12.3649263381958,-13.270223617553711,-11.961508750915527,2.2569761276245117,-11.75894546508789,0,1,1
187_Aaniraimekkani,8533350,8544375,0.02846762351691723,0.08786843039772728,3134.9960311605087,2654.727988173201,-329.658203125,124.34453582763672,-71.11333465576172,62.889381408691406,1.7725799083709717,8.675139427185059,-34.67864990234375,-7.912350177764893,-14.220931053161621,-16.732072830200195,0.5286896228790283,-14.073248863220215,-4.445642471313477,-2.7519850730895996,-9.8063325881958,-8.926036834716797,-9.340900421142578,-11.049531936645508,3.3730924129486084,-8.047823905944824,0,1,1
187_Aaniraimekkani,8544375,8555400,0.04003482684493065,0.030140269886363636,1884.1423756210554,2305.439309029229,-344.3037109375,167.06358337402344,-61.340614318847656,28.898889541625977,27.879060745239258,9.417830467224121,-33.045658111572266,-11.771844863891602,-16.779396057128906,-23.759920120239258,-5.609373092651367,-18.85926055908203,-9.950753211975098,-12.486639976501465,-21.104867935180664,-9.447070121765137,-6.022707939147949,-9.837593078613281,-3.7958946228027344,-6.577642440795898,0,1,1
187_Aaniraimekkani,8555400,8566425,0.016854511573910713,0.03844105113636364,1834.4394833885556,2368.7846477464695,-390.8606262207031,182.57485961914062,-46.4854736328125,15.208756446838379,14.30627727508545,1.9191819429397583,-18.22755241394043,-1.8536808490753174,-20.494516372680664,-20.55638313293457,-17.266939163208008,-12.872591972351074,-5.9206695556640625,-6.495755195617676,-5.88119649887085,-5.966076850891113,-4.291675090789795,-4.261556625366211,1.259750247001648,-5.301397323608398,0,1,1
187_Aaniraimekkani,8566425,8577450,0.06682027131319046,0.03440163352272727,1739.085278862951,2136.8545149095658,-301.6098327636719,172.94786071777344,-63.5610237121582,16.133899688720703,-3.417130470275879,4.0681047439575195,-30.976457595825195,-15.909722328186035,-21.894227981567383,-33.888641357421875,-6.072093486785889,2.2357189655303955,6.208614826202393,-13.581404685974121,-17.58129119873047,0.053117167204618454,0.6243836879730225,-3.644882917404175,6.0392069816589355,-7.6927571296691895,0,1,1
187_Aaniraimekkani,8577450,8588475,0.05750323832035065,0.06742720170454546,1908.1615691801633,1899.929692229641,-297.0361633300781,178.31871032714844,-87.35157012939453,19.563371658325195,1.9800556898117065,9.955986976623535,-31.44590950012207,-17.031078338623047,-22.483198165893555,-20.33148956298828,-3.3061134815216064,3.8717703819274902,2.5875637531280518,-16.109554290771484,-15.496203422546387,-4.421917915344238,3.2948453426361084,-4.934786796569824,4.447319030761719,-6.568289279937744,0,1,1
187_Aaniraimekkani,8588475,8599500,0.03987572342157364,0.046320134943181816,1837.5982737462168,2166.747074896682,-309.0467224121094,181.406982421875,-69.84538269042969,22.695453643798828,-9.225434303283691,4.478664875030518,-31.047895431518555,-18.021379470825195,-30.12541961669922,-17.628572463989258,-4.2587785720825195,-5.150418758392334,2.0869321823120117,-12.462396621704102,-9.034392356872559,-2.144794464111328,0.5961348414421082,-10.929851531982422,-2.6184403896331787,-1.9698615074157715,0,1,1
187_Aaniraimekkani,8599500,8610525,0.037713464349508286,0.04796253551136364,1893.7827735719604,2243.879761319764,-321.5620422363281,178.35768127441406,-67.6492691040039,24.844388961791992,-2.1419498920440674,12.179259300231934,-37.709197998046875,-21.124431610107422,-19.586040496826172,-17.060880661010742,-7.310952663421631,-6.367774486541748,-4.845999717712402,-16.790876388549805,-5.602877140045166,3.088153839111328,-1.7147620916366577,-5.8889546394348145,-5.470283031463623,-2.2374684810638428,0,1,0
187_Aaniraimekkani,8610525,8621550,0.038738396018743515,0.04514382102272727,1873.3302076221255,2198.92199100213,-318.7560729980469,176.22515869140625,-71.1114501953125,27.327978134155273,-0.9541950225830078,15.428330421447754,-36.21293640136719,-19.50928497314453,-17.810056686401367,-11.226250648498535,0.13707765936851501,-4.869689464569092,-3.2826807498931885,-18.944822311401367,-8.930474281311035,1.7009568214416504,-1.7211397886276245,-7.082149982452393,-6.378703594207764,-5.892683506011963,0,1,0
187_Aaniraimekkani,8621550,8632575,0.041508451104164124,0.036066228693181816,1755.420734497963,1986.4500416482713,-324.195068359375,184.75572204589844,-72.97991180419922,22.81711196899414,7.489051342010498,17.66120147705078,-37.96284866333008,-19.352407455444336,-21.42771339416504,-19.12773895263672,-3.78201961517334,1.8967324495315552,3.9178106784820557,-8.762534141540527,-3.370377540588379,-1.6161408424377441,-1.391098141670227,-12.995960235595703,-10.08767032623291,-14.793100357055664,0,1,0
187_Aaniraimekkani,8632575,8643600,0.027906479313969612,0.033647017045454544,1559.9277146799604,2008.6326220906446,-368.3205261230469,189.27825927734375,-58.012630462646484,28.887798309326172,12.272563934326172,21.062028884887695,-27.374122619628906,-18.565858840942383,-24.756935119628906,-14.004938125610352,-14.203885078430176,-0.9267297983169556,0.28658807277679443,-13.693127632141113,-3.445310354232788,0.8636018633842468,0.8558860421180725,-9.247827529907227,-7.389460563659668,-16.92137336730957,0,1,0
187_Aaniraimekkani,8643600,8654625,0.02670232579112053,0.03719815340909091,1723.0025090614079,2161.81677908302,-380.7831726074219,167.95697021484375,-47.902366638183594,45.06696701049805,31.22174644470215,-6.619207859039307,-22.730756759643555,-14.900603294372559,-21.934309005737305,-7.900079250335693,-3.813485622406006,-19.850709915161133,-12.325407981872559,-1.855753779411316,2.490985631942749,-6.937869071960449,-8.557038307189941,-3.6183242797851562,2.8859026432037354,-6.184980392456055,1,0,1
187_Aaniraimekkani,8654625,8665650,0.037167202681303024,0.031938032670454544,1750.938734803102,2035.5909980557726,-338.4120788574219,177.49317932128906,-64.86060333251953,31.772733688354492,9.389113426208496,-0.7459716796875,-23.119604110717773,-6.707197666168213,-15.719773292541504,-14.462448120117188,-3.131319522857666,-13.633490562438965,-13.787038803100586,-10.309993743896484,-4.122861862182617,-6.703429698944092,-7.1220927238464355,-8.468389511108398,3.7210123538970947,-6.791923999786377,1,0,1
187_Aaniraimekkani,8665650,8676675,0.029181629419326782,0.045942826704545456,1880.0657239470684,2056.80416302364,-349.8885498046875,177.14569091796875,-65.4775390625,38.51496887207031,12.047037124633789,-4.527708053588867,-23.5344295501709,-10.481415748596191,-12.65908145904541,-14.396703720092773,-4.435772895812988,-6.578355312347412,-5.480327129364014,-5.546016216278076,-7.280459403991699,-8.305076599121094,-5.598439693450928,-6.805401802062988,1.2837342023849487,-7.537049770355225,1,0,1
187_Aaniraimekkani,8676675,8687700,0.040277305990457535,0.02789861505681818,1673.7110906484268,2015.7930537217624,-347.7485046386719,178.787109375,-57.953453063964844,34.951847076416016,14.224273681640625,-13.567620277404785,-20.907188415527344,-19.058000564575195,-23.53460121154785,-14.354318618774414,-3.850209951400757,-12.82007122039795,-3.1562347412109375,-1.2457115650177002,-3.955073595046997,-3.5809006690979004,-4.444866180419922,-1.3467103242874146,4.679701805114746,1.357412338256836,1,1,1
187_Aaniraimekkani,8687700,8698725,0.03939225897192955,0.05930397727272727,2518.4265602703226,2435.6700104110464,-273.7633056640625,163.7844696044922,-84.93043518066406,49.398193359375,-5.372015953063965,3.4841387271881104,-38.665992736816406,-10.184578895568848,-23.573957443237305,0.20074567198753357,0.40456750988960266,-16.789011001586914,-8.200606346130371,-13.234999656677246,-10.789410591125488,-7.6198320388793945,2.541900873184204,-2.5212318897247314,6.574158191680908,-3.4406728744506836,1,1,0
187_Aaniraimekkani,8698725,8709750,0.030412424355745316,0.027188387784090908,1655.5016433231597,2063.7693668496736,-366.1042785644531,188.37637329101562,-58.375308990478516,33.866790771484375,3.401505470275879,-8.555469512939453,-22.903167724609375,-17.667762756347656,-17.5684871673584,-1.6828254461288452,-2.144535779953003,-12.761632919311523,-7.613370895385742,-9.161197662353516,-16.06424331665039,-9.213172912597656,-0.8672495484352112,4.594237804412842,7.5471038818359375,-1.9616318941116333,1,0,0
187_Aaniraimekkani,8709750,8720775,0.030479848384857178,0.034623579545454544,1859.6943343355756,2186.1934410399604,-352.6724853515625,180.1448974609375,-69.88333129882812,29.373262405395508,3.6122117042541504,-0.7386632561683655,-16.912416458129883,-13.400897979736328,-15.95540714263916,-3.305593729019165,-6.955720901489258,-20.75580596923828,-9.044958114624023,-5.469669342041016,-17.04913330078125,-12.245770454406738,3.9931910037994385,9.860818862915039,9.76668643951416,-2.9745664596557617,1,0,0
187_Aaniraimekkani,8720775,8731800,0.053278710693120956,0.03433504971590909,1933.7377005697213,2366.810452792229,-314.803466796875,157.70123291015625,-47.6535530090332,21.317214965820312,18.947111129760742,-3.8060965538024902,-21.8443546295166,-17.378034591674805,-17.47124481201172,-5.781473159790039,-7.401353359222412,-22.975879669189453,-9.61055850982666,-3.945967197418213,-14.384830474853516,-8.992069244384766,1.603807806968689,5.104233264923096,7.114059925079346,-3.2245447635650635,1,1,1
187_Aaniraimekkani,8731800,8742825,0.10440289229154587,0.038396661931818184,1989.689268022945,2326.6784749685035,-234.7577667236328,161.3337860107422,-77.16867065429688,27.76470947265625,3.4229331016540527,13.16629695892334,-35.39949035644531,-27.56202507019043,-21.75693130493164,-15.330911636352539,6.607036113739014,-12.048510551452637,-11.346207618713379,-1.0504082441329956,-6.862278461456299,-0.5954117178916931,-3.950212240219116,-4.124359130859375,-3.8279221057891846,-11.769339561462402,1,1,1
187_Aaniraimekkani,8742825,8753850,0.10697360336780548,0.051513671875,2456.1610293363337,2335.2857330456795,-204.92684936523438,151.36997985839844,-98.1904296875,30.54003143310547,-2.407362937927246,4.493382453918457,-47.394710540771484,-27.335126876831055,-17.85555648803711,-13.628658294677734,-2.9971823692321777,-8.003260612487793,-18.255556106567383,-5.7268571853637695,-5.015954494476318,2.5332138538360596,-0.3352184295654297,-15.669183731079102,-4.260444164276123,-14.344528198242188,1,1,1
187_Aaniraimekkani,8753850,8764875,0.07790029793977737,0.04287997159090909,2138.214826622656,2376.891593733445,-251.42124938964844,155.53097534179688,-76.28173065185547,27.614763259887695,-0.5686819553375244,3.080003499984741,-53.214332580566406,-28.279809951782227,-23.167465209960938,-6.232641696929932,-4.79547119140625,-11.72945499420166,-11.719579696655273,-18.7203369140625,-5.326920986175537,-5.648694038391113,-6.308879375457764,-18.20665740966797,-6.844580173492432,-1.9244532585144043,1,1,1
187_Aaniraimekkani,8764875,8775900,0.07838863879442215,0.03235973011363636,1748.7199534762728,2253.7172620452275,-285.76385498046875,161.73194885253906,-57.332496643066406,29.679441452026367,12.391814231872559,3.3236777782440186,-38.05557632446289,-20.270957946777344,-18.449079513549805,-14.065052032470703,-3.7961411476135254,-11.373106956481934,-14.850356101989746,-16.320524215698242,-10.693605422973633,-9.202588081359863,-7.001447677612305,-16.81541633605957,-11.645567893981934,-11.65048885345459,1,1,1
187_Aaniraimekkani,8775900,8786925,0.059305932372808456,0.02692205255681818,1903.3247652078992,2365.4714929507513,-322.453125,146.30023193359375,-63.174156188964844,39.86646270751953,22.752897262573242,12.778122901916504,-32.59879684448242,-10.997841835021973,-8.452481269836426,-17.863296508789062,-0.8881953954696655,-19.452428817749023,-12.563274383544922,-7.163090705871582,-14.694062232971191,-8.139103889465332,-5.862678050994873,-11.932028770446777,-8.36125373840332,-15.52449893951416,1,1,1
187_Aaniraimekkani,8786925,8797950,0.05683283507823944,0.024924538352272728,1862.300697998319,2431.5654790961944,-321.469482421875,155.24916076660156,-54.27139663696289,34.82209777832031,21.37897491455078,6.850013732910156,-33.54621124267578,-3.114147424697876,-8.65011215209961,-17.40520477294922,-9.987520217895508,-25.493925094604492,-12.519457817077637,-5.129817485809326,-10.135306358337402,-14.122385025024414,-6.01789665222168,-10.73836898803711,-7.002985954284668,-10.879323959350586,1,1,1
187_Aaniraimekkani,8797950,8808975,0.08677620440721512,0.020729758522727272,1884.625377005754,2431.9166851643854,-302.4924621582031,143.59463500976562,-52.525333404541016,47.25395584106445,30.700868606567383,-2.803431510925293,-41.018741607666016,-9.171772003173828,-17.006668090820312,-8.65328311920166,-11.053539276123047,-25.298723220825195,-5.335907936096191,-10.248502731323242,-12.149107933044434,-17.752206802368164,-11.599977493286133,-10.197916984558105,-9.00551700592041,-15.038650512695312,1,1,1
187_Aaniraimekkani,8808975,8820000,0.09535966068506241,0.039839311079545456,1880.1562943831113,2154.4663447424073,-280.4812316894531,152.848876953125,-67.79595184326172,42.27171325683594,19.348176956176758,-1.9824203252792358,-35.52591323852539,-7.283620834350586,-23.153989791870117,-25.177257537841797,-1.0556715726852417,-11.797039031982422,-4.840860366821289,-9.160656929016113,-15.602954864501953,-8.169764518737793,-10.31567096710205,-11.498306274414062,-4.460967540740967,-21.180585861206055,1,1,1
187_Aaniraimekkani,8820000,8831025,0.06377348303794861,0.026988636363636364,1833.6690012626384,2392.0690644315564,-309.7060852050781,154.7109832763672,-49.537235260009766,43.14303207397461,24.367298126220703,5.997211933135986,-38.283485412597656,-11.140646934509277,-22.501737594604492,-15.18630313873291,-0.8572242259979248,-18.69344139099121,-3.6454169750213623,-6.429449558258057,-12.039806365966797,-12.472517967224121,-11.360846519470215,-13.10962200164795,-5.487942218780518,-12.3260498046875,1,1,1
187_Aaniraimekkani,8831025,8842050,0.07916312664747238,0.035711115056818184,1856.326839529933,2314.4567199158882,-286.3424987792969,162.44451904296875,-60.35520935058594,34.96218490600586,-2.45682954788208,-0.12116189301013947,-33.63134765625,-4.156240463256836,-26.05504608154297,-30.285675048828125,7.170111179351807,-8.709396362304688,-6.441002368927002,-14.700922012329102,-21.538755416870117,-6.550419807434082,-4.5972185134887695,-10.261350631713867,1.3847485780715942,-17.87741470336914,1,1,1
187_Aaniraimekkani,8842050,8853075,0.09761136025190353,0.055974786931818184,1927.5569153473532,2064.8124724348336,-248.40480041503906,170.93751525878906,-86.00627899169922,22.464160919189453,-8.294610977172852,-6.972508430480957,-30.712011337280273,1.0127683877944946,-27.0103759765625,-31.675443649291992,1.8561519384384155,-4.088754177093506,-4.546854019165039,-19.1629695892334,-22.63671112060547,-3.172473192214966,-5.875868320465088,-4.922831058502197,5.8125386238098145,-17.912757873535156,1,1,1
187_Aaniraimekkani,8853075,8864100,0.13520902395248413,0.06671697443181818,1933.1743216753457,1965.7429640361736,-230.26324462890625,166.95819091796875,-89.78913116455078,28.893796920776367,-2.243866205215454,-8.736454010009766,-25.391447067260742,-5.722675800323486,-23.965076446533203,-25.649873733520508,-4.956051826477051,0.9484558701515198,-5.18894624710083,-24.287290573120117,-20.383163452148438,-7.7215657234191895,-0.8750753402709961,-0.6964710354804993,-1.1020619869232178,-18.225543975830078,1,1,1
187_Aaniraimekkani,8864100,8875125,0.16091002523899078,0.06349875710227272,1819.2958439328233,1725.3108383082038,-219.19313049316406,175.64479064941406,-100.6395034790039,23.091766357421875,-8.427104949951172,-8.017751693725586,-20.9342041015625,-7.20589017868042,-17.191226959228516,-24.90655517578125,-8.238846778869629,-1.80695641040802,-9.090301513671875,-26.709623336791992,-18.464067459106445,-6.998924732208252,-1.5756726264953613,2.0499773025512695,-0.11007525771856308,-15.314289093017578,1,1,1
187_Aaniraimekkani,8875125,8886150,0.14521586894989014,0.059259588068181816,1962.6300330982924,1824.649313352724,-207.1960906982422,177.9600830078125,-102.98493957519531,12.876664161682129,-13.126651763916016,-6.728386402130127,-26.518526077270508,-5.859724044799805,-16.847288131713867,-21.104951858520508,-1.6448979377746582,-3.6610960960388184,-9.083913803100586,-21.124103546142578,-22.39122772216797,-5.729459285736084,-2.877580404281616,-0.9745368361473083,-0.8457667827606201,-16.915313720703125,1,1,1
187_Aaniraimekkani,8886150,8897175,0.10615721344947815,0.042902166193181816,1791.2330142283304,1938.3147510732952,-217.2531280517578,193.61019897460938,-83.32681274414062,11.88466739654541,-3.0015337467193604,-3.9034714698791504,-35.23891067504883,-13.455649375915527,-19.218307495117188,-22.34044647216797,-1.1842894554138184,-4.112705707550049,-6.203744888305664,-17.441646575927734,-23.86817169189453,-9.72470760345459,-7.92539644241333,-11.812580108642578,-9.394184112548828,-22.581459045410156,1,1,1
187_Aaniraimekkani,8897175,8908200,0.10327187180519104,0.04212535511363636,1693.8180370644761,1907.5526834604864,-241.097412109375,187.7636260986328,-80.32672882080078,27.070152282714844,12.501980781555176,-0.1932489275932312,-41.85026931762695,-18.573244094848633,-22.394737243652344,-19.404624938964844,-0.7349891662597656,-5.7883076667785645,-4.9010515213012695,-17.752229690551758,-18.08580780029297,-10.92154598236084,-10.786401748657227,-16.339937210083008,-11.849152565002441,-20.448001861572266,1,1,1
187_Aaniraimekkani,8908200,8919225,0.09195535629987717,0.03335848721590909,1633.2503972146076,1856.262438965936,-248.42559814453125,196.79769897460938,-72.79151153564453,11.583199501037598,3.1449005603790283,3.6360220909118652,-32.79636764526367,-15.062780380249023,-12.525418281555176,-25.72722053527832,-3.6104657649993896,-8.738402366638184,-8.704819679260254,-19.856422424316406,-16.711091995239258,-3.354198694229126,-12.973897933959961,-13.499835968017578,-11.418505668640137,-17.402196884155273,1,1,1
187_Aaniraimekkani,8919225,8930250,0.05535071715712547,0.027876420454545456,1608.4877046960034,2051.741714578109,-308.20977783203125,183.45037841796875,-63.1234016418457,26.1884765625,-4.619961738586426,2.742360830307007,-30.567991256713867,-14.409985542297363,-19.92074203491211,-25.177204132080078,-1.025557041168213,-5.94679069519043,-4.840697765350342,-13.202481269836426,-9.218764305114746,-2.5195627212524414,-11.811739921569824,-10.160961151123047,7.203817844390869,-9.368398666381836,1,1,1
187_Aaniraimekkani,8930250,8941275,0.0627460703253746,0.028409090909090908,1604.3373111824337,2078.5157707160997,-294.65496826171875,181.45164489746094,-59.700565338134766,34.68634033203125,3.4133880138397217,7.319908142089844,-28.202564239501953,-24.667652130126953,-21.989992141723633,-16.2685489654541,-5.189673900604248,-16.601022720336914,-14.925159454345703,-15.077709197998047,-11.057640075683594,-3.742842197418213,-1.2216734886169434,-6.926702499389648,5.629978656768799,-8.988649368286133,1,1,1
187_Aaniraimekkani,8941275,8952300,0.05918106064200401,0.03872958096590909,1840.513815034483,2279.8506475192476,-280.51385498046875,177.8391876220703,-66.07197570800781,38.91740417480469,5.98032808303833,9.506393432617188,-42.57534408569336,-25.008398056030273,-26.069299697875977,-15.465806007385254,0.45818623900413513,-18.443321228027344,-8.740141868591309,-12.689841270446777,-10.121891975402832,-6.105003356933594,-7.531189441680908,-6.600466728210449,6.481407642364502,-6.331295967102051,1,1,1
187_Aaniraimekkani,8952300,8963325,0.01893809251487255,0.03648792613636364,1732.6239520742731,2180.1096045468757,-380.9814453125,185.18191528320312,-43.6649055480957,26.534265518188477,18.67263412475586,-8.782548904418945,-25.33568000793457,-18.461734771728516,-17.292715072631836,-4.657054424285889,4.634340286254883,-11.771377563476562,-11.085161209106445,-3.7625892162323,-6.577695846557617,-7.557827472686768,-9.869024276733398,-7.166223049163818,2.886486053466797,-5.085953235626221,1,1,1
187_Aaniraimekkani,8963325,8974350,0.014517515897750854,0.04208096590909091,1816.2068001911457,2312.463452284377,-394.1018371582031,186.53538513183594,-45.78361892700195,38.23705291748047,6.815489292144775,-3.498748779296875,-26.150169372558594,-11.937786102294922,-17.831562042236328,-9.091148376464844,1.3370165824890137,-3.0180373191833496,-11.3062744140625,-0.6562062501907349,-5.691176414489746,-10.319446563720703,-9.210692405700684,-11.101738929748535,2.5389435291290283,-8.664496421813965,1,0,0
187_Aaniraimekkani,8974350,8985375,0.046020425856113434,0.022571910511363636,1579.0549445534803,2201.116817806302,-350.1000671386719,178.8756866455078,-45.55815505981445,43.38161849975586,16.50261878967285,-13.856383323669434,-17.79775619506836,-14.945384979248047,-11.769028663635254,-6.552269458770752,-0.6331006288528442,-12.946447372436523,-13.152667999267578,0.25456950068473816,-8.59414005279541,-18.72862434387207,-15.546737670898438,-12.731098175048828,-4.735732078552246,-8.206783294677734,1,0,1
187_Aaniraimekkani,8985375,8996400,0.03427478298544884,0.018643465909090908,1413.2144712297033,2117.6378068195695,-382.0127868652344,185.11514282226562,-28.39349365234375,31.034059524536133,15.97350788116455,-14.473682403564453,-21.871374130249023,-19.17239761352539,-15.824633598327637,-11.95068359375,-3.3635451793670654,-11.587306022644043,-13.004729270935059,-1.1649845838546753,-4.365949630737305,-8.554262161254883,-9.642803192138672,-12.102383613586426,-4.3665080070495605,-4.839315414428711,1,0,1
187_Aaniraimekkani,8996400,9007425,0.0488223098218441,0.014692826704545454,1376.4945440818133,2034.221761195999,-361.5594482421875,182.11842346191406,-38.728843688964844,42.09726333618164,19.34583282470703,-16.833314895629883,-18.743606567382812,-9.829224586486816,-14.672284126281738,-13.310883522033691,-6.502458572387695,-15.695940971374512,-16.675731658935547,-5.1180877685546875,-5.306161880493164,-13.260700225830078,-12.428437232971191,-9.046578407287598,0.42953434586524963,-3.9883460998535156,1,0,1
187_Aaniraimekkani,9007425,9018450,0.04143022745847702,0.0185546875,1586.817179885162,2265.370592644624,-360.52978515625,176.64942932128906,-41.31505584716797,44.33815002441406,20.29823112487793,-13.389972686767578,-23.050893783569336,-14.121499061584473,-14.895569801330566,-12.375843048095703,-9.780749320983887,-15.86728286743164,-16.924907684326172,-7.7973432540893555,-0.3164510428905487,-6.256880283355713,-9.569441795349121,-4.4286580085754395,2.0627641677856445,-8.817901611328125,1,0,1
187_Aaniraimekkani,9018450,9029475,0.09609770774841309,0.032759232954545456,2063.8144580626677,2528.4135316403763,-262.0692443847656,153.88729858398438,-52.055580139160156,43.29208755493164,14.973605155944824,10.839515686035156,-30.418310165405273,-20.818771362304688,-13.70684814453125,-24.07139778137207,-7.944262504577637,-20.65961456298828,-20.303621292114258,-5.655524730682373,-6.785778999328613,-3.161332845687866,-12.65631103515625,-12.4760160446167,0.2576562166213989,-15.080767631530762,1,1,1
187_Aaniraimekkani,9029475,9040500,0.11891123652458191,0.03564453125,1873.6635115533702,2353.7209960083474,-231.16453552246094,167.17832946777344,-68.51282501220703,52.29035568237305,12.538570404052734,19.3104248046875,-38.14997863769531,-25.639509201049805,-14.937561988830566,-32.22502517700195,-3.7480010986328125,-11.553742408752441,-20.00422477722168,1.108223795890808,-14.353267669677734,-8.465324401855469,-13.008991241455078,-15.382165908813477,-1.4549206495285034,-21.567121505737305,1,1,1
187_Aaniraimekkani,9040500,9051525,0.09858880192041397,0.02521306818181818,1510.495016559249,2230.8542364066275,-285.3638000488281,173.0340118408203,-45.30374526977539,43.469810485839844,22.25150489807129,17.95153045654297,-30.86073112487793,-18.674907684326172,-14.907683372497559,-33.85340881347656,-10.38156509399414,-16.44377326965332,-20.337217330932617,-7.124119758605957,-16.645063400268555,-15.596114158630371,-4.253512859344482,-10.67959213256836,-1.7182613611221313,-18.2469425201416,1,1,1
187_Aaniraimekkani,9051525,9062550,0.1136026382446289,0.029274680397727272,1281.5885013517766,1774.5396515354716,-276.55743408203125,190.5779266357422,-54.14466857910156,31.087512969970703,20.916343688964844,13.98705768585205,-20.513151168823242,-23.281604766845703,-17.711503982543945,-38.34627914428711,-11.723669052124023,-7.088135242462158,-16.627748489379883,-7.741742134094238,-20.587486267089844,-12.157546043395996,-0.06833240389823914,-4.837713241577148,-4.76746940612793,-19.445524215698242,1,1,1
187_Aaniraimekkani,9062550,9073575,0.09609481692314148,0.03611061789772727,1577.7784997053523,1934.523300738859,-264.6983642578125,186.03787231445312,-70.70457458496094,37.83912658691406,16.373872756958008,11.725698471069336,-21.28639030456543,-23.07304573059082,-20.629905700683594,-40.00318145751953,-7.231420516967773,-4.284420967102051,-12.286947250366211,-7.358137607574463,-16.124677658081055,-9.236340522766113,-2.285933494567871,-5.996366500854492,-12.169988632202148,-20.875944137573242,1,1,1
187_Aaniraimekkani,9073575,9084600,0.09052468091249466,0.028653231534090908,1640.385010081298,2038.95232745078,-267.7782287597656,180.43927001953125,-66.66909790039062,23.50025177001953,17.168359756469727,6.694187641143799,-26.07379913330078,-13.7373685836792,-27.35626220703125,-33.57863998413086,-8.101914405822754,-9.218276023864746,-11.206768035888672,-10.770561218261719,-15.495078086853027,-8.271785736083984,1.2964035272598267,-12.099222183227539,-10.355877876281738,-21.532041549682617,1,1,1
187_Aaniraimekkani,9084600,9095625,0.0876101478934288,0.034845525568181816,1856.704875684717,2199.7622902974413,-259.52484130859375,175.01205444335938,-69.18291473388672,16.741474151611328,14.283804893493652,3.238267660140991,-31.911865234375,-6.6955885887146,-25.589574813842773,-27.07240104675293,-2.791606903076172,-5.428630352020264,-14.835712432861328,-12.334786415100098,-12.24221134185791,-8.277802467346191,7.039069652557373,-10.227853775024414,-6.286585807800293,-20.134992599487305,1,1,1
187_Aaniraimekkani,9095625,9106650,0.0898587703704834,0.027499112215909092,1593.619419668128,2215.709136840153,-286.3012390136719,170.2726287841797,-44.870140075683594,6.3234171867370605,11.668021202087402,1.467027187347412,-26.962114334106445,-9.440988540649414,-38.59703063964844,-29.384326934814453,-3.665830373764038,-9.513976097106934,-11.932552337646484,-14.02181625366211,-16.398256301879883,-14.89187240600586,-2.1771209239959717,-13.929737091064453,-2.4086620807647705,-3.116000175476074,1,1,1
187_Aaniraimekkani,9106650,9117675,0.06628970801830292,0.038330078125,1762.6729205961567,2197.5416628742346,-300.5027160644531,175.23809814453125,-60.153892517089844,17.837488174438477,12.626786231994629,4.770848274230957,-29.915624618530273,-2.7556040287017822,-31.8524227142334,-29.849092483520508,-1.295760989189148,-4.224590301513672,-10.435790061950684,-12.122916221618652,-13.05923080444336,-9.540393829345703,6.420071125030518,-14.783516883850098,-5.522575855255127,-10.580524444580078,0,1,1
187_Aaniraimekkani,9117675,9128700,0.0711231380701065,0.022083629261363636,1547.6415254544818,1980.7871557355547,-309.0328369140625,184.22674560546875,-53.20819091796875,25.84674072265625,26.755409240722656,-8.427449226379395,-29.479652404785156,-6.389946460723877,-25.223100662231445,-17.473913192749023,-2.0016019344329834,-12.415711402893066,-16.905454635620117,-17.368118286132812,-12.943665504455566,-12.236870765686035,-2.38004732131958,-0.0685238391160965,-0.33710795640945435,-14.0557279586792,0,1,1
187_Aaniraimekkani,9128700,9139725,0.0551128126680851,0.027721058238636364,1687.6573719237508,2152.0118038549645,-329.80242919921875,173.9091339111328,-54.55746841430664,42.28932189941406,28.580333709716797,4.548644542694092,-43.13021469116211,-8.226457595825195,-11.906882286071777,-15.069985389709473,-7.132483959197998,-17.562183380126953,-21.449480056762695,-10.257615089416504,-9.08207893371582,-21.39102554321289,-7.036633014678955,-4.687962532043457,0.6023724675178528,-12.236288070678711,0,1,1
187_Aaniraimekkani,9139725,9150750,0.07198359817266464,0.03395774147727273,1842.7379363125722,2267.57018205857,-288.7625732421875,161.22703552246094,-62.78955078125,39.93581771850586,24.54058837890625,0.28553712368011475,-43.508853912353516,-10.838807106018066,-13.71759033203125,-19.944238662719727,-6.5817670822143555,-15.80214786529541,-16.511877059936523,-11.738750457763672,-12.324539184570312,-11.497610092163086,-5.9717183113098145,-5.298078536987305,4.259282112121582,-13.755950927734375,1,1,1
187_Aaniraimekkani,9150750,9161775,0.051660701632499695,0.039373224431818184,1972.2419468376177,2323.03837655512,-297.4873352050781,174.53045654296875,-67.21405029296875,27.378175735473633,-2.3299989700317383,3.7561330795288086,-26.55543327331543,-9.65235424041748,-18.585878372192383,-22.99431037902832,2.970853328704834,-6.8653883934021,-12.113214492797852,-11.361416816711426,-11.45320987701416,0.5466981530189514,-5.508152008056641,-7.665551662445068,1.534551739692688,-18.7882022857666,0,1,1
187_Aaniraimekkani,9161775,9172800,0.014168730936944485,0.042280717329545456,1783.9837317824763,2204.4454449869863,-410.8832702636719,190.46841430664062,-53.946800231933594,19.38079071044922,-1.3025563955307007,-6.907639980316162,-23.370317459106445,-0.12875531613826752,-20.901094436645508,-9.49149227142334,-8.677788734436035,-4.826498508453369,-9.854412078857422,-7.107022285461426,-7.288137435913086,-10.081676483154297,-2.6874468326568604,7.917170524597168,18.756494522094727,7.982207775115967,0,0,1
187_Aaniraimekkani,9172800,9183825,0.05329098924994469,0.04305752840909091,2013.3804734865603,2581.320885446166,-325.0169677734375,154.7735595703125,-47.378299713134766,28.906726837158203,8.716601371765137,5.849268913269043,-26.384674072265625,-9.397258758544922,-10.694816589355469,-15.024850845336914,-1.6691124439239502,-20.135496139526367,-24.905933380126953,-8.209745407104492,-3.6255102157592773,-5.665411472320557,-1.7687606811523438,5.646335124969482,16.428871154785156,-1.0298234224319458,1,1,1
187_Aaniraimekkani,9183825,9194850,0.09369482845067978,0.04410067471590909,2036.878438318673,2550.665323532504,-253.45742797851562,155.65357971191406,-65.17463684082031,25.923322677612305,-1.390775203704834,14.70007038116455,-27.06574058532715,0.690799355506897,-19.515052795410156,-32.64942169189453,1.3525097370147705,-6.098322868347168,-8.870047569274902,-13.721145629882812,-16.903045654296875,-6.238544940948486,-4.143887996673584,-4.071195125579834,9.546088218688965,-18.562761306762695,1,1,1
187_Aaniraimekkani,9194850,9205875,0.11644101142883301,0.05795010653409091,2150.457671453315,2186.44830890286,-209.9653778076172,161.5394287109375,-98.47494506835938,26.222936630249023,-18.72977638244629,4.370692729949951,-28.98265266418457,-13.88934326171875,-14.219711303710938,-28.475261688232422,4.996121406555176,1.0304814577102661,-0.6674726009368896,-7.266376972198486,-17.297365188598633,-5.0048136711120605,-6.951756477355957,-4.469253063201904,-2.825066566467285,-24.37706756591797,1,1,1
187_Aaniraimekkani,9205875,9216900,0.11177224665880203,0.05859375,2149.766206730404,2271.884221522351,-219.61947631835938,155.08436584472656,-99.0322265625,33.805816650390625,-15.58294677734375,8.519283294677734,-36.3060302734375,-18.462324142456055,-12.216623306274414,-28.34379768371582,11.374743461608887,1.2292113304138184,-4.507532119750977,-13.001494407653809,-19.386476516723633,-0.21341842412948608,-5.201990127563477,-9.100812911987305,-5.648899078369141,-22.913908004760742,1,1,1
187_Aaniraimekkani,9216900,9227925,0.10862625390291214,0.05843838778409091,2145.4499090398417,2177.7244196361266,-223.49859619140625,155.4608612060547,-105.72265625,34.33202362060547,-14.441529273986816,12.538603782653809,-37.90591049194336,-19.92619514465332,-9.858786582946777,-30.922483444213867,8.575496673583984,2.0163075923919678,6.36131477355957,-20.094135284423828,-19.647777557373047,2.554381847381592,-9.54085922241211,-4.855165004730225,-7.524631977081299,-13.023199081420898,1,1,1
187_Aaniraimekkani,9227925,9238950,0.08051060885190964,0.0537109375,2192.5723443967267,2383.9162672648267,-231.42359924316406,165.39222717285156,-90.94956970214844,21.41034698486328,-18.860328674316406,10.791024208068848,-37.386199951171875,-15.034369468688965,-20.461816787719727,-25.097749710083008,0.18306325376033783,0.8234052062034607,-6.608933925628662,-14.976273536682129,-14.026028633117676,-5.3804707527160645,-6.399013042449951,-14.903830528259277,-0.5291073322296143,-14.916695594787598,1,1,1
187_Aaniraimekkani,9238950,9249975,0.06938451528549194,0.04996004971590909,2112.3021849939028,2333.091946624356,-253.4507293701172,166.26377868652344,-84.1103286743164,17.875255584716797,-1.1428523063659668,7.719761371612549,-45.611141204833984,-13.831927299499512,-22.73346519470215,-12.604864120483398,-7.925995349884033,-7.802474498748779,-9.902655601501465,-16.695058822631836,-7.9817657470703125,-8.033085823059082,-5.463138103485107,-25.822551727294922,4.347554683685303,-8.397991180419922,0,1,1
187_Aaniraimekkani,9249975,9261000,0.0610722154378891,0.049560546875,1961.69314414092,2228.6967981151015,-254.79290771484375,184.37721252441406,-75.89649200439453,14.735198020935059,-7.683780193328857,9.041678428649902,-39.71927261352539,-12.701910972595215,-23.951025009155273,-15.456079483032227,-3.7731642723083496,-2.6123597621917725,-4.9895219802856445,-16.416336059570312,-8.334026336669922,-4.473848342895508,-7.689602375030518,-19.56078338623047,-3.3885903358459473,-16.537202835083008,0,1,1
187_Aaniraimekkani,9261000,9272025,0.06674515455961227,0.058837890625,2043.1919724760335,2108.798439681414,-255.98634338378906,180.46343994140625,-87.97135162353516,18.39708137512207,5.339366912841797,4.322510242462158,-37.66398620605469,-8.06680965423584,-25.847444534301758,-14.822966575622559,-4.109768390655518,6.237606525421143,-8.3233060836792,-16.728506088256836,-5.880951404571533,-7.60124397277832,-2.4125828742980957,-20.401187896728516,-2.613766670227051,-19.578996658325195,0,1,1
187_Aaniraimekkani,9272025,9283050,0.06828384101390839,0.053755326704545456,1966.6350598424222,1964.492216093082,-256.5560302734375,185.81455993652344,-91.1811752319336,21.672468185424805,0.18904517590999603,5.12177848815918,-36.19645309448242,-10.9175386428833,-22.145431518554688,-16.60320281982422,-1.1730785369873047,1.3620691299438477,-7.276940822601318,-17.465242385864258,-12.509679794311523,-6.602717399597168,-6.090644359588623,-21.57582664489746,-3.4650137424468994,-18.706388473510742,0,1,1
187_Aaniraimekkani,9283050,9294075,0.05981970205903053,0.042436079545454544,1827.2646696889105,2055.015164079634,-267.77996826171875,191.07130432128906,-79.7772216796875,22.880786895751953,-8.027823448181152,8.86917495727539,-30.91546630859375,-9.832061767578125,-11.43249797821045,-16.729711532592773,2.6877329349517822,-4.262202739715576,-2.9551162719726562,-13.025888442993164,-15.320860862731934,-0.1301906704902649,-1.8135879039764404,-18.215126037597656,-11.412113189697266,-12.793320655822754,0,1,1
187_Aaniraimekkani,9294075,9305100,0.05186990275979042,0.06281072443181818,2048.4554300802415,2161.300775768023,-266.00384521484375,184.278076171875,-94.21646118164062,23.23766326904297,-7.93861198425293,7.921347141265869,-29.068845748901367,-3.735292911529541,-23.175281524658203,-22.312623977661133,-4.023558139801025,-1.9775326251983643,-3.465078830718994,-14.212011337280273,-12.20467472076416,-1.577702283859253,3.4971868991851807,-7.924057483673096,-6.685218811035156,-15.51796817779541,0,1,1
187_Aaniraimekkani,9305100,9316125,0.05004070699214935,0.04567649147727273,1950.4705459621212,2180.887194429001,-276.2903747558594,181.26683044433594,-79.98246002197266,27.016014099121094,0.15712381899356842,11.670955657958984,-32.009300231933594,-9.151200294494629,-15.888702392578125,-20.766889572143555,0.23501552641391754,-0.4885561764240265,-7.272091388702393,-11.899641990661621,-5.236595630645752,-0.786994218826294,0.6311862468719482,-8.900614738464355,-5.333786487579346,-10.05600643157959,0,1,1
187_Aaniraimekkani,9316125,9327150,0.056835390627384186,0.025368430397727272,1522.575643756608,2052.668902426102,-323.4741516113281,175.26792907714844,-59.331607818603516,43.087833404541016,23.737773895263672,15.249881744384766,-20.47154998779297,-11.959430694580078,-10.969437599182129,-20.69672393798828,-7.241053581237793,-13.646747589111328,-10.478943824768066,-7.153517246246338,-6.981443405151367,-8.659929275512695,-7.828254222869873,-1.1225241422653198,-2.7838730812072754,-3.868509531021118,0,1,1
187_Aaniraimekkani,9327150,9338175,0.03980005159974098,0.048894708806818184,1971.864587699972,2163.977546570692,-317.60955810546875,174.29742431640625,-77.29972839355469,37.899532318115234,12.105612754821777,9.145417213439941,-20.834144592285156,-4.121366024017334,-11.160704612731934,-16.328102111816406,-4.701602458953857,-21.31856918334961,-16.472917556762695,-7.620810031890869,-6.449129104614258,-6.531274318695068,-13.133062362670898,-4.160953044891357,4.864923477172852,6.430423259735107,1,1,1
187_Aaniraimekkani,9338175,9349200,0.0204276442527771,0.07159978693181818,2313.871950580347,2193.6329755081674,-352.6582336425781,168.19325256347656,-90.17754364013672,43.32642364501953,2.3704216480255127,0.5655626654624939,-24.22404670715332,3.686758279800415,-14.381361961364746,-11.744963645935059,-13.284740447998047,-18.97694206237793,-19.273422241210938,-10.727842330932617,-5.4172163009643555,-8.234383583068848,-12.317444801330566,-9.459064483642578,4.394845962524414,8.968656539916992,1,0,1
187_Aaniraimekkani,9349200,9360225,0.014947300776839256,0.08061079545454546,2382.5363201765185,2281.6131328179245,-389.8511962890625,160.9491424560547,-86.54584503173828,53.85760498046875,-1.9018765687942505,0.9152252674102783,-43.68876266479492,-9.04330825805664,-16.615154266357422,-4.767014026641846,-18.85712432861328,-0.5878028869628906,0.28840333223342896,-10.987893104553223,-15.873617172241211,-2.2001116275787354,3.1913514137268066,-5.164003372192383,7.279362678527832,3.739570379257202,0,0,0
187_Aaniraimekkani,9360225,9371250,0.009795702062547207,0.08331853693181818,2546.005203314833,2416.803780437559,-415.5299987792969,160.8332977294922,-85.96993255615234,24.60328483581543,13.487350463867188,5.694863796234131,-42.06019592285156,2.8065946102142334,-12.804458618164062,3.1990506649017334,-9.74963092803955,-2.922469139099121,-5.254470348358154,-6.92274284362793,-2.9234108924865723,1.5514202117919922,-0.403631329536438,-8.841136932373047,4.589217185974121,3.3327462673187256,0,0,0
187_Aaniraimekkani,9371250,9382275,0.016049401834607124,0.06514115767045454,2316.90978258875,2284.284074329024,-372.6815490722656,169.54376220703125,-88.678955078125,45.01129913330078,-2.4280195236206055,3.3827600479125977,-40.12544250488281,-6.877378463745117,-24.57378578186035,-8.104747772216797,-13.543567657470703,-4.029123783111572,0.07959311455488205,-8.396958351135254,-9.261940956115723,-4.622191905975342,0.09056270867586136,-4.344877243041992,6.750991344451904,-1.8321894407272339,0,0,0
187_Aaniraimekkani,9382275,9393300,0.016717631369829178,0.05945933948863636,2252.534534596567,2346.7619937052737,-370.7484130859375,173.28250122070312,-80.6142807006836,37.901615142822266,-16.869415283203125,9.359203338623047,-29.934526443481445,-5.113797664642334,-24.74102210998535,-9.781431198120117,-9.816046714782715,-2.32167911529541,-3.7869925498962402,-1.4772940874099731,-2.2172164916992188,-10.334872245788574,-7.267086505889893,-2.5634100437164307,10.411786079406738,-9.746041297912598,0,0,0
187_Aaniraimekkani,9393300,9404325,0.06115521118044853,0.04885031960227273,2259.648462483369,2444.008397860532,-292.3740539550781,148.34202575683594,-65.1265869140625,22.67461395263672,4.944511890411377,0.987677812576294,-31.063398361206055,-15.250914573669434,-17.128246307373047,-18.297178268432617,-2.027031183242798,-7.88864278793335,-9.684526443481445,-4.961198806762695,-8.551433563232422,-11.52309799194336,-9.817107200622559,-11.94614028930664,1.0226094722747803,-8.150440216064453,1,1,1
187_Aaniraimekkani,9404325,9415350,0.09447452425956726,0.035955255681818184,2104.4362536145195,2332.254091690803,-229.7407684326172,166.14784240722656,-73.7059097290039,31.15411376953125,9.134523391723633,14.937638282775879,-42.75391387939453,-14.575897216796875,-26.64215850830078,-24.988359451293945,3.771042585372925,-11.067818641662598,-20.349714279174805,1.738855242729187,-2.3525571823120117,-6.506820201873779,-1.7591420412063599,-17.23073387145996,-6.586609363555908,-11.22581958770752,1,1,1
187_Aaniraimekkani,9415350,9426375,0.07509960234165192,0.022017045454545456,1691.0399332900008,2301.4662474402403,-288.4724426269531,170.7477569580078,-54.867305755615234,45.43210220336914,21.826353073120117,22.022132873535156,-40.86069107055664,-13.609832763671875,-18.18524932861328,-16.841768264770508,1.2031605243682861,-18.3250789642334,-18.33745002746582,-0.5343325734138489,-4.020317554473877,-7.463109016418457,-8.513861656188965,-16.135854721069336,-4.7113447189331055,-11.738300323486328,1,1,1
187_Aaniraimekkani,9426375,9437400,0.035877566784620285,0.02703302556818182,1726.5909618450255,2389.585802446865,-333.57373046875,180.69679260253906,-47.61506271362305,45.15910339355469,10.278264999389648,26.013996124267578,-31.728221893310547,-8.26022720336914,-17.519771575927734,-16.612977981567383,5.285702228546143,-10.916182518005371,-4.629456996917725,-1.7241095304489136,-4.457582473754883,1.9408496618270874,-4.353950023651123,-9.403861045837402,-0.1288251280784607,-4.93129301071167,0,1,1
187_Aaniraimekkani,9437400,9448425,0.026534903794527054,0.023903586647727272,1770.8898610774108,2626.429331787225,-356.6972351074219,179.4002685546875,-36.86861801147461,40.184120178222656,-5.863085746765137,31.11412239074707,-25.0293025970459,-3.866635799407959,-14.465506553649902,-19.614967346191406,2.952516794204712,-12.482556343078613,-9.648560523986816,-2.191756248474121,-4.499898910522461,1.336531162261963,6.166064262390137,-5.291141510009766,-1.7218455076217651,-7.991305351257324,0,1,1
187_Aaniraimekkani,9448425,9459450,0.05231587961316109,0.026655717329545456,1717.828652175123,2406.917139500825,-306.8028869628906,174.7154998779297,-45.139286041259766,29.691892623901367,8.57619857788086,26.513465881347656,-27.803159713745117,-13.363443374633789,-18.071151733398438,-25.25719451904297,1.1261277198791504,-11.293534278869629,-21.576013565063477,-2.680046558380127,-2.7576136589050293,-2.0456924438476562,9.651700973510742,-8.797210693359375,-0.7428083419799805,-6.542013645172119,0,1,1
187_Aaniraimekkani,9459450,9470475,0.0767301693558693,0.036066228693181816,1873.6747112641713,2321.1434607205624,-262.3369445800781,166.45033264160156,-64.28846740722656,22.108644485473633,6.664762496948242,19.673805236816406,-37.58490753173828,-20.852813720703125,-19.52790069580078,-16.465316772460938,-8.65207290649414,-13.949398040771484,-5.735602378845215,-4.9534831047058105,2.8219289779663086,-2.5100297927856445,-8.491440773010254,-15.701184272766113,-6.6046247482299805,-11.847622871398926,0,1,1
187_Aaniraimekkani,9470475,9481500,0.05071225017309189,0.024436257102272728,1620.6559939916829,2103.848609160054,-319.8905944824219,177.20628356933594,-63.09831237792969,39.03987121582031,16.503276824951172,13.860823631286621,-22.744735717773438,-11.610516548156738,-19.838315963745117,-15.613617897033691,-8.526484489440918,-20.815746307373047,-8.433945655822754,-8.645074844360352,-6.198143005371094,-8.699644088745117,-9.79128360748291,-16.578622817993164,-11.789875030517578,-5.633803844451904,0,1,1
187_Aaniraimekkani,9481500,9492525,0.06433860212564468,0.028053977272727272,1717.839004441393,2224.577981038283,-302.418701171875,165.39328002929688,-65.9887924194336,35.08152770996094,15.808396339416504,8.89500904083252,-17.877050399780273,-2.34517502784729,-34.0203971862793,-27.882768630981445,-1.2140192985534668,-8.788596153259277,-10.689321517944336,-16.8140869140625,-11.06040096282959,-12.166118621826172,-3.6643712520599365,-11.51659107208252,-9.476143836975098,-10.874874114990234,0,1,1
187_Aaniraimekkani,9492525,9503550,0.05914001539349556,0.029407848011363636,1662.0262305481679,2132.06229511477,-323.8648986816406,169.8090057373047,-62.79462814331055,48.006736755371094,22.320417404174805,1.9022730588912964,-21.04718589782715,-3.510819435119629,-23.442310333251953,-31.70587921142578,-5.804324626922607,-13.801839828491211,-18.189477920532227,-15.89050579071045,-6.0148091316223145,-2.915682315826416,-3.5248117446899414,-8.111907005310059,-9.291387557983398,-17.08114242553711,0,1,1
187_Aaniraimekkani,9503550,9514575,0.05161764472723007,0.03897372159090909,2021.9315806573616,2421.5835901510713,-300.5819091796875,165.6038055419922,-65.67185974121094,48.36429214477539,9.69290828704834,7.793915271759033,-38.21529769897461,-4.960231304168701,-3.423384189605713,-12.543930053710938,-11.413846969604492,-24.72734832763672,-21.623241424560547,-14.266768455505371,-7.704164028167725,-12.791509628295898,-1.008248209953308,0.6285414099693298,-4.189830303192139,-17.781291961669922,1,1,1
187_Aaniraimekkani,9514575,9525600,0.06503269076347351,0.04225852272727273,1989.7581991839652,2408.223556457011,-277.8795471191406,155.61134338378906,-64.86644744873047,49.80046081542969,10.05398941040039,3.9536566734313965,-41.05690383911133,-12.515423774719238,-6.19913911819458,-14.65420150756836,-7.523716449737549,-24.76251983642578,-16.600486755371094,-15.466626167297363,-8.890624046325684,-8.42885971069336,2.0017967224121094,3.4959752559661865,-5.297969818115234,-11.46401596069336,1,1,1
187_Aaniraimekkani,9525600,9536625,0.08613903075456619,0.03879616477272727,2033.1220702150574,2255.5056108857566,-257.8478088378906,159.11537170410156,-77.83281707763672,35.7668571472168,6.3839006423950195,0.10208091139793396,-27.947303771972656,-14.994784355163574,-20.076932907104492,-26.118141174316406,4.495866775512695,-8.59363079071045,-11.907772064208984,-1.9124481678009033,-9.996973991394043,-9.052451133728027,-6.76544189453125,-8.598992347717285,3.305368185043335,-17.430402755737305,1,1,1
187_Aaniraimekkani,9536625,9547650,0.07603129744529724,0.03759765625,2038.3132777101039,2410.0305150911145,-288.3594055175781,148.99197387695312,-62.40916442871094,41.57884216308594,24.2806339263916,11.383075714111328,-40.19575119018555,-11.665953636169434,-16.553964614868164,-19.74117088317871,1.2096565961837769,-16.166072845458984,-20.8668212890625,-10.120824813842773,-10.186538696289062,-20.082353591918945,-0.851061224937439,1.8796019554138184,0.42240065336227417,-12.842626571655273,1,1,1
187_Aaniraimekkani,9547650,9558675,0.07891234755516052,0.046142578125,1773.3944109121237,1863.774885848299,-246.74562072753906,199.52757263183594,-82.04559326171875,14.261101722717285,-1.59392511844635,-4.438171863555908,-28.341901779174805,-5.623757362365723,-20.72171974182129,-27.293163299560547,2.842729330062866,-3.9220123291015625,-2.1761515140533447,-8.796162605285645,-19.019376754760742,-14.928203582763672,-3.0260772705078125,1.8899444341659546,-5.893890380859375,-20.264732360839844,1,1,1
187_Aaniraimekkani,9558675,9569700,0.09634160995483398,0.06130149147727273,1987.1585985782745,1877.5292172872498,-224.76841735839844,185.91773986816406,-96.6453857421875,5.1192426681518555,-8.484566688537598,-12.278885841369629,-32.090633392333984,-9.952902793884277,-15.263535499572754,-25.532073974609375,-1.0090769529342651,5.661703586578369,-8.649057388305664,-23.722156524658203,-22.30565643310547,-6.108496189117432,-3.6624550819396973,-1.7507129907608032,0.7399402856826782,-18.709129333496094,1,1,1
187_Aaniraimekkani,9569700,9580725,0.06740637123584747,0.048872514204545456,1935.5199892944045,2207.401182233381,-253.5724639892578,181.61322021484375,-73.82040405273438,14.009445190429688,-17.378103256225586,1.8011391162872314,-42.864559173583984,-17.035184860229492,-21.388620376586914,-25.618555068969727,-0.7819166779518127,-2.262173652648926,-19.496713638305664,-25.470964431762695,-13.192926406860352,-4.479603290557861,-2.6236839294433594,-9.417627334594727,2.2439661026000977,-11.219724655151367,1,1,1
187_Aaniraimekkani,9580725,9591750,0.04975337162613869,0.04066051136363636,1890.1172580063705,2370.239111837262,-290.60601806640625,177.12513732910156,-64.4801254272461,31.676694869995117,-16.996337890625,7.700551986694336,-35.264896392822266,-20.653362274169922,-22.177282333374023,-29.520305633544922,-3.8126959800720215,-8.711043357849121,-16.751218795776367,-21.719470977783203,-9.403843879699707,-3.0715675354003906,-7.476621627807617,-3.0672943592071533,1.3598612546920776,-10.054055213928223,1,1,1
187_Aaniraimekkani,9591750,9602775,0.0394541472196579,0.03224875710227273,1736.2472207986968,2265.450100441442,-325.9905090332031,179.76205444335938,-60.95172119140625,34.129581451416016,-4.8758134841918945,2.119514226913452,-29.80634307861328,-16.144519805908203,-21.24043083190918,-30.30010414123535,-3.954623222351074,-13.11521053314209,-18.638330459594727,-17.15333366394043,-17.49504280090332,-5.237737655639648,-0.1592095047235489,0.43949973583221436,-3.141498565673828,-8.278885841369629,1,1,1
187_Aaniraimekkani,9602775,9613800,0.04444586858153343,0.03890713778409091,1856.4717151922298,2237.228167382206,-293.7430419921875,187.53797912597656,-70.56368255615234,19.058889389038086,-7.533529758453369,10.515564918518066,-35.93484115600586,-12.85892105102539,-15.724703788757324,-20.98758888244629,-4.2812113761901855,-5.877884387969971,-14.408379554748535,-16.116531372070312,-11.240275382995605,-6.240699291229248,-4.460153102874756,-14.57120418548584,-4.030596733093262,-13.108282089233398,1,1,1
187_Aaniraimekkani,9613800,9624825,0.05596373975276947,0.03795276988636364,1690.5188062951054,2128.2296713254323,-285.5832824707031,188.20401000976562,-66.61295318603516,19.38982391357422,3.92814564704895,12.36197566986084,-34.42045593261719,-15.0995454788208,-16.592853546142578,-27.59693145751953,-6.269230365753174,-9.327324867248535,-13.454268455505371,-14.022856712341309,-13.433029174804688,-4.912558555603027,-7.82695198059082,-22.207029342651367,-10.645944595336914,-18.358884811401367,1,1,1
187_Aaniraimekkani,9624825,9635850,0.0535726435482502,0.04383433948863636,1686.7144238581322,1967.0567839748635,-291.2593994140625,200.22007751464844,-69.1523666381836,10.219191551208496,0.24653886258602142,5.515009880065918,-35.48688888549805,-13.283843994140625,-19.187013626098633,-29.664257049560547,0.19924627244472504,-1.9702892303466797,-6.3712568283081055,-17.880584716796875,-14.700814247131348,-1.2559027671813965,-9.451416969299316,-11.681853294372559,-6.721838474273682,-21.17534637451172,1,1,1
187_Aaniraimekkani,9635850,9646875,0.03532648831605911,0.02911931818181818,1642.9157602327025,2095.849205279278,-334.5168762207031,187.22940063476562,-63.994163513183594,30.047883987426758,1.3041257858276367,-3.9607863426208496,-29.441377639770508,-14.1956205368042,-23.23877716064453,-15.726282119750977,-10.872109413146973,-24.432985305786133,-16.822338104248047,-13.548238754272461,-17.566728591918945,-2.6923251152038574,-3.193798780441284,-6.374610900878906,5.320789813995361,-11.685415267944336,1,1,1
187_Aaniraimekkani,9646875,9657900,0.03750777244567871,0.035356001420454544,1685.6535777257266,2097.252073401937,-326.83416748046875,187.32594299316406,-70.2410659790039,35.08304977416992,-2.5095698833465576,2.8945159912109375,-37.30697250366211,-22.28763771057129,-21.974016189575195,-16.849870681762695,-2.4876492023468018,-12.829763412475586,-17.09027862548828,-23.69683074951172,-21.971328735351562,-1.0958225727081299,5.713486194610596,3.0030672550201416,2.7834980487823486,-7.48536491394043,1,1,1
187_Aaniraimekkani,9657900,9668925,0.037934742867946625,0.030073686079545456,1709.3544004520634,2207.894016623428,-336.01470947265625,181.05027770996094,-63.64012145996094,29.4803524017334,7.7568678855896,5.676299095153809,-31.536914825439453,-15.933865547180176,-15.36010456085205,-16.42750358581543,-9.720272064208984,-21.796709060668945,-11.636452674865723,-14.283102035522461,-15.588238716125488,0.9663326740264893,-3.9335145950317383,-3.6911416053771973,1.7416751384735107,-9.110785484313965,1,1,1
187_Aaniraimekkani,9668925,9679950,0.04308468475937843,0.023193359375,1731.9665498547533,2310.3087049069986,-342.0041198730469,165.35635375976562,-57.294803619384766,32.971370697021484,11.761487007141113,-5.554277420043945,-27.378568649291992,-17.34479522705078,-21.616943359375,-18.81993865966797,-2.808255910873413,-24.667402267456055,-10.482457160949707,-6.58488655090332,-13.293089866638184,-4.812751770019531,-9.316189765930176,-1.3892731666564941,2.7161667346954346,-2.6754648685455322,1,1,1
187_Aaniraimekkani,9679950,9690975,0.057801540940999985,0.014382102272727272,1289.4958453573372,2036.3939289397897,-376.1506042480469,171.15203857421875,-37.886043548583984,37.610595703125,26.03563690185547,-17.464494705200195,-16.409656524658203,-19.62540626525879,-22.6871395111084,-11.617393493652344,-2.7854061126708984,-20.68433380126953,-18.673765182495117,-9.109267234802246,-17.932865142822266,-17.11345100402832,-15.502239227294922,-5.776282787322998,3.902132511138916,-4.519642353057861,1,0,1
187_Aaniraimekkani,9690975,9702000,0.06420712918043137,0.015957919034090908,1310.2746587496374,2029.8289404475754,-353.0255432128906,173.46945190429688,-41.772518157958984,39.127079010009766,12.303841590881348,-12.36352252960205,-17.560331344604492,-16.602506637573242,-17.22503089904785,-17.86968994140625,0.7634979486465454,-16.161849975585938,-16.136695861816406,-7.907731533050537,-20.520856857299805,-16.215442657470703,-9.744721412658691,-2.796656370162964,1.2186945676803589,-9.056983947753906,1,0,1
187_Aaniraimekkani,9702000,9713025,0.07457919418811798,0.01629083806818182,1397.464881614451,2164.8199259592225,-334.020263671875,165.58131408691406,-40.530208587646484,35.84397506713867,11.018592834472656,-12.798727989196777,-24.365373611450195,-20.460105895996094,-22.24256706237793,-20.456636428833008,1.010427713394165,-8.702356338500977,-14.940091133117676,-11.352025032043457,-19.745861053466797,-20.745838165283203,-13.551965713500977,-2.747741460800171,3.5287721157073975,-12.605317115783691,1,0,1
187_Aaniraimekkani,9713025,9724050,0.10209190100431442,0.03369140625,2205.6568781574674,2517.3208140523047,-258.40362548828125,141.6727294921875,-60.195350646972656,57.687889099121094,10.94927978515625,-1.8351142406463623,-34.64286422729492,-20.050846099853516,-23.967981338500977,-19.545753479003906,-6.703272819519043,-8.909551620483398,-14.311936378479004,-14.650261878967285,-13.126280784606934,-19.656660079956055,-15.575180053710938,-8.808941841125488,1.7210155725479126,-11.124092102050781,1,1,1
187_Aaniraimekkani,9724050,9735075,0.06994304060935974,0.02252752130681818,1482.8443844463388,2042.2255192287523,-308.52325439453125,180.58651733398438,-51.1312141418457,32.916282653808594,28.351015090942383,2.188554525375366,-24.6453914642334,-14.591217041015625,-9.919249534606934,-29.090490341186523,-13.860608100891113,-10.177136421203613,-26.357213973999023,-13.25051498413086,-12.076704978942871,-16.00808334350586,-9.777027130126953,-10.691387176513672,-2.6476998329162598,-9.145813941955566,1,1,1
187_Aaniraimekkani,9735075,9746100,0.0778403952717781,0.04050514914772727,1981.9798257026223,2514.2066380842493,-280.45892333984375,159.70323181152344,-58.25896072387695,27.006561279296875,4.905004978179932,-1.7675875425338745,-34.76585388183594,1.9458122253417969,-26.401325225830078,-23.167539596557617,-9.458939552307129,-10.381497383117676,-9.917593955993652,-17.799394607543945,-11.275229454040527,-11.334882736206055,-1.3704934120178223,-5.079108238220215,0.7746942639350891,-19.390777587890625,1,1,1
187_Aaniraimekkani,9746100,9757125,0.07986891269683838,0.04074928977272727,1922.0158771267406,2476.5261645022283,-277.0237731933594,157.86148071289062,-61.65009689331055,31.819002151489258,2.555269479751587,-2.8311407566070557,-33.442874908447266,4.303212642669678,-25.522785186767578,-28.400724411010742,-12.106765747070312,-16.4703369140625,-8.675986289978027,-13.767696380615234,-8.247539520263672,-12.686151504516602,-5.789313793182373,-4.599917888641357,-2.335730791091919,-16.29566764831543,1,1,1
187_Aaniraimekkani,9757125,9768150,0.060081347823143005,0.023415305397727272,1803.012092028097,2518.707735079714,-312.4651794433594,151.34860229492188,-41.97731018066406,42.4472541809082,7.041438102722168,-8.357293128967285,-25.018400192260742,0.5873483419418335,-9.933472633361816,-24.768299102783203,-11.195463180541992,-15.874130249023438,-19.62915802001953,-15.351815223693848,-4.7361884117126465,-15.194957733154297,-7.969609260559082,-0.3667055368423462,1.1554127931594849,-1.7640166282653809,1,1,1
187_Aaniraimekkani,9768150,9779175,0.07807387411594391,0.04847301136363636,2234.087584814942,2766.878632781485,-276.0335693359375,135.23684692382812,-54.88839340209961,49.123046875,-20.148069381713867,-7.2278594970703125,-38.61082077026367,9.326656341552734,-11.532302856445312,-33.8077507019043,-19.237077713012695,-24.902387619018555,-24.19294548034668,-10.589006423950195,6.252892971038818,-17.034324645996094,3.0513060092926025,-4.6990580558776855,-11.245903968811035,-2.767836332321167,1,1,1
187_Aaniraimekkani,9779175,9790200,0.06149706616997719,0.049272017045454544,2191.40012274179,2483.9119530871208,-290.41534423828125,141.86021423339844,-68.05614471435547,40.52027893066406,-8.49043083190918,-1.4865734577178955,-26.551532745361328,3.8732309341430664,-8.770211219787598,-39.814212799072266,-15.29089069366455,-14.482931137084961,-18.471769332885742,-9.812101364135742,-5.5179524421691895,-9.93509578704834,0.7363780736923218,-5.452267169952393,-1.7487221956253052,-3.706170082092285,1,1,1
187_Aaniraimekkani,9790200,9801225,0.06459058076143265,0.05055930397727273,2527.371163478608,2665.476328392471,-275.2366027832031,129.89344787597656,-71.89368438720703,41.4329719543457,-6.614279270172119,1.6330054998397827,-24.752471923828125,4.045434951782227,-9.197525978088379,-28.25140380859375,-16.90654754638672,-22.067380905151367,-19.23756217956543,-11.648892402648926,-2.778003454208374,-11.583118438720703,-4.662108898162842,0.09962344169616699,4.43499755859375,-4.597317218780518,1,1,1
187_Aaniraimekkani,9801225,9812250,0.07730867713689804,0.05843838778409091,2378.4610913391693,2564.028309332741,-266.3854064941406,131.34706115722656,-83.63570404052734,31.30633544921875,-23.352807998657227,1.0662240982055664,-32.84968566894531,15.322656631469727,-7.009029865264893,-35.43614959716797,-14.092697143554688,-13.638772010803223,-19.5715389251709,-7.800476551055908,6.100528240203857,-10.607436180114746,2.08370041847229,-8.724087715148926,-8.87700080871582,-8.204205513000488,1,1,1
187_Aaniraimekkani,9812250,9823275,0.05610613524913788,0.05260120738636364,1987.4219566847444,2200.5907290921405,-291.7658996582031,159.01719665527344,-76.19364929199219,21.420473098754883,-2.1848604679107666,2.601191520690918,-26.75959587097168,-4.538460731506348,-22.25940704345703,-26.25580406188965,-7.506655693054199,-7.817217826843262,-12.894240379333496,-19.64895248413086,-9.240975379943848,-3.034496545791626,-2.3839004039764404,-9.300999641418457,2.497589111328125,-6.105833530426025,1,1,1
187_Aaniraimekkani,9823275,9834300,0.08848510682582855,0.053289240056818184,2038.6119888973744,2190.988335921192,-258.41534423828125,153.3948516845703,-79.03638458251953,14.046161651611328,1.5011461973190308,-12.505642890930176,-29.97955322265625,-15.66284465789795,-18.09699058532715,-21.89884376525879,-5.549251079559326,-7.645429611206055,-15.89080810546875,-11.906078338623047,-9.020418167114258,-6.526232719421387,-10.098554611206055,-7.834486484527588,-2.9931137561798096,-15.342304229736328,1,1,1
187_Aaniraimekkani,9834300,9845325,0.03236151486635208,0.05954811789772727,1884.2285614297796,2046.633436662396,-344.5973205566406,176.2268829345703,-78.39704895019531,28.621501922607422,-4.904269218444824,-9.00594425201416,-28.485443115234375,-7.760667324066162,-23.870649337768555,-17.107650756835938,-6.765260219573975,-3.982868194580078,-11.785584449768066,-17.361572265625,-5.990696430206299,-6.5408711433410645,-12.713202476501465,-11.374541282653809,9.000197410583496,2.9563605785369873,1,0,0
187_Aaniraimekkani,9845325,9856350,0.03050547093153,0.04800692471590909,1783.6308515093995,2081.9376105535357,-344.7430419921875,185.18157958984375,-64.65377044677734,25.328588485717773,-3.658658504486084,-9.040189743041992,-21.39977264404297,-1.6018439531326294,-19.402318954467773,-15.452617645263672,-10.22630500793457,-8.824076652526855,-9.176276206970215,-15.299330711364746,-6.749651908874512,-6.109511852264404,-12.874368667602539,-11.624734878540039,6.182239055633545,-1.9581977128982544,1,1,1
187_Aaniraimekkani,9856350,9867375,0.11117437481880188,0.050537109375,1880.837859672887,2069.8292574237753,-211.24244689941406,185.86561584472656,-80.17703247070312,7.8641252517700195,-23.45941162109375,-5.945614337921143,-28.97246742248535,2.953049421310425,-15.688516616821289,-32.843223571777344,-6.64841890335083,2.7949540615081787,-1.7204817533493042,-21.699033737182617,-22.581315994262695,-16.192258834838867,-12.576858520507812,-7.432365417480469,-4.078195571899414,-11.536582946777344,1,1,1
187_Aaniraimekkani,9867375,9878400,0.1303430199623108,0.060102982954545456,2126.029463763717,2057.716653185023,-189.91986083984375,169.33470153808594,-102.8738021850586,2.631892204284668,-31.114580154418945,-10.610885620117188,-37.27532196044922,-13.311946868896484,-16.95937156677246,-19.273700714111328,-0.052468907088041306,2.5536000728607178,-11.439325332641602,-24.93132972717285,-16.521333694458008,-2.633915662765503,-3.3766584396362305,-8.239944458007812,-6.874070644378662,-12.617406845092773,1,1,1
187_Aaniraimekkani,9878400,9889425,0.14699861407279968,0.06649502840909091,2411.3068662196765,2221.8579484758397,-193.72215270996094,143.17132568359375,-112.28927612304688,17.67732048034668,-24.584125518798828,-7.822380065917969,-36.35490798950195,-13.593189239501953,-13.81740665435791,-27.303672790527344,-5.924509048461914,-1.0814975500106812,-16.520795822143555,-22.798294067382812,-17.44035530090332,1.1905523538589478,-1.6616421937942505,0.26299071311950684,0.32821691036224365,-14.982254028320312,1,1,1
187_Aaniraimekkani,9889425,9900450,0.13030126690864563,0.07333096590909091,2384.411429868659,2118.546770302832,-207.50233459472656,143.97357177734375,-114.938720703125,26.22356605529785,-16.86890411376953,-4.284427165985107,-32.184329986572266,-16.225887298583984,-14.042760848999023,-26.675518035888672,-5.2876176834106445,-1.6021898984909058,-17.367868423461914,-18.96233558654785,-15.149975776672363,4.8012919425964355,-1.3354171514511108,-0.6504685878753662,2.076181173324585,-13.286843299865723,1,1,1
187_Aaniraimekkani,9900450,9911475,0.12714268267154694,0.06491921164772728,2092.307523870257,1791.4917589469123,-210.56182861328125,173.47073364257812,-115.12726593017578,11.704451560974121,-16.66005516052246,-9.03293228149414,-33.00413131713867,-15.794902801513672,-14.433731079101562,-25.02100372314453,-7.303869247436523,0.18190273642539978,-10.772061347961426,-24.286584854125977,-19.611865997314453,-1.8376799821853638,-5.991354465484619,-10.92868423461914,-1.0161747932434082,-8.592193603515625,1,1,1
187_Aaniraimekkani,9911475,9922500,0.11546468734741211,0.06554066051136363,1956.8313893613638,1847.95173568705,-216.0654296875,180.15162658691406,-104.49144744873047,21.33415412902832,-26.195518493652344,-14.242880821228027,-37.07053756713867,-16.44660758972168,-5.798025131225586,-19.44188690185547,-7.340898036956787,-10.647053718566895,-5.044214725494385,-31.051240921020508,-20.416093826293945,2.3299977779388428,-9.777982711791992,-9.801826477050781,-4.533879280090332,-13.909895896911621,1,1,1
187_Aaniraimekkani,9922500,9933525,0.11938247829675674,0.06853693181818182,2036.1038571357049,1823.0812494850582,-208.78782653808594,179.28334045410156,-109.7083511352539,23.325647354125977,-21.178709030151367,-16.088722229003906,-35.29866027832031,-16.451290130615234,-0.6345201730728149,-15.5308198928833,-8.177153587341309,-9.021526336669922,-11.165411949157715,-30.353784561157227,-15.049078941345215,3.335695505142212,-10.404603958129883,-7.975464344024658,-7.047187805175781,-15.251141548156738,1,1,1
187_Aaniraimekkani,9933525,9944550,0.08378811925649643,0.058882279829545456,2024.3658193289766,1959.8382891936262,-228.6313018798828,185.01365661621094,-97.74955749511719,7.704488754272461,-15.798263549804688,-3.5826895236968994,-42.18467712402344,-10.778215408325195,-11.327946662902832,-15.377762794494629,-0.3170284926891327,-2.0509047508239746,-12.690231323242188,-27.31883430480957,-15.22738265991211,-0.24437303841114044,-8.364919662475586,-13.67307186126709,-2.952655076980591,-15.645334243774414,1,1,1
187_Aaniraimekkani,9944550,9955575,0.06712397933006287,0.04549893465909091,1961.7122764496949,2134.7842589710635,-247.9761199951172,180.1841583251953,-85.24311065673828,7.823391437530518,-18.841764450073242,-8.898032188415527,-42.848777770996094,-8.2510404586792,-16.63648796081543,-12.744831085205078,-5.328805446624756,-5.995434761047363,-10.562040328979492,-23.184633255004883,-9.62386417388916,-4.54356050491333,-10.267205238342285,-22.647924423217773,-4.691873073577881,-12.73672866821289,1,1,1
187_Aaniraimekkani,9955575,9966600,0.07897985726594925,0.03575550426136364,1766.8906003523284,1973.798577095695,-251.16233825683594,195.88540649414062,-77.0755844116211,15.984429359436035,3.971613883972168,0.7868093848228455,-35.542362213134766,-17.813976287841797,-16.712421417236328,-18.610179901123047,-7.677113056182861,-7.608582973480225,-6.037572860717773,-21.228927612304688,-15.117721557617188,-4.807010173797607,-11.417757034301758,-20.19147491455078,-17.347915649414062,-20.289297103881836,1,1,1
187_Aaniraimekkani,9966600,9977625,0.055492792278528214,0.03353604403409091,1657.8537470193965,2172.1547564835423,-289.0249328613281,193.75706481933594,-59.80781173706055,30.378093719482422,-3.643927812576294,19.43718147277832,-23.586292266845703,-10.829520225524902,-12.572876930236816,-27.025976181030273,-0.9220949411392212,-7.512587070465088,-0.4948718249797821,-16.93573570251465,-33.18124771118164,-8.0209379196167,-9.121162414550781,-11.789172172546387,-11.17684555053711,-20.745119094848633,1,1,1
187_Aaniraimekkani,9977625,9988650,0.038203757256269455,0.023814808238636364,1639.3528070981993,2456.300629574917,-327.3771667480469,187.93016052246094,-30.835670471191406,17.542238235473633,-12.457398414611816,14.322815895080566,-20.487565994262695,-4.962435722351074,-9.848873138427734,-25.624431610107422,2.3031885623931885,-5.146127700805664,-0.9854184985160828,-6.727499485015869,-27.924707412719727,-10.873861312866211,-5.626065254211426,-10.756695747375488,-5.74964714050293,-12.980144500732422,0,1,1
187_Aaniraimekkani,9988650,9999675,0.09061765670776367,0.06267755681818182,2254.3884432571485,2158.5114647906207,-213.8623046875,173.07203674316406,-95.3385238647461,17.93524742126465,-18.246631622314453,2.4646623134613037,-27.001117706298828,-9.297789573669434,-6.334379196166992,-33.316017150878906,1.6912643909454346,9.474356651306152,-7.557751178741455,-19.44928550720215,-21.840425491333008,-2.0456175804138184,-9.473331451416016,-10.733521461486816,-6.024925708770752,-24.11949920654297,0,1,1
187_Aaniraimekkani,9999675,10010700,0.06414949893951416,0.05628551136363636,2052.289383413199,2161.5059715618686,-249.26573181152344,182.94187927246094,-86.50701904296875,19.916797637939453,-17.971513748168945,9.520949363708496,-31.760740280151367,-9.79373550415039,-12.602124214172363,-21.46388053894043,-5.58317232131958,0.10553429275751114,-14.761446952819824,-23.64521026611328,-15.788649559020996,-7.3349995613098145,-8.450684547424316,-10.770567893981934,3.2143349647521973,-19.703767776489258,0,1,1
187_Aaniraimekkani,10010700,10021725,0.04195953905582428,0.03957297585227273,1879.2434611326235,2322.106527765817,-308.3752136230469,178.7349090576172,-63.897056579589844,32.355010986328125,-0.07686641067266464,4.851528644561768,-33.185203552246094,-15.621390342712402,-17.66169548034668,-18.010013580322266,-2.9803459644317627,-19.465730667114258,-8.288949966430664,-10.870152473449707,-17.923141479492188,-6.186223983764648,-6.673431873321533,-9.716385841369629,-0.5297403335571289,-12.64066219329834,1,1,1
187_Aaniraimekkani,10021725,10032750,0.04772841930389404,0.04465553977272727,1875.775188690296,2259.0876150487525,-290.4122619628906,184.77767944335938,-73.00180053710938,32.85878372192383,-6.550465106964111,7.3332600593566895,-32.12705993652344,-8.444390296936035,-25.18030548095703,-20.04395866394043,-10.444234848022461,-11.756577491760254,-11.975172996520996,-15.753491401672363,-13.693711280822754,-5.880795478820801,-2.3961102962493896,-7.8749494552612305,3.388556718826294,-16.080034255981445,1,1,1
187_Aaniraimekkani,10032750,10043775,0.050092875957489014,0.04825106534090909,1886.3851599692657,2153.25248196839,-284.46533203125,185.13755798339844,-80.07125854492188,36.9120979309082,-8.62876033782959,9.163089752197266,-39.266300201416016,-10.820794105529785,-26.493488311767578,-21.055383682250977,-7.719119548797607,-24.011686325073242,-12.146285057067871,-8.10091781616211,-9.811554908752441,-8.304688453674316,0.11762978881597519,1.812066912651062,4.59818696975708,-17.12003517150879,1,1,1
187_Aaniraimekkani,10043775,10054800,0.05967763438820839,0.049027876420454544,1853.0018989286052,1929.7709550953184,-258.0419921875,190.75010681152344,-84.16468048095703,2.3140997886657715,-12.45656967163086,4.958253860473633,-26.433870315551758,-5.505478858947754,-9.532561302185059,-19.806676864624023,-6.779517650604248,-2.348186492919922,-14.1627197265625,-19.455289840698242,-14.196976661682129,-3.860909938812256,0.6323922872543335,-9.12232780456543,2.2300429344177246,-13.110674858093262,1,1,1
187_Aaniraimekkani,10054800,10065825,0.06147022545337677,0.037841796875,1813.8651203242837,2187.8835818126063,-280.1879577636719,178.09695434570312,-67.19721221923828,15.028814315795898,-14.057257652282715,-3.92167592048645,-32.78092956542969,-8.744144439697266,-22.15225601196289,-18.746498107910156,-5.687118053436279,-8.868688583374023,-7.947558403015137,-24.485145568847656,-8.401997566223145,3.02889084815979,-2.148185968399048,-10.748237609863281,-3.59031081199646,-4.693614482879639,1,1,1
187_Aaniraimekkani,10065825,10076850,0.04254944995045662,0.024436257102272728,1704.5464684333647,2304.222582632769,-338.7807312011719,167.24729919433594,-56.3553466796875,27.284868240356445,2.8400983810424805,-9.98100471496582,-37.24174880981445,-3.8752858638763428,-26.142772674560547,-12.551193237304688,-16.81740951538086,-27.13481903076172,-3.224311113357544,-18.4709529876709,-11.176238059997559,-1.6276987791061401,1.7155009508132935,-13.479549407958984,7.45466947555542,11.030437469482422,1,1,1
187_Aaniraimekkani,10076850,10087875,0.04048335924744606,0.030384410511363636,1638.2219667686238,2038.8189836044837,-335.30645751953125,181.42637634277344,-66.30864715576172,20.607851028442383,4.094048023223877,0.12002242356538773,-40.065673828125,-17.614809036254883,-23.425264358520508,-22.350719451904297,-11.007999420166016,-17.595069885253906,-5.119932174682617,-11.429282188415527,-11.729998588562012,-2.3873865604400635,-4.71293830871582,-9.541265487670898,-1.8036032915115356,-10.784941673278809,1,1,1
187_Aaniraimekkani,10087875,10098900,0.03852793201804161,0.03797496448863636,1725.1608513269582,2077.3198758359895,-332.9538879394531,177.05624389648438,-63.0274772644043,19.28563690185547,5.722811698913574,-5.237351417541504,-38.263336181640625,-23.089256286621094,-19.937891006469727,-20.920711517333984,-8.895172119140625,-17.340099334716797,-3.433480739593506,-10.447378158569336,-11.024465560913086,0.05508895218372345,-5.177794933319092,-5.783307075500488,-0.6735705733299255,-6.698516845703125,1,1,0
187_Aaniraimekkani,10098900,10109925,0.03568039834499359,0.034113103693181816,1797.044212973454,2054.0561572327456,-334.4802551269531,176.23748779296875,-72.52664184570312,18.243288040161133,13.658624649047852,2.853170394897461,-30.198535919189453,-12.593029975891113,-11.422061920166016,-17.69680404663086,-0.983655571937561,-16.907896041870117,-10.97855281829834,-13.75158405303955,-11.099241256713867,3.2694616317749023,-8.87609577178955,-12.946810722351074,-2.8603107929229736,-8.995674133300781,1,1,1
187_Aaniraimekkani,10109925,10120950,0.023866623640060425,0.055486505681818184,2060.753878623032,2299.0921663423146,-355.50048828125,175.6289520263672,-73.87047576904297,31.0870304107666,11.745169639587402,10.648897171020508,-35.9692268371582,-9.760713577270508,-21.160741806030273,-10.080313682556152,-1.389917254447937,-17.634477615356445,-15.072232246398926,-10.921097755432129,-6.987330436706543,1.289843201637268,-8.943928718566895,-11.224440574645996,3.9014978408813477,-5.017792701721191,1,0,0
187_Aaniraimekkani,10120950,10131975,0.017604699358344078,0.05677379261363636,1985.6917148373168,2205.698351433032,-397.4637756347656,179.34909057617188,-66.29978942871094,27.68181610107422,14.141916275024414,8.217164039611816,-22.51972770690918,-5.099234580993652,-21.525447845458984,0.0751028060913086,-0.7697915434837341,-12.078054428100586,-14.135095596313477,-3.109131097793579,-1.9642415046691895,-8.220641136169434,-12.195724487304688,-9.41098690032959,6.373147487640381,0.2466384917497635,1,0,0
187_Aaniraimekkani,10131975,10143000,0.032019976526498795,0.03329190340909091,1713.455427031061,2058.1682781171035,-361.0993347167969,184.23770141601562,-63.2252197265625,30.472593307495117,10.589251518249512,-13.677258491516113,-23.76563835144043,-9.271791458129883,-16.732521057128906,-11.068007469177246,-6.176705837249756,-12.213549613952637,-12.964703559875488,-8.21224308013916,-2.706655740737915,-2.280874490737915,-11.119598388671875,-9.521721839904785,6.43800163269043,-1.7689647674560547,1,0,0
187_Aaniraimekkani,10143000,10154025,0.025668984279036522,0.03564453125,1679.09670769954,2030.7997556638293,-381.3761901855469,179.87266540527344,-61.019962310791016,30.679414749145508,8.892134666442871,-13.53641128540039,-21.417787551879883,-6.555606365203857,-19.794204711914062,-16.009904861450195,-9.779873847961426,-8.032054901123047,-10.662527084350586,-10.514509201049805,-3.390740156173706,-1.5654915571212769,-10.305158615112305,-8.430771827697754,8.641988754272461,0.5160050988197327,1,0,0
187_Aaniraimekkani,10154025,10165050,0.034947801381349564,0.019997336647727272,1573.3895910886267,2098.5706323536574,-374.7603454589844,176.84568786621094,-53.298789978027344,38.939273834228516,23.843050003051758,-10.982550621032715,-20.440235137939453,-12.303995132446289,-18.895545959472656,-18.90123176574707,-3.9806406497955322,-7.669528007507324,-11.315937042236328,-10.380517959594727,-10.429271697998047,-12.3463716506958,-11.252671241760254,-3.196666955947876,4.382250785827637,-6.283793926239014,1,0,1
187_Aaniraimekkani,10165050,10176075,0.043018534779548645,0.01848810369318182,1401.2792417903074,2005.9211601453926,-370.5841064453125,181.21849060058594,-47.297672271728516,39.2170295715332,19.66718292236328,-15.556600570678711,-22.50408172607422,-15.700089454650879,-21.21504783630371,-15.174240112304688,-5.564635753631592,-11.345355987548828,-14.568557739257812,-14.24324893951416,-6.280723571777344,-9.644792556762695,-11.883902549743652,-5.6715922355651855,0.7839456796646118,-3.246225118637085,1,0,1
187_Aaniraimekkani,10176075,10187100,0.0492514967918396,0.015403053977272728,1415.6600760777276,2053.0891680779537,-364.46826171875,172.693115234375,-38.866947174072266,33.90970230102539,23.898998260498047,-10.59463119506836,-25.692121505737305,-14.566553115844727,-12.70745849609375,-17.545331954956055,-7.567994594573975,-8.857316970825195,-21.056690216064453,-21.99005126953125,-4.959109783172607,-6.110753059387207,-10.566944122314453,1.6961621046066284,2.482623815536499,-9.41271686553955,1,0,1
187_Aaniraimekkani,10187100,10198125,0.0484640933573246,0.014825994318181818,1521.1042558072093,2081.7022014311633,-359.0873718261719,174.16769409179688,-44.23954772949219,30.00664710998535,27.343713760375977,-11.517358779907227,-25.252685546875,-8.08528995513916,-11.070013999938965,-21.492765426635742,-9.57137393951416,-12.171599388122559,-20.442522048950195,-17.816978454589844,-2.9203741550445557,-12.203269004821777,-12.773079872131348,8.401480674743652,-0.2126927524805069,-9.212567329406738,1,0,1
187_Aaniraimekkani,10198125,10209150,0.10348483920097351,0.032026811079545456,2046.5050858789682,2475.6811333233914,-263.0810852050781,143.59814453125,-57.77316665649414,34.948551177978516,13.647459983825684,8.227041244506836,-32.78061294555664,-15.109993934631348,-17.329166412353516,-23.727434158325195,-5.224201679229736,-13.824289321899414,-19.527057647705078,-3.2348668575286865,-4.1561360359191895,-3.536940574645996,-2.2626073360443115,-9.209827423095703,3.687788486480713,-10.466700553894043,1,1,1
187_Aaniraimekkani,10209150,10220175,0.12827374041080475,0.06101296164772727,2353.82760980679,2514.310515260935,-220.3823699951172,135.4375,-88.13064575195312,37.13650131225586,-1.7111622095108032,12.989346504211426,-36.21849060058594,-18.366722106933594,-19.76927375793457,-19.536100387573242,-3.3966410160064697,-17.00018882751465,-19.273279190063477,-0.31237438321113586,-4.829118728637695,5.506856918334961,-2.042917013168335,-10.438673973083496,7.560887336730957,-7.188049793243408,1,1,1
187_Aaniraimekkani,10220175,10231200,0.10359974205493927,0.05264559659090909,2565.5577909969443,2579.3859796637826,-222.36395263671875,136.40370178222656,-93.40959167480469,36.7485237121582,-2.372929573059082,10.55406379699707,-38.53608703613281,-22.69068145751953,-17.5111083984375,-19.575693130493164,-1.1503181457519531,-14.87960433959961,-20.406694412231445,-1.081067681312561,-5.655463695526123,2.9615252017974854,-0.8986139893531799,-11.14358139038086,2.5794363021850586,-8.527647972106934,1,1,1
187_Aaniraimekkani,10231200,10242225,0.08035266399383545,0.033979936079545456,1862.2925832255546,2335.9886660511106,-277.15203857421875,155.85130310058594,-63.174869537353516,38.494937896728516,13.7524995803833,-4.413254261016846,-35.57443618774414,-12.064462661743164,-34.58820724487305,-19.44776153564453,-4.920403003692627,-25.274003982543945,-23.00371742248535,-14.680296897888184,-7.263704299926758,-12.492560386657715,-4.587950229644775,-10.395964622497559,-4.212855815887451,-5.786774158477783,1,1,1
187_Aaniraimekkani,10242225,10253250,0.07594373822212219,0.050359552556818184,2189.173146066359,2383.8227149801223,-274.1741027832031,140.11289978027344,-84.79462432861328,40.94382095336914,2.836311101913452,6.575482368469238,-25.00279426574707,-12.102304458618164,-31.64935302734375,-20.086423873901367,-5.246160984039307,-13.64087200164795,-15.22201919555664,-13.858920097351074,-8.793641090393066,-4.778779983520508,4.203380107879639,-15.197759628295898,-14.328476905822754,-22.33738899230957,1,1,1
187_Aaniraimekkani,10253250,10264275,0.06956341862678528,0.04885031960227273,2252.4999629176136,2426.832062731625,-286.40179443359375,134.79135131835938,-81.38307189941406,47.3194580078125,13.163186073303223,3.230677843093872,-29.832643508911133,-12.702866554260254,-14.56192684173584,-22.71434211730957,-14.799588203430176,-13.542204856872559,-19.29118537902832,-15.644002914428711,-0.19374357163906097,-3.2977194786071777,-4.130795478820801,-7.879723072052002,-7.912614345550537,-13.738385200500488,1,1,1
187_Aaniraimekkani,10264275,10275300,0.06533311307430267,0.036088423295454544,1782.688461264428,2209.897406595876,-313.011474609375,153.8302764892578,-62.958030700683594,42.117706298828125,23.4813289642334,-2.605201482772827,-41.73838806152344,-13.110627174377441,-24.127233505249023,-17.04491424560547,-6.626774311065674,-21.289600372314453,-16.860820770263672,-13.536474227905273,-10.9303617477417,-17.065610885620117,-7.338011264801025,-9.529397010803223,-7.497876167297363,-8.861607551574707,1,1,1
187_Aaniraimekkani,10275300,10286325,0.07961980998516083,0.026988636363636364,1806.1761928652872,2490.3633858147728,-298.1285705566406,144.31729125976562,-50.580814361572266,55.48347091674805,20.368736267089844,2.0923092365264893,-49.892723083496094,-15.647027015686035,-36.28526306152344,-14.365477561950684,-4.537118434906006,-13.6455717086792,-8.856365203857422,-25.188276290893555,-22.266189575195312,-28.17194175720215,-7.946376323699951,-12.66402530670166,0.7829720973968506,2.3235116004943848,1,1,1
187_Aaniraimekkani,10286325,10297350,0.07750130444765091,0.03579989346590909,1754.2434499691794,2219.32331648996,-282.3875427246094,167.81185913085938,-62.891517639160156,39.16777038574219,-6.448623180389404,-6.037202835083008,-34.91489028930664,-9.818465232849121,-32.877193450927734,-21.02678680419922,-1.4629451036453247,-5.402896404266357,-13.896688461303711,-20.8136043548584,-13.29483413696289,-23.33173179626465,-13.819531440734863,-16.73318099975586,-1.4436827898025513,-0.681434154510498,1,1,1
187_Aaniraimekkani,10297350,10308375,0.07358693331480026,0.031915838068181816,2162.143122484131,2794.5449398729224,-291.1521301269531,138.1578369140625,-52.33659362792969,32.2124137878418,-0.9433611035346985,-0.5222241878509521,-45.765750885009766,-13.091836929321289,-27.62260627746582,-16.700721740722656,-6.21243143081665,-28.142242431640625,-12.931918144226074,-17.822694778442383,-12.568224906921387,-7.599284648895264,-13.82223892211914,-10.329168319702148,10.606463432312012,5.872359752655029,1,1,1
187_Aaniraimekkani,10308375,10319400,0.07616738229990005,0.04287997159090909,1861.4819114419793,2324.117061801213,-277.8744201660156,163.90794372558594,-69.5406723022461,20.110939025878906,-18.79950523376465,-4.4471893310546875,-41.085391998291016,-11.767511367797852,-27.488067626953125,-21.9528751373291,3.0420045852661133,-16.91278839111328,-17.767303466796875,-17.17627716064453,-8.533876419067383,-11.326148986816406,-9.534636497497559,-11.168254852294922,-7.550068378448486,2.979055643081665,1,1,1
187_Aaniraimekkani,10319400,10330425,0.11941967159509659,0.05007102272727273,1858.2013327766501,2117.7474646026126,-246.84701538085938,160.91943359375,-67.85576629638672,20.252836227416992,-13.63525104522705,-10.732293128967285,-37.65904235839844,-7.339017868041992,-18.354389190673828,-24.0054874420166,-2.5079450607299805,-7.727396011352539,-17.91688346862793,-11.724618911743164,-4.857846736907959,-17.37717056274414,-1.5763545036315918,-14.86881160736084,-19.284231185913086,-4.4729084968566895,1,1,1
187_Aaniraimekkani,10330425,10341450,0.13911262154579163,0.056818181818181816,2077.664052297908,2089.927455481632,-239.85301208496094,151.33274841308594,-85.17770385742188,8.549755096435547,-23.322965621948242,-19.367616653442383,-32.48463821411133,-4.211372375488281,-10.011493682861328,-25.563142776489258,-3.8191778659820557,-9.070418357849121,-14.139763832092285,-1.7948215007781982,-7.829367160797119,-12.440277099609375,9.169048309326172,-8.843743324279785,-20.899681091308594,-1.0235768556594849,0,1,1
187_Aaniraimekkani,10341450,10352475,0.14376549422740936,0.053666548295454544,2092.7375333390864,2059.0390357435053,-244.30966186523438,143.8255157470703,-91.24055480957031,12.99759292602539,-21.761411666870117,-15.110611915588379,-31.003387451171875,2.0387582778930664,-8.209816932678223,-26.775785446166992,-1.1178193092346191,-4.308681964874268,-9.464674949645996,2.2807159423828125,-4.460887432098389,-13.923144340515137,3.4267120361328125,-1.6588183641433716,-14.230276107788086,3.648394823074341,1,1,1
187_Aaniraimekkani,10352475,10363500,0.14899466931819916,0.05235706676136364,2083.842890575193,2040.5411888331846,-241.96737670898438,138.2255859375,-94.66049194335938,20.27022361755371,-21.86745262145996,-18.623567581176758,-28.144350051879883,1.8900269269943237,-8.528067588806152,-25.250764846801758,-0.14690051972866058,-3.0955381393432617,-9.7352294921875,-1.6768207550048828,-3.6152608394622803,-10.95565414428711,2.8926103115081787,-2.916842460632324,-13.387442588806152,7.782278060913086,1,1,1
187_Aaniraimekkani,10363500,10374525,0.14635087549686432,0.05837180397727273,2188.3306161641685,2078.5696129631497,-237.44638061523438,132.72613525390625,-103.2407455444336,19.57676124572754,-23.63298988342285,-13.824081420898438,-24.5157527923584,3.184507131576538,-5.361379623413086,-20.712841033935547,4.958972454071045,-5.660390853881836,-11.10593032836914,-5.17341947555542,-9.605813026428223,-9.703108787536621,2.543994426727295,-7.669505596160889,-12.847094535827637,4.990931034088135,1,1,1
187_Aaniraimekkani,10374525,10385550,0.15192121267318726,0.05897105823863636,2159.585031733578,2047.7556387058396,-230.33782958984375,135.5936279296875,-106.87456512451172,19.19439125061035,-26.754474639892578,-14.326981544494629,-25.622827529907227,0.4659804105758667,-7.975927352905273,-23.02474021911621,1.3253918886184692,-9.339681625366211,-12.103440284729004,-4.656243324279785,-7.593999862670898,-8.702845573425293,6.162850856781006,-3.587529182434082,-11.967840194702148,2.902728319168091,1,1,1
187_Aaniraimekkani,10385550,10396575,0.14932791888713837,0.06068004261363636,2213.5879526023423,2055.125504522014,-222.40057373046875,133.24375915527344,-120.3746337890625,9.487354278564453,-35.95220947265625,-11.54675006866455,-20.3038387298584,2.148610830307007,-7.9517364501953125,-20.47130012512207,1.9469780921936035,-13.47192668914795,-12.509586334228516,-4.453010082244873,-7.92445182800293,-8.087021827697754,0.7413683533668518,-6.191869735717773,-14.667926788330078,6.260672092437744,1,1,1
187_Aaniraimekkani,10396575,10407600,0.13771279156208038,0.065185546875,2319.0859639389846,2019.8410052939728,-228.35028076171875,136.25906372070312,-122.62759399414062,15.56143569946289,-34.25576400756836,-13.657201766967773,-22.12122344970703,-0.19638663530349731,-7.140273571014404,-21.707468032836914,4.4135823249816895,-8.871715545654297,-9.985478401184082,-10.776930809020996,-5.402876377105713,-4.078377723693848,-3.5754990577697754,-2.031857490539551,-18.613452911376953,-8.070911407470703,1,1,1
187_Aaniraimekkani,10407600,10418625,0.10438833385705948,0.07472922585227272,2336.3084554444617,2018.7187148887213,-228.42527770996094,150.2589874267578,-113.8692855834961,11.33199405670166,-33.58934020996094,-12.245196342468262,-26.589632034301758,-1.251482367515564,-5.021141052246094,-20.471900939941406,0.7750965356826782,-9.018502235412598,-17.88288116455078,-13.233562469482422,-8.882349967956543,-9.446853637695312,0.029668785631656647,0.6113954186439514,-6.6197733879089355,4.386819839477539,1,1,1
187_Aaniraimekkani,10418625,10429650,0.08787426352500916,0.07244318181818182,2403.3314105392806,2230.011771035518,-246.9353485107422,140.26820373535156,-102.24345397949219,19.548095703125,-26.406953811645508,-9.538445472717285,-25.429901123046875,4.511343002319336,-8.14246940612793,-14.904521942138672,3.9567177295684814,-9.697678565979004,-20.483774185180664,-13.72467041015625,-10.134042739868164,-16.320667266845703,-9.408490180969238,-7.210587978363037,-1.5457829236984253,14.142223358154297,1,1,1
187_Aaniraimekkani,10429650,10440675,0.06301656365394592,0.05419921875,2151.1852204677116,2334.6506201255015,-272.9969482421875,149.69281005859375,-75.51545715332031,17.17015838623047,-1.4748820066452026,-5.227832794189453,-32.14228439331055,-12.340530395507812,-16.599973678588867,-7.427900314331055,1.657857894897461,-9.258024215698242,-16.60188102722168,-10.370047569274902,-2.640878915786743,-7.910991191864014,-10.682629585266113,-15.809311866760254,-9.502527236938477,-4.9309773445129395,1,1,1
187_Aaniraimekkani,10440675,10451700,0.06283337622880936,0.06316583806818182,2249.3005339302113,2129.0024795592412,-259.8149108886719,168.28289794921875,-98.2037124633789,25.344392776489258,1.7747769355773926,0.2482839971780777,-54.860774993896484,-17.020933151245117,-25.65192222595215,-12.06100845336914,2.20234751701355,-11.765722274780273,-14.646857261657715,-5.368542194366455,-7.508152484893799,-5.720451831817627,-9.106898307800293,-12.572915077209473,1.1018023490905762,-1.3917241096496582,1,1,1
187_Aaniraimekkani,10451700,10462725,0.05996991693973541,0.06247780539772727,2224.0404581628513,2089.3407598433723,-264.2427062988281,170.35240173339844,-100.63906860351562,30.568634033203125,-1.5040837526321411,-0.5617378354072571,-52.353126525878906,-13.313864707946777,-26.512287139892578,-11.810248374938965,4.6455183029174805,-12.22379207611084,-15.386208534240723,-8.458022117614746,-1.3720660209655762,-4.542626857757568,-9.01460075378418,-14.600208282470703,1.587246298789978,-0.9694337844848633,1,1,1
187_Aaniraimekkani,10462725,10473750,0.03115846961736679,0.06585138494318182,2166.124989342268,2102.644039883942,-319.49139404296875,175.78529357910156,-84.65681457519531,29.47344207763672,1.5070072412490845,-3.1989197731018066,-26.628807067871094,-4.88793420791626,-22.032438278198242,-15.880902290344238,-4.209300518035889,-14.52255630493164,-16.153974533081055,-10.9590425491333,-6.743061542510986,-3.142249345779419,-3.655043125152588,-8.15600872039795,1.372776985168457,-8.013349533081055,1,1,1
187_Aaniraimekkani,10473750,10484775,0.026386337354779243,0.06607333096590909,2140.7978718960703,2092.5694502388565,-345.9509582519531,176.7213134765625,-84.44490051269531,29.75121307373047,0.29310205578804016,-16.841930389404297,-27.327577590942383,-5.579477787017822,-21.890600204467773,-13.110625267028809,-10.761956214904785,-16.465829849243164,-10.35834789276123,-6.005913257598877,-10.735868453979492,-8.377047538757324,-1.8330433368682861,-3.7778494358062744,16.29399871826172,12.93509578704834,1,0,0
187_Aaniraimekkani,10484775,10495800,0.020902514457702637,0.06847034801136363,2151.8904536000696,2111.451542346192,-364.0576171875,177.640380859375,-83.66300201416016,27.904401779174805,3.600651741027832,-9.504372596740723,-27.446941375732422,-3.706077814102173,-21.255334854125977,-12.333852767944336,-16.12653350830078,-13.256176948547363,-11.78585433959961,-4.468018054962158,-0.8579793572425842,-5.81912088394165,-3.2145884037017822,-2.040391206741333,7.240743637084961,0.8061037063598633,1,0,0
187_Aaniraimekkani,10495800,10506825,0.05511650815606117,0.03719815340909091,1739.0830351875761,2044.7985808149758,-318.6940612792969,170.27711486816406,-67.69476318359375,23.102344512939453,8.03088092803955,-17.398075103759766,-22.545019149780273,-9.685256004333496,-18.752025604248047,-21.539274215698242,-16.71124839782715,-15.522750854492188,-15.18691635131836,-11.848766326904297,-2.833899974822998,-9.739126205444336,-9.032485008239746,-4.141729354858398,7.705137729644775,2.038752555847168,1,0,1
187_Aaniraimekkani,10506825,10517850,0.04362897947430611,0.04576526988636364,1827.343611851205,2120.5478413542883,-331.46978759765625,171.9141387939453,-72.08585357666016,25.107934951782227,-1.8324332237243652,-9.12240219116211,-24.06407928466797,0.4853214919567108,-20.434877395629883,-24.87580108642578,-15.607610702514648,-11.209722518920898,-14.605223655700684,-20.969282150268555,-3.9624407291412354,5.540481090545654,-2.5475010871887207,-9.687994956970215,8.359911918640137,6.631285190582275,1,0,1
187_Aaniraimekkani,10517850,10528875,0.10743781924247742,0.048406427556818184,2112.8935055548377,2441.885016572118,-239.67518615722656,151.18682861328125,-62.62895584106445,21.186676025390625,0.648064374923706,-2.133439064025879,-38.96076583862305,-17.733768463134766,-10.547313690185547,-19.061662673950195,-5.2109832763671875,-14.481115341186523,-20.236791610717773,-17.842496871948242,-10.142522811889648,7.904439926147461,-2.862118721008301,-13.32804012298584,5.917266845703125,-6.007519721984863,1,1,1
187_Aaniraimekkani,10528875,10539900,0.1434655338525772,0.051225142045454544,2249.807112712648,2332.815449734309,-184.04595947265625,159.37136840820312,-91.98059844970703,33.27199172973633,-18.03927993774414,4.098779678344727,-57.98556137084961,-29.9096736907959,-9.8844575881958,-15.864304542541504,8.299843788146973,-14.762377738952637,-23.428159713745117,-10.870259284973145,-13.600190162658691,1.6002821922302246,-10.967544555664062,-16.86058235168457,-0.8405928015708923,-9.51485824584961,1,1,1
187_Aaniraimekkani,10539900,10550925,0.09113465994596481,0.05359996448863636,2183.922599073144,2157.7161100431754,-214.41445922851562,169.50758361816406,-98.53271484375,15.96777629852295,-10.105693817138672,6.763953685760498,-56.9837646484375,-18.80169677734375,-16.768815994262695,-10.207000732421875,-1.065565824508667,-6.252640247344971,-14.320281028747559,-12.046502113342285,-8.940631866455078,-9.718401908874512,-9.433093070983887,-20.698259353637695,-2.161440849304199,-14.47909164428711,1,1,1
187_Aaniraimekkani,10550925,10561950,0.11208240687847137,0.05721768465909091,2330.7378178711483,2118.6464743758947,-187.1858367919922,167.00050354003906,-105.50690460205078,23.048799514770508,-16.70245933532715,3.147772789001465,-50.100807189941406,-26.092182159423828,-13.0513916015625,-12.774576187133789,-1.7825485467910767,-1.918999433517456,-14.970447540283203,-13.917244911193848,-10.197295188903809,-7.429771900177002,-11.745774269104004,-15.404541015625,-4.364499568939209,-16.73359489440918,1,1,1
187_Aaniraimekkani,10561950,10572975,0.12233171612024307,0.07000177556818182,2504.2066676644995,2257.5432301798514,-189.4149932861328,144.14939880371094,-107.81689453125,12.863141059875488,-20.15334129333496,-2.5760772228240967,-45.85951232910156,-18.200111389160156,-11.772124290466309,-11.309133529663086,-3.698824405670166,-5.905605792999268,-14.573125839233398,-11.764758110046387,-4.880329608917236,-8.334395408630371,-7.934739589691162,-11.383484840393066,-7.564814567565918,-15.899584770202637,1,1,1
187_Aaniraimekkani,10572975,10584000,0.07352035492658615,0.032781427556818184,1903.7610606232372,2443.221533748279,-280.9977111816406,155.41282653808594,-66.99054718017578,19.266124725341797,-11.685510635375977,-7.388779163360596,-41.93812561035156,-13.928836822509766,-23.11626434326172,-20.943645477294922,-1.626183032989502,-15.795998573303223,-12.908587455749512,-15.244046211242676,-10.572277069091797,-9.591246604919434,-9.460586547851562,-11.856675148010254,-4.243462085723877,2.5020291805267334,0,1,1
187_Aaniraimekkani,10584000,10595025,0.09246868640184402,0.024769176136363636,1800.7462437330446,2496.291115935087,-300.7836608886719,145.33987426757812,-54.3403434753418,23.067476272583008,3.657285213470459,-4.85092306137085,-41.37736511230469,-11.718733787536621,-25.031383514404297,-23.7766170501709,-1.499832034111023,-16.43925666809082,-9.035958290100098,-17.676918029785156,-11.950082778930664,-3.051467180252075,-6.348408222198486,-8.692792892456055,1.0314030647277832,11.320113182067871,0,1,1
187_Aaniraimekkani,10595025,10606050,0.0824083611369133,0.03504527698863636,1939.9009903127399,2435.073203213546,-304.0806884765625,141.80738830566406,-67.313232421875,20.596158981323242,1.5459632873535156,-7.206896781921387,-38.99991226196289,-14.9954833984375,-28.201904296875,-17.852535247802734,0.356832891702652,-23.571086883544922,-9.983447074890137,-14.117938995361328,-6.481056213378906,-1.9016095399856567,-10.00143814086914,-12.896924018859863,-5.124866008758545,15.341571807861328,0,1,1
187_Aaniraimekkani,10606050,10617075,0.07568849623203278,0.031915838068181816,2044.6916047341836,2413.1488889664215,-293.11956787109375,140.01895141601562,-67.66691589355469,30.683055877685547,15.70151424407959,-10.41992473602295,-37.949527740478516,-13.935439109802246,-27.698015213012695,-22.421369552612305,-13.108376502990723,-24.82093048095703,-5.546310901641846,-8.723429679870605,-8.587568283081055,-8.313251495361328,-7.226420879364014,-12.167184829711914,-6.516780376434326,0.9958770275115967,1,1,1
187_Aaniraimekkani,10617075,10628100,0.06172841787338257,0.04860617897727273,2222.0063038394287,2280.9914494502805,-284.79351806640625,147.11500549316406,-80.42633819580078,39.751224517822266,15.3151216506958,0.005056836176663637,-38.454559326171875,-20.34640121459961,-20.61583709716797,-21.487424850463867,-20.48145294189453,-15.514230728149414,-14.94207763671875,-9.219162940979004,0.7571387887001038,-9.248713493347168,-10.109302520751953,-16.039125442504883,-7.222886562347412,-12.22867488861084,0,1,1
187_Aaniraimekkani,10628100,10639125,0.07866991311311722,0.043279474431818184,2320.030990853386,2335.5768636331118,-267.3518981933594,134.47494506835938,-90.38934326171875,38.75386047363281,1.0405653715133667,3.4448435306549072,-40.163944244384766,-17.784761428833008,-12.603958129882812,-18.731409072875977,-11.108979225158691,-23.54252815246582,-6.428815841674805,-4.555927276611328,-5.3477373123168945,-11.0792875289917,-12.297436714172363,-12.079599380493164,-11.991103172302246,-6.812557697296143,1,1,1
187_Aaniraimekkani,10639125,10650150,0.11252152174711227,0.07053444602272728,2183.3833399670543,2133.3774075469573,-258.5866394042969,131.93409729003906,-95.02401733398438,15.682519912719727,-16.777910232543945,-2.763176202774048,-45.10260009765625,-10.177390098571777,-19.801984786987305,-19.35059356689453,-4.481053829193115,-12.783394813537598,-14.872485160827637,-5.154183387756348,-3.2702324390411377,-9.25107479095459,-2.3951621055603027,-18.241323471069336,-5.33186674118042,0.7609414458274841,1,1,1
187_Aaniraimekkani,10650150,10661175,0.09336555004119873,0.056107954545454544,2315.938812571035,2207.2155569214387,-228.04725646972656,143.66380310058594,-113.0523910522461,6.814508438110352,-40.32346725463867,-18.987897872924805,-30.977073669433594,-10.256407737731934,-6.842668056488037,-9.027437210083008,-5.803238391876221,-18.049293518066406,-18.0618953704834,-18.820556640625,-11.125736236572266,0.9696570038795471,4.662716388702393,10.500524520874023,27.925132751464844,22.788841247558594,1,1,1
187_Aaniraimekkani,10661175,10672200,0.08753107488155365,0.05411044034090909,2154.8374570043993,2174.875285864698,-274.6514892578125,147.63816833496094,-101.10376739501953,10.512101173400879,-28.353168487548828,-14.738879203796387,-24.517736434936523,2.272218704223633,-9.82047176361084,-28.73443603515625,-6.852948188781738,-9.310471534729004,-19.211456298828125,-23.616838455200195,-15.47542953491211,-8.209870338439941,0.9473550319671631,16.921350479125977,27.52281951904297,28.346342086791992,1,1,1
187_Aaniraimekkani,10672200,10683225,0.06475383788347244,0.040727095170454544,2155.808381660017,2510.7977344018122,-299.2717590332031,136.6162567138672,-69.10883331298828,23.896665573120117,2.1282129287719727,-6.1106061935424805,-35.728492736816406,-3.148752450942993,-19.25865936279297,-17.159406661987305,-5.9823102951049805,-16.970104217529297,-4.27238130569458,-18.963388442993164,-9.89902400970459,-5.066458702087402,-4.3198041915893555,0.7690914273262024,15.312602996826172,19.491931915283203,0,1,1
187_Aaniraimekkani,10683225,10694250,0.06483057886362076,0.05433238636363636,2174.0980509220662,2282.932597655584,-308.2706298828125,136.75204467773438,-86.54827117919922,29.8544979095459,-1.2972121238708496,-9.499808311462402,-33.62491226196289,-4.544256210327148,-16.6101016998291,-16.233543395996094,2.655759811401367,-8.156744956970215,-8.292403221130371,-13.585018157958984,-13.193133354187012,-5.592993259429932,-2.308784008026123,-10.348560333251953,-2.20001220703125,6.138528823852539,1,1,1
187_Aaniraimekkani,10694250,10705275,0.13548430800437927,0.051313920454545456,1948.5325610405382,1861.244153502905,-264.4999084472656,145.51010131835938,-94.00265502929688,12.579769134521484,-16.42851448059082,-24.354827880859375,-34.35367965698242,-0.36158809065818787,-14.217550277709961,-22.170766830444336,-4.82118558883667,-5.8511881828308105,-10.247772216796875,-4.252429962158203,-11.796235084533691,-10.793375015258789,4.507725238800049,-15.558862686157227,-10.874080657958984,3.6318254470825195,1,1,1
187_Aaniraimekkani,10705275,10716300,0.1480521261692047,0.053422407670454544,2131.8460284571684,1972.8258395981154,-231.75926208496094,146.78111267089844,-104.43696594238281,13.357375144958496,-25.829490661621094,-27.973665237426758,-26.77326774597168,3.1682631969451904,-13.208948135375977,-22.111129760742188,-5.139513969421387,-4.317180633544922,-11.66190242767334,-5.8614182472229,-10.747788429260254,-12.874920845031738,-2.034926652908325,-7.5503997802734375,1.1959646940231323,6.533151626586914,1,1,1
187_Aaniraimekkani,10716300,10727325,0.1470472663640976,0.05712890625,2193.6378137794254,2046.9551443063237,-218.42245483398438,150.64337158203125,-107.1131820678711,14.297791481018066,-36.4528694152832,-26.034351348876953,-27.388715744018555,-2.383286714553833,-12.502252578735352,-23.642406463623047,-6.335627555847168,-7.5591044425964355,-18.422563552856445,-13.947649955749512,-5.513584613800049,-12.449991226196289,-0.6888883709907532,3.32763671875,-2.702885627746582,6.603628635406494,1,1,1
187_Aaniraimekkani,10727325,10738350,0.12996850907802582,0.07346413352272728,2271.877927529588,1908.6102743199997,-229.06314086914062,150.07965087890625,-115.91558074951172,14.905582427978516,-31.888551712036133,-21.965198516845703,-28.041505813598633,0.27218887209892273,-9.720932006835938,-23.53034210205078,-3.3476898670196533,-5.714178562164307,-18.095720291137695,-12.0814208984375,-6.124398708343506,-15.654236793518066,-1.6515522003173828,-5.827298164367676,-12.706161499023438,6.079920768737793,1,1,1
187_Aaniraimekkani,10738350,10749375,0.12143245339393616,0.05881569602272727,2278.149369126036,2040.669496829116,-212.5815887451172,152.28701782226562,-114.43130493164062,9.623767852783203,-34.48278045654297,-14.49728775024414,-25.54432487487793,-3.7955574989318848,-1.5099490880966187,-18.08030128479004,-6.441366672515869,-15.108145713806152,-16.767047882080078,-14.336893081665039,-2.8143460750579834,0.11006174236536026,-2.2393949031829834,-3.7209532260894775,-8.698212623596191,-9.498529434204102,1,1,1
187_Aaniraimekkani,10749375,10760400,0.10483725368976593,0.06716086647727272,2217.4180230621955,1944.8832637710364,-239.26797485351562,151.84674072265625,-106.24871063232422,7.1935715675354,-26.545934677124023,-18.962345123291016,-31.77910804748535,1.0772578716278076,-7.421629428863525,-12.208250999450684,-6.713160514831543,-9.060965538024902,-16.109262466430664,-15.279544830322266,-3.4929823875427246,-10.343609809875488,3.452227830886841,-1.6781115531921387,-8.098992347717285,5.824482440948486,1,1,1
187_Aaniraimekkani,10760400,10771425,0.08421879261732101,0.06252219460227272,2179.6607951722767,2049.4057557095607,-242.58180236816406,160.03724670410156,-102.48120880126953,0.6095823645591736,-19.905391693115234,-18.440574645996094,-33.26100540161133,1.4525542259216309,-14.32604694366455,-20.682506561279297,-2.3490755558013916,-8.977749824523926,-18.84117889404297,-11.908823013305664,-2.5440683364868164,-10.934004783630371,-2.0556087493896484,-2.9584760665893555,3.5314524173736572,16.290382385253906,1,1,1
187_Aaniraimekkani,10771425,10782450,0.05707986280322075,0.057439630681818184,2062.9248823874063,2057.386016258288,-278.1721496582031,170.99285888671875,-90.78766632080078,8.908367156982422,-15.378494262695312,-12.086172103881836,-30.966064453125,-4.37645959854126,-15.665787696838379,-10.832842826843262,1.8709968328475952,-5.950524806976318,-18.46044921875,-14.673068046569824,0.4002526104450226,-9.147307395935059,-3.5908963680267334,-3.698641300201416,4.3385772705078125,12.957497596740723,1,1,1
187_Aaniraimekkani,10782450,10793475,0.04534982144832611,0.058771306818181816,1938.4101483807979,1919.7120672582912,-306.25634765625,178.11248779296875,-85.54804229736328,19.683712005615234,5.587002277374268,-9.957630157470703,-38.91078567504883,-9.777878761291504,-23.92706298828125,-17.550989151000977,-10.870245933532715,-3.7984297275543213,-10.771599769592285,-13.710753440856934,-1.7124805450439453,-11.16434383392334,-10.55012321472168,-11.039389610290527,-3.2240211963653564,1.9446946382522583,1,1,1
187_Aaniraimekkani,10793475,10804500,0.038865603506565094,0.05641867897727273,2117.713559327901,1979.0379859909451,-305.65081787109375,178.99794006347656,-96.25518035888672,24.4217472076416,2.1441214084625244,-5.70853853225708,-44.90589904785156,-14.059584617614746,-19.31041145324707,-16.432252883911133,-12.959335327148438,-13.348671913146973,-10.510200500488281,-9.235276222229004,4.446102619171143,1.1656707525253296,-5.3475470542907715,-8.1073579788208,1.2020624876022339,0.7837466597557068,1,1,1
187_Aaniraimekkani,10804500,10815525,0.04466555267572403,0.06989080255681818,2162.1910428457604,1958.3160846992914,-292.8305358886719,171.33172607421875,-96.03176879882812,22.282520294189453,4.964569568634033,-12.051570892333984,-26.362836837768555,-3.9859063625335693,-15.273476600646973,-23.77705192565918,-7.892694473266602,-10.455686569213867,-21.114469528198242,-13.947991371154785,1.1031475067138672,-3.0860657691955566,-5.588560104370117,-4.614243984222412,2.6415281295776367,0.9000424742698669,1,1,1
187_Aaniraimekkani,10815525,10826550,0.03883340582251549,0.04709694602272727,1753.9955184981845,1946.66733251501,-347.2047119140625,177.40640258789062,-75.29291534423828,31.736560821533203,6.765478134155273,-9.12936019897461,-24.996686935424805,6.841097831726074,-16.14122772216797,-29.45941162109375,-16.139720916748047,-3.163738965988159,-18.586671829223633,-19.055423736572266,-5.7950944900512695,-6.226651191711426,4.707950592041016,1.8902240991592407,-0.6655394434928894,0.48380371928215027,1,0,1
187_Aaniraimekkani,10826550,10837575,0.03777649253606796,0.0361328125,2013.820189249332,2275.580554418452,-328.70947265625,164.15298461914062,-81.99667358398438,27.73229217529297,-21.40644645690918,-0.1328103393316269,-20.541296005249023,6.936049938201904,-13.884958267211914,-26.53618812561035,-7.564807415008545,-3.2364091873168945,-20.904319763183594,-20.810340881347656,-9.894928932189941,-1.3122220039367676,8.419493675231934,-6.247130870819092,-0.9418052434921265,-6.038319110870361,1,0,1
187_Aaniraimekkani,10837575,10848600,0.03415486589074135,0.026811079545454544,2013.6508173752964,2418.949983029954,-336.9764709472656,163.84515380859375,-74.04940795898438,28.395322799682617,-26.98982048034668,0.763763964176178,-16.76810646057129,0.753937304019928,-11.375138282775879,-23.81640625,-4.952869415283203,-3.1655499935150146,-16.600339889526367,-13.188619613647461,-7.632365703582764,-6.120226860046387,1.3885908126831055,-5.694448471069336,4.342724800109863,-5.678105354309082,1,0,0
187_Aaniraimekkani,10848600,10859625,0.03329689800739288,0.032537286931818184,1853.412498294186,2238.4313662350773,-342.7982177734375,174.4818115234375,-67.43648529052734,31.424720764160156,-17.666790008544922,-10.983918190002441,-18.877098083496094,2.182596206665039,-21.560380935668945,-22.963960647583008,-6.161129474639893,-1.6971584558486938,-15.564913749694824,-12.587882041931152,-1.0674227476119995,-9.314992904663086,-2.872321605682373,1.1056619882583618,6.754980087280273,-1.0448412895202637,1,0,0
187_Aaniraimekkani,10859625,10870650,0.07448998093605042,0.04201438210227273,2271.6297867913436,2573.740801436256,-267.5456848144531,144.05747985839844,-70.48865509033203,33.92313003540039,-2.9221482276916504,7.259761333465576,-33.51600646972656,-6.41317892074585,-25.91338348388672,-27.045495986938477,-2.434135675430298,-6.868446350097656,-20.792024612426758,-10.165261268615723,-5.107666015625,-14.265356063842773,-5.983170032501221,-9.039413452148438,1.7779046297073364,-13.89377212524414,1,1,1
187_Aaniraimekkani,10870650,10881675,0.1521153748035431,0.06507457386363637,2119.3790144175587,1984.834216033447,-200.36219787597656,150.507080078125,-105.21837615966797,7.817363262176514,-15.306199073791504,-2.634127378463745,-27.380353927612305,-10.609930038452148,-23.050487518310547,-31.204256057739258,-1.1432486772537231,-5.564625263214111,-5.831880569458008,-11.550418853759766,-12.5292387008667,-7.968544006347656,-7.204466342926025,-1.7735328674316406,-0.4729398787021637,-11.387134552001953,1,1,1
187_Aaniraimekkani,10881675,10892700,0.13366049528121948,0.077880859375,2531.615130484703,2175.0888268341546,-177.04861450195312,149.9830780029297,-124.39895629882812,14.882170677185059,-43.15341567993164,-1.5790270566940308,-28.496337890625,-1.9229273796081543,-14.931450843811035,-27.307079315185547,-0.8215194940567017,-0.8375392556190491,-8.955628395080566,-17.87729263305664,-11.051836967468262,-9.371707916259766,-1.4918055534362793,-5.969057083129883,-5.709598064422607,-14.424114227294922,1,1,1
187_Aaniraimekkani,10892700,10903725,0.12992504239082336,0.07379705255681818,2345.104448343902,2076.9076927972055,-198.33392333984375,159.14198303222656,-110.244384765625,12.641399383544922,-38.199378967285156,-12.337865829467773,-34.489261627197266,-5.8445940017700195,-18.904808044433594,-29.063793182373047,1.5306415557861328,-1.323376178741455,-19.58921241760254,-16.876598358154297,-9.424355506896973,-17.73954963684082,-6.52090311050415,-7.012688159942627,-10.413820266723633,-3.40291690826416,1,1,1
187_Aaniraimekkani,10903725,10914750,0.11088920384645462,0.07512872869318182,2276.661264452209,2070.277690673608,-237.78404235839844,152.2839813232422,-107.4517822265625,17.267845153808594,-29.859174728393555,7.672047138214111,-37.29545593261719,-5.206454277038574,-21.12713623046875,-37.573204040527344,-3.6096510887145996,-11.717877388000488,-24.515684127807617,-17.30261993408203,-4.684667110443115,-17.786191940307617,-3.0274465084075928,7.901011943817139,12.32669734954834,25.551502227783203,1,1,1
187_Aaniraimekkani,10914750,10925775,0.07405334711074829,0.04236949573863636,2215.7340891442914,2350.548891213028,-287.2109069824219,136.74221801757812,-85.58600616455078,18.899694442749023,-15.934152603149414,-0.43165624141693115,-33.96664810180664,-2.27856707572937,-20.948001861572266,-21.942258834838867,-7.190874099731445,-16.31317901611328,-18.315088272094727,-20.499530792236328,-7.151525497436523,-8.404854774475098,11.482366561889648,15.356378555297852,24.121381759643555,31.46392059326172,0,1,1
187_Aaniraimekkani,10925775,10936800,0.08709147572517395,0.058038884943181816,2403.4862791260703,2287.278030120479,-270.1183776855469,122.5644760131836,-103.97455596923828,25.764366149902344,-18.334611892700195,4.427752494812012,-31.53862762451172,-4.618496417999268,-15.888315200805664,-12.716655731201172,-4.83937406539917,-17.079132080078125,-21.093862533569336,-19.25612449645996,-12.110587120056152,-8.623802185058594,10.615984916687012,14.598784446716309,32.38041687011719,33.966976165771484,0,1,1
187_Aaniraimekkani,10936800,10947825,0.11448030173778534,0.083984375,2470.7720967357036,2055.1855531698097,-261.9848327636719,118.89019012451172,-117.37822723388672,27.023468017578125,-24.993518829345703,1.3725895881652832,-23.450481414794922,0.43807923793792725,-13.525552749633789,-15.767193794250488,-6.252007007598877,-15.106195449829102,-25.743345260620117,-17.018104553222656,-7.543577671051025,-8.128332138061523,11.960003852844238,22.46209144592285,32.6742057800293,36.14161682128906,1,1,1
187_Aaniraimekkani,10947825,10958850,0.11651138961315155,0.06092418323863636,2408.706171670932,2159.9500871924724,-263.5862121582031,108.63603973388672,-106.45516967773438,30.54694366455078,-15.764856338500977,1.9089564085006714,-25.903257369995117,-0.8615178465843201,-7.304400444030762,-19.421220779418945,-6.985424518585205,-24.95939826965332,-26.147584915161133,-19.937549591064453,-12.455161094665527,-7.775171279907227,11.307496070861816,20.894977569580078,33.293434143066406,40.14396286010742,1,1,1
187_Aaniraimekkani,10958850,10969875,0.10373718291521072,0.048051313920454544,2153.6668883187754,2227.004525654695,-266.2824401855469,115.94743347167969,-97.65339660644531,30.314699172973633,11.043277740478516,-8.977644920349121,-34.80734634399414,-2.0487220287323,-9.51577377319336,-6.975963115692139,-16.550416946411133,-31.93810272216797,-17.876113891601562,-19.76962661743164,-11.291831970214844,-11.523407936096191,2.1295883655548096,20.80706024169922,37.14301681518555,40.59894943237305,1,1,1
187_Aaniraimekkani,10969875,10980900,0.08692608773708344,0.04503284801136364,2494.857741764669,2572.474828507406,-280.9537658691406,102.40021514892578,-87.37030792236328,36.3164176940918,-3.6192550659179688,-7.701443672180176,-40.43879318237305,-7.235670566558838,-13.909042358398438,-6.9351277351379395,-20.324970245361328,-24.053815841674805,-10.45210075378418,-21.740373611450195,-3.4867026805877686,-5.833650588989258,10.691739082336426,19.75334358215332,35.063961029052734,38.456905364990234,1,1,1
187_Aaniraimekkani,10980900,10991925,0.08561796694993973,0.06938032670454546,2338.398632352599,2244.3129593978497,-288.4045715332031,121.77014923095703,-99.78508758544922,18.37624168395996,-7.707108974456787,-7.541065692901611,-28.66362190246582,-0.4305863678455353,-14.79636287689209,-12.320154190063477,-5.523589134216309,-15.117032051086426,-19.495399475097656,-19.311065673828125,-14.744451522827148,-12.8645658493042,12.716861724853516,16.18362808227539,31.821550369262695,40.18960189819336,1,1,1
187_Aaniraimekkani,10991925,11002950,0.08815719187259674,0.059037642045454544,2309.743828866772,2409.8723400473505,-277.4143371582031,118.16484832763672,-86.66980743408203,24.44378662109375,6.060112476348877,-13.094980239868164,-41.76470947265625,-5.745414733886719,-23.05360221862793,-13.341509819030762,-9.163031578063965,-21.061216354370117,-16.283985137939453,-19.56711769104004,-6.308967590332031,-16.689115524291992,5.4460625648498535,14.371310234069824,27.447263717651367,41.08613586425781,1,1,1
187_Aaniraimekkani,11002950,11013975,0.08113113045692444,0.069580078125,2381.884162855029,2256.8745919621815,-288.2674560546875,126.56245422363281,-97.22407531738281,26.21539878845215,-6.6675944328308105,-1.6605902910232544,-29.0108585357666,-1.111862063407898,-21.029911041259766,-17.400632858276367,-0.9610656499862671,-13.69022274017334,-19.361099243164062,-25.1560115814209,-14.102648735046387,-16.3823299407959,5.517459869384766,17.150432586669922,25.17237091064453,34.761962890625,1,1,1
187_Aaniraimekkani,11013975,11025000,0.11284256726503372,0.08575994318181818,2300.793142055556,1943.8290763693442,-273.7999267578125,132.49571228027344,-113.10018920898438,16.793930053710938,-23.868444442749023,2.8088881969451904,-18.182832717895508,4.962042331695557,-11.83689022064209,-31.09956169128418,3.330310583114624,-10.641356468200684,-19.801803588867188,-22.299007415771484,-18.72538948059082,-14.680868148803711,4.354206562042236,18.830232620239258,16.29258918762207,29.04051399230957,1,1,1
187_Aaniraimekkani,11025000,11036025,0.13119347393512726,0.08240855823863637,2300.901915545158,1862.9556977424227,-265.47113037109375,131.3431396484375,-116.60466003417969,16.16129493713379,-25.230852127075195,3.400078058242798,-17.381120681762695,2.39817476272583,-12.546875,-28.253517150878906,0.8007165789604187,-14.185667991638184,-20.41449737548828,-22.459535598754883,-13.299027442932129,-14.706793785095215,5.208700656890869,21.39033317565918,17.341224670410156,28.89384651184082,1,1,1
187_Aaniraimekkani,11036025,11047050,0.11473042517900467,0.06609552556818182,2272.847441075813,1975.5703336625638,-247.58291625976562,135.90892028808594,-115.96788787841797,12.791626930236816,-27.393884658813477,-6.810533046722412,-17.093666076660156,-6.493984699249268,-6.324272155761719,-15.758819580078125,-6.568264484405518,-19.434032440185547,-21.51500701904297,-21.360124588012695,-12.785892486572266,-8.405415534973145,7.0115251541137695,19.79535675048828,29.002655029296875,24.67357063293457,0,1,1
187_Aaniraimekkani,11047050,11058075,0.10710694640874863,0.082275390625,2375.1160744780527,1988.021640962913,-238.66107177734375,142.8863525390625,-116.36860656738281,14.128271102905273,-30.837549209594727,-8.705950736999512,-15.804978370666504,-2.5070276260375977,-4.573523998260498,-24.502485275268555,-0.45086154341697693,-11.397777557373047,-19.94904327392578,-19.683561325073242,-12.832322120666504,-7.211409091949463,7.093563556671143,17.22102928161621,18.08879280090332,31.2188777923584,0,1,1
187_Aaniraimekkani,11058075,11069100,0.10060736536979675,0.05411044034090909,2093.4538275567884,2107.480126869813,-256.1411437988281,151.50535583496094,-98.12344360351562,5.291439533233643,-31.020240783691406,-10.478950500488281,-33.695491790771484,5.007418155670166,-6.466980457305908,-19.961261749267578,-5.746702194213867,-8.348837852478027,-11.73703384399414,-22.509775161743164,-2.696941375732422,-14.552242279052734,-5.247347831726074,-0.0034326747991144657,-8.188572883605957,13.964956283569336,0,1,1
187_Aaniraimekkani,11069100,11080125,0.11111409217119217,0.053045099431818184,2168.497735350377,2085.9505247316138,-255.17333984375,139.94647216796875,-104.1111068725586,4.4243483543396,-30.09715461730957,-8.75911808013916,-27.29786491394043,4.893457412719727,-8.700188636779785,-24.049299240112305,-3.4836862087249756,-11.457537651062012,-9.59460735321045,-11.23813533782959,-13.384622573852539,-13.258859634399414,-1.3289681673049927,-8.888689041137695,-1.9806116819381714,16.314006805419922,0,1,1
187_Aaniraimekkani,11080125,11091150,0.0683448389172554,0.05699573863636364,2159.3190090479998,2234.4389455166556,-273.55950927734375,156.1669464111328,-94.70787811279297,5.854265213012695,-21.683944702148438,-9.890925407409668,-39.612754821777344,-6.108222961425781,-12.687880516052246,-12.038668632507324,-9.889262199401855,-16.394758224487305,-7.395005702972412,-17.547880172729492,-3.6187384128570557,-4.715720176696777,-3.752079963684082,-8.110172271728516,-5.3835039138793945,-0.4473206698894501,0,1,1
187_Aaniraimekkani,11091150,11102175,0.0693969875574112,0.06758256392045454,2040.6362671612144,1905.6191543374857,-270.5091552734375,175.88197326660156,-101.6079330444336,6.082765579223633,-15.964255332946777,-4.109951972961426,-37.583221435546875,-14.2007474899292,-21.841135025024414,-23.149864196777344,-4.5622944831848145,-4.350126266479492,-4.373888969421387,-24.80939292907715,-12.527926445007324,0.43692538142204285,0.6835885643959045,-5.204322338104248,-7.35603666305542,-8.040548324584961,0,1,1
187_Aaniraimekkani,11102175,11113200,0.1036321371793747,0.07264293323863637,2149.0546045146466,1890.0447723313048,-247.27239990234375,161.68817138671875,-109.03557586669922,17.82204246520996,-19.17188262939453,-3.104046106338501,-27.403474807739258,-13.106497764587402,-20.5159912109375,-30.069303512573242,-9.893169403076172,1.546922206878662,1.7174991369247437,-29.00261878967285,-23.244848251342773,-11.58199691772461,-0.7960131168365479,7.853639125823975,0.20144090056419373,-6.914999008178711,0,1,1
187_Aaniraimekkani,11113200,11124225,0.10179424285888672,0.07120028409090909,2286.0359439017107,1943.324353228061,-217.45164489746094,165.6243438720703,-120.68771362304688,1.08625066280365,-31.822877883911133,-8.131610870361328,-28.647979736328125,-7.274457931518555,-10.097481727600098,-29.92864227294922,1.8910349607467651,-1.1206939220428467,-5.927216053009033,-25.806684494018555,-18.197376251220703,-2.9354963302612305,-0.9399451613426208,4.605197429656982,-7.416074752807617,-14.997528076171875,0,1,1
187_Aaniraimekkani,11124225,11135250,0.10140445828437805,0.06503018465909091,2236.1156544445944,1979.7327744169875,-230.847900390625,161.77635192871094,-114.4295425415039,-0.282228946685791,-28.144197463989258,-11.307761192321777,-29.028779983520508,-0.04326417297124863,-11.56320571899414,-26.425609588623047,3.166024923324585,-3.566365957260132,-16.263202667236328,-19.698244094848633,-5.180940628051758,-4.06275749206543,-3.8999245166778564,-10.491214752197266,-18.889020919799805,-18.430849075317383,1,1,1
187_Aaniraimekkani,11135250,11146275,0.10952097922563553,0.08995472301136363,2347.441281305337,2118.428610804628,-231.95938110351562,153.43203735351562,-103.65652465820312,12.810235977172852,-27.165407180786133,1.292317509651184,-22.738483428955078,1.038662314414978,-15.191758155822754,-34.90713119506836,-4.215032577514648,-8.282980918884277,-27.504676818847656,-24.05042839050293,-10.292119979858398,-19.698514938354492,-3.8595871925354004,3.5245840549468994,3.3371732234954834,23.780546188354492,1,1,1
187_Aaniraimekkani,11146275,11157300,0.08529916405677795,0.07199928977272728,2131.1809342060706,2014.0318640385167,-245.51585388183594,170.1654510498047,-98.8827133178711,16.757047653198242,-19.847211837768555,-3.1546401977539062,-22.762956619262695,0.6022238731384277,-15.626409530639648,-32.583927154541016,-8.862594604492188,-11.21194839477539,-22.924165725708008,-19.861162185668945,-5.632928848266602,-19.77618980407715,-11.987503051757812,-11.43953800201416,-4.766269207000732,14.457411766052246,1,1,1
187_Aaniraimekkani,11157300,11168325,0.04745548963546753,0.03733132102272727,2009.443399968931,2375.270567849427,-317.7840881347656,156.36557006835938,-68.17084503173828,36.68914794921875,-7.60389518737793,-10.082250595092773,-29.414342880249023,-3.751129388809204,-23.169404983520508,-19.98210906982422,-8.455460548400879,-22.44310760498047,-23.08765983581543,-18.54276466369629,-4.395534992218018,-11.308822631835938,-3.6598877906799316,7.638172626495361,12.741860389709473,19.017858505249023,1,1,1
187_Aaniraimekkani,11168325,11179350,0.047972675412893295,0.051225142045454544,2372.7944955935945,2372.659483226633,-315.7126159667969,142.93576049804688,-84.15382385253906,40.04019546508789,-3.9162070751190186,-14.548062324523926,-38.622798919677734,-11.599154472351074,-24.549644470214844,-8.206903457641602,-1.7723933458328247,-19.069345474243164,-14.9519624710083,-16.185667037963867,-1.862575888633728,-12.9600191116333,-4.699572563171387,9.615876197814941,17.286317825317383,27.909015655517578,0,1,1
187_Aaniraimekkani,11179350,11190375,0.021419525146484375,0.07954545454545454,2401.6065022251337,2316.655613877132,-357.9714660644531,152.73358154296875,-77.09734344482422,30.619714736938477,-6.8407063484191895,-18.328861236572266,-26.293529510498047,-3.272300958633423,-16.566484451293945,-10.835864067077637,-8.067928314208984,-16.11724853515625,-9.75409984588623,-14.118590354919434,-4.798735618591309,-6.691917419433594,-10.106382369995117,1.1306723356246948,12.479843139648438,12.477326393127441,1,1,0
187_Aaniraimekkani,11190375,11201400,0.03454755246639252,0.08556019176136363,2314.5729247280688,2128.5736420288345,-346.5511779785156,152.7607879638672,-85.34777069091797,34.16419982910156,-7.98182487487793,-18.772645950317383,-33.039344787597656,-0.7012432217597961,-21.00118064880371,-11.561043739318848,-11.219110488891602,-11.428159713745117,-13.091876029968262,-8.727879524230957,-2.618913412094116,-12.93383502960205,-7.632318496704102,9.209120750427246,26.8779354095459,19.255495071411133,1,0,0
187_Aaniraimekkani,11201400,11212425,0.03192044422030449,0.06867009943181818,2060.5214148971118,2137.0641511839344,-351.1570129394531,166.23350524902344,-77.81076049804688,23.884523391723633,-10.21406364440918,-14.765456199645996,-31.47352409362793,-11.975757598876953,-27.292091369628906,-13.181282997131348,-3.6350693702697754,-8.127872467041016,-17.793996810913086,-12.568184852600098,-6.631595134735107,-8.58940315246582,3.5025877952575684,15.183920860290527,27.61326789855957,12.456597328186035,1,0,1
187_Aaniraimekkani,11212425,11223450,0.03877149522304535,0.07601651278409091,2282.1639481523293,2305.2488921873987,-332.5591125488281,150.0701904296875,-83.56013488769531,30.130748748779297,-15.503945350646973,-10.354193687438965,-28.97801399230957,-1.5818531513214111,-30.395349502563477,-8.809356689453125,-10.641993522644043,-10.839680671691895,-13.942172050476074,-16.424884796142578,-5.079599857330322,-6.378025531768799,3.5985727310180664,18.6134090423584,30.987302780151367,13.426980972290039,1,0,0
187_Aaniraimekkani,11223450,11234475,0.13802863657474518,0.05872691761363636,2473.5249962625703,2515.4321728508726,-222.42764282226562,122.0799789428711,-89.18152618408203,25.629426956176758,-19.261980056762695,-8.65692138671875,-46.07649230957031,-18.04157829284668,-20.23121452331543,-12.3803071975708,-6.238459587097168,-10.967576026916504,-11.738907814025879,-9.60201644897461,-11.930909156799316,-12.619214057922363,-5.200434684753418,-4.545455455780029,19.794225692749023,11.898957252502441,1,1,1
187_Aaniraimekkani,11234475,11245500,0.206220805644989,0.06336558948863637,2599.7052558676723,2372.6113232289676,-171.16586303710938,105.65290069580078,-121.8924331665039,21.897075653076172,-46.29033660888672,-12.54675579071045,-41.19562911987305,-18.559640884399414,-11.739913940429688,-15.7781400680542,-6.61544942855835,-10.403132438659668,-12.045867919921875,-13.542163848876953,-10.185132026672363,-12.9385347366333,-10.272583961486816,-4.569915771484375,8.758713722229004,10.752026557922363,1,1,1
187_Aaniraimekkani,11245500,11256525,0.16064542531967163,0.08582652698863637,2632.511107602072,2281.9847145006997,-192.86705017089844,113.86567687988281,-123.1209716796875,14.43438720703125,-34.057411193847656,-12.972886085510254,-32.43044662475586,-12.581600189208984,-10.539046287536621,-14.955099105834961,-2.9769155979156494,-6.92462158203125,-21.09105682373047,-13.619874000549316,-13.154678344726562,-21.08077049255371,-8.456396102905273,-1.5139217376708984,12.129314422607422,21.55719757080078,1,1,1
187_Aaniraimekkani,11256525,11267550,0.07330623269081116,0.03358043323863636,1992.3950517179778,2234.318967061707,-294.3102111816406,141.91603088378906,-83.60474395751953,14.560205459594727,-10.28925609588623,-14.761959075927734,-32.79273986816406,-13.498210906982422,-22.993532180786133,-9.701203346252441,-5.051272869110107,-21.795921325683594,-16.782981872558594,-18.286399841308594,0.8819175362586975,2.6464433670043945,7.6726226806640625,25.45612335205078,34.51909637451172,22.72487449645996,1,1,1
187_Aaniraimekkani,11267550,11278575,0.08723001182079315,0.03395774147727273,2052.9073321601,2403.26819444296,-291.58551025390625,130.41314697265625,-79.4984130859375,0.6006053686141968,-18.56163215637207,4.44531774520874,-44.450923919677734,-6.176709175109863,-17.400789260864258,-15.812140464782715,-4.301486492156982,-27.203771591186523,-19.813432693481445,-17.361186981201172,10.052474021911621,14.985626220703125,24.900712966918945,35.69189453125,28.290178298950195,16.772138595581055,1,1,1
187_Aaniraimekkani,11278575,11289600,0.08754107356071472,0.024813565340909092,2134.7927431004096,2582.066201782902,-300.4526672363281,121.24250030517578,-68.57980346679688,20.938430786132812,-3.945028781890869,-4.872303485870361,-39.41411209106445,-9.695289611816406,-16.859128952026367,-24.30804443359375,-10.685345649719238,-32.76979064941406,-16.74777603149414,-9.564061164855957,-2.386457681655884,10.930339813232422,24.964860916137695,29.912988662719727,19.857540130615234,17.281818389892578,0,1,1
187_Aaniraimekkani,11289600,11300625,0.0806676372885704,0.04501065340909091,2289.345077733294,2482.222624651775,-274.84051513671875,132.38885498046875,-84.07881164550781,32.044349670410156,-4.728068828582764,-13.442865371704102,-41.640132904052734,-9.264021873474121,-27.555816650390625,-22.291404724121094,-20.36695671081543,-21.02581024169922,-14.124556541442871,-18.43037223815918,-0.16710780560970306,-2.0752079486846924,15.177288055419922,18.75653076171875,25.679187774658203,19.83587074279785,1,1,1
187_Aaniraimekkani,11300625,11311650,0.07997102290391922,0.043279474431818184,2265.1212247283274,2568.5286355690178,-278.1720886230469,130.0521240234375,-76.28668212890625,29.743213653564453,-9.062474250793457,-4.664821147918701,-44.19471740722656,-17.12550163269043,-27.01544189453125,-12.568370819091797,-17.68151092529297,-20.92980194091797,-11.191629409790039,-21.540027618408203,-1.6584597826004028,-3.5956857204437256,10.850147247314453,21.79279899597168,32.23350524902344,25.0321044921875,1,1,1
187_Aaniraimekkani,11311650,11322675,0.06792362779378891,0.03626598011363636,2412.8285785735857,2537.735922671625,-288.3038635253906,130.03720092773438,-79.88359832763672,38.25642395019531,-21.263484954833984,-16.223167419433594,-32.046348571777344,-27.3663272857666,-15.056713104248047,-13.188879013061523,-18.42003631591797,-25.667009353637695,-14.083276748657227,-9.656108856201172,-1.449951171875,6.081605434417725,13.874542236328125,25.049053192138672,21.43302345275879,1.815292477607727,0,1,1
187_Aaniraimekkani,11322675,11333700,0.09608158469200134,0.02783203125,2143.112711048394,2422.886777704388,-283.0124816894531,128.0189666748047,-70.85832214355469,36.915531158447266,-6.534280300140381,-24.860654830932617,-36.01184844970703,-29.324438095092773,-19.909870147705078,-6.865332126617432,-23.887006759643555,-26.239164352416992,-9.114165306091309,-9.175704002380371,-0.08125040680170059,3.0413436889648438,19.670503616333008,24.777448654174805,23.126035690307617,10.918354034423828,0,1,1
187_Aaniraimekkani,11333700,11344725,0.07575904577970505,0.053466796875,2215.413532334939,2088.3959474933586,-273.1126708984375,147.90711975097656,-102.38440704345703,21.834932327270508,-21.29988670349121,-13.693068504333496,-35.591793060302734,-10.70626449584961,-12.619902610778809,-16.132225036621094,-3.681213140487671,-14.981167793273926,-20.9669246673584,-14.99483871459961,-5.8918046951293945,-10.318375587463379,-1.3552069664001465,6.57183837890625,18.75879669189453,29.650245666503906,0,1,1
187_Aaniraimekkani,11344725,11355750,0.05989670380949974,0.043390447443181816,2169.07219260666,2265.295437982214,-298.4324035644531,147.12535095214844,-85.9004898071289,24.274259567260742,-20.218416213989258,-16.730012893676758,-38.7485237121582,-8.13082504272461,-25.8247013092041,-9.454413414001465,-0.7494136691093445,-16.982763290405273,-22.9996337890625,-20.3293514251709,-0.16013561189174652,-5.271358013153076,14.832250595092773,10.752861976623535,21.803936004638672,30.2442626953125,0,1,1
187_Aaniraimekkani,11355750,11366775,0.0661766529083252,0.04727450284090909,2003.824267783387,2127.368468942841,-308.6303405761719,149.9272003173828,-84.51032257080078,17.2406063079834,-18.111351013183594,-12.440668106079102,-35.811702728271484,-8.225069046020508,-24.855390548706055,-10.414224624633789,-2.6690683364868164,-12.824379920959473,-22.193553924560547,-18.020078659057617,-4.6281304359436035,-10.33340835571289,16.86894989013672,8.735596656799316,24.017396926879883,33.371463775634766,0,1,1
187_Aaniraimekkani,11366775,11377800,0.0506083108484745,0.06278852982954546,2061.8974607100276,2067.144501880255,-308.7054138183594,160.90399169921875,-95.07872772216797,15.587891578674316,-21.065370559692383,-12.156591415405273,-31.57823944091797,-7.3636884689331055,-25.416542053222656,-7.632858753204346,-0.8450511693954468,-9.397356986999512,-14.544519424438477,-18.184513092041016,-7.089228630065918,-4.5512776374816895,1.1876437664031982,-11.85079574584961,2.783440589904785,20.076414108276367,0,1,1
187_Aaniraimekkani,11377800,11388825,0.04672938585281372,0.04909446022727273,2036.7614464103824,2153.036943423613,-321.2089538574219,152.3766326904297,-89.585693359375,19.25974464416504,-21.19503402709961,-15.255701065063477,-30.32421112060547,-8.052947998046875,-28.1905517578125,-10.816344261169434,-1.8197444677352905,-13.666897773742676,-15.392937660217285,-14.90335750579834,-5.199186325073242,-7.305599689483643,1.549885869026184,-7.943845748901367,8.83133316040039,31.87995719909668,0,1,1
187_Aaniraimekkani,11388825,11399850,0.042258575558662415,0.04649769176136364,2067.1926942930454,2313.695286873919,-336.7505798339844,145.7139129638672,-81.64212036132812,28.66638946533203,-7.372970104217529,-12.237371444702148,-33.760257720947266,-2.6076419353485107,-30.21864128112793,-16.415254592895508,1.0121302604675293,-11.083725929260254,-1.2338624000549316,-12.47375202178955,-13.912077903747559,-9.487850189208984,-2.599294662475586,-8.62531566619873,-4.005363464355469,20.81989097595215,0,1,1
187_Aaniraimekkani,11399850,11410875,0.029947662726044655,0.05881569602272727,2169.4424571415016,2299.8487007795698,-369.8624267578125,148.16168212890625,-77.93856048583984,20.977014541625977,3.8001291751861572,-8.161418914794922,-34.65467834472656,-11.140670776367188,-19.273805618286133,-16.66720962524414,-9.015730857849121,-10.52009391784668,-3.34511661529541,-9.188043594360352,-7.811424255371094,-2.6132500171661377,5.697600841522217,-5.351190090179443,-4.2028937339782715,10.579872131347656,0,1,1
187_Aaniraimekkani,11410875,11421900,0.011014110408723354,0.08895596590909091,2610.9367584099964,2382.2812650571595,-398.15167236328125,162.67987060546875,-99.06364440917969,33.019412994384766,-15.245944023132324,12.290081977844238,-39.25917053222656,6.013719081878662,-15.165656089782715,-6.113147258758545,-14.22116470336914,-6.7444868087768555,-13.026220321655273,-6.514252185821533,-0.8379446268081665,1.3920209407806396,4.6368536949157715,-1.7066315412521362,6.861807346343994,-2.3219804763793945,0,0,0
187_Aaniraimekkani,11421900,11432925,0.04562251642346382,0.06298828125,2337.399471048579,2490.3369204706296,-341.2701721191406,125.85529327392578,-65.0212631225586,15.420902252197266,11.238259315490723,-7.624178886413574,-27.1895809173584,-6.6149678230285645,-5.579221248626709,-13.276694297790527,-3.980142116546631,-12.055026054382324,-11.206124305725098,-14.819095611572266,-10.833026885986328,-7.229585647583008,-10.264272689819336,-5.784459114074707,3.5425209999084473,7.982129096984863,0,1,1
187_Aaniraimekkani,11432925,11443950,0.072699174284935,0.04527698863636364,2309.1906534657705,2669.590727523036,-281.0758056640625,132.89158630371094,-71.19654846191406,23.378637313842773,-5.693502902984619,4.227822303771973,-43.28927993774414,-13.736504554748535,-22.79440689086914,-15.403284072875977,-7.139079570770264,-18.809123992919922,-7.645664691925049,-18.90778350830078,-8.913402557373047,-8.411075592041016,-7.990095138549805,-9.029088020324707,6.244987964630127,9.60550594329834,1,1,1
187_Aaniraimekkani,11443950,11454975,0.13730411231517792,0.049072265625,1845.637023999753,1984.1133835211765,-254.7184600830078,148.63641357421875,-85.10572052001953,10.654541969299316,-27.436920166015625,-12.93575668334961,-31.36688232421875,-5.013777732849121,-9.072250366210938,-18.51767921447754,-2.619013547897339,-8.348790168762207,-12.156121253967285,-19.960050582885742,-13.061480522155762,-12.1090087890625,-6.020135879516602,-11.3289213180542,-12.485526084899902,2.8278300762176514,1,1,1
187_Aaniraimekkani,11454975,11466000,0.15550659596920013,0.055730646306818184,2021.3688174657595,1905.246585121261,-240.1552734375,148.30996704101562,-104.48169708251953,11.359025001525879,-29.662925720214844,-22.228797912597656,-21.334165573120117,-2.3718161582946777,-9.815120697021484,-17.28160285949707,-7.3694305419921875,-6.663702011108398,-11.163433074951172,-21.235523223876953,-9.736720085144043,-13.421899795532227,0.2557293772697449,-6.0989885330200195,-19.518510818481445,1.5031037330627441,1,1,1
187_Aaniraimekkani,11466000,11477025,0.16286657750606537,0.05726207386363636,2090.6574416412655,1855.572958969979,-232.82032775878906,146.3165283203125,-111.38359069824219,9.161726951599121,-27.812225341796875,-18.9384822845459,-18.017723083496094,-3.525385856628418,-8.381343841552734,-21.038358688354492,-7.544706344604492,-4.4584736824035645,-14.11780071258545,-13.177425384521484,-5.925609111785889,-11.418505668640137,-2.907533884048462,-11.426050186157227,-14.31821346282959,-1.221625566482544,1,1,1
187_Aaniraimekkani,11477025,11488050,0.1286209672689438,0.06356534090909091,2144.1952469025096,1855.0945181994255,-223.13714599609375,157.90261840820312,-121.4351806640625,-5.673743724822998,-26.12835121154785,-15.754805564880371,-24.22998809814453,-0.03061014972627163,-7.3003315925598145,-23.86522102355957,-3.836116075515747,-8.40500545501709,-15.965470314025879,-12.876739501953125,-8.272416114807129,-11.116623878479004,-4.92768669128418,-7.131258964538574,-11.727694511413574,-4.0917134284973145,1,1,1
187_Aaniraimekkani,11488050,11499075,0.13251692056655884,0.061767578125,2278.7943678267807,2024.7162518975201,-208.69293212890625,146.01864624023438,-117.98267364501953,-8.805521011352539,-33.22752380371094,-16.304590225219727,-21.63020133972168,-4.15726375579834,-7.128263473510742,-22.009281158447266,-3.7487633228302,-9.780587196350098,-16.07697296142578,-12.925653457641602,-11.618467330932617,-11.329456329345703,1.4416316747665405,7.965205669403076,6.814171314239502,17.624799728393555,1,1,1
187_Aaniraimekkani,11499075,11510100,0.1385747492313385,0.06292169744318182,2352.333013020575,2108.689493567628,-215.37294006347656,136.58106994628906,-116.0744400024414,-2.2106664180755615,-40.02023696899414,-14.684981346130371,-22.76258659362793,-4.967430114746094,-10.159852981567383,-27.225751876831055,-1.4832881689071655,-13.050975799560547,-20.43553924560547,-16.670520782470703,-15.146328926086426,-13.302105903625488,6.756007194519043,20.287246704101562,20.33835792541504,28.542585372924805,1,1,1
187_Aaniraimekkani,11510100,11521125,0.11701810359954834,0.057927911931818184,2244.0591575504345,2129.0182430050254,-229.43580627441406,136.31671142578125,-108.53986358642578,-8.404425621032715,-35.54267501831055,-12.236390113830566,-29.644248962402344,-3.9758453369140625,-7.3882341384887695,-17.63458824157715,-6.662407398223877,-14.226053237915039,-15.991291046142578,-17.658906936645508,-9.369182586669922,-15.659150123596191,3.58365797996521,11.059913635253906,3.166219472885132,22.418678283691406,1,1,1
187_Aaniraimekkani,11521125,11532150,0.09099848568439484,0.06139026988636364,2190.361283997598,2080.7322140661768,-253.90281677246094,150.36968994140625,-101.77761840820312,3.123910427093506,-30.411827087402344,-10.652031898498535,-29.037242889404297,-3.376154899597168,-7.0688323974609375,-22.78746795654297,-11.989697456359863,-12.491607666015625,-16.989351272583008,-10.243498802185059,-5.7941718101501465,-10.323491096496582,1.7064547538757324,-7.638847351074219,-10.240297317504883,7.736670017242432,0,1,1
187_Aaniraimekkani,11532150,11543175,0.06250137090682983,0.05166903409090909,2123.925073833226,2136.138997909822,-272.3996887207031,158.19515991210938,-98.74651336669922,7.7664875984191895,-27.863731384277344,-16.321903228759766,-35.79948425292969,-10.109759330749512,-12.423620223999023,-8.88106918334961,-1.0610251426696777,-11.797972679138184,-15.611823081970215,-16.338666915893555,-4.9062180519104,-5.3665313720703125,0.8180450797080994,-2.648998975753784,2.717501163482666,14.116130828857422,0,1,1
187_Aaniraimekkani,11543175,11554200,0.047441545873880386,0.04931640625,1995.2828809536475,2089.6388508897417,-313.9162292480469,157.07235717773438,-85.67237091064453,18.324045181274414,0.3634295165538788,-14.489890098571777,-40.29185485839844,-14.997247695922852,-21.292081832885742,-11.864127159118652,-6.659727573394775,-9.646271705627441,-9.4118070602417,-16.977920532226562,-8.682075500488281,-8.192238807678223,0.06814081221818924,-7.655950546264648,-4.251346111297607,8.293949127197266,0,1,1
187_Aaniraimekkani,11554200,11565225,0.06683888286352158,0.06569602272727272,2229.421988068189,2039.8056297427354,-264.2040710449219,168.56329345703125,-101.7719955444336,18.729581832885742,2.5913033485412598,-5.379018783569336,-52.308040618896484,-15.714722633361816,-20.062345504760742,-10.391953468322754,-10.48047924041748,-13.419241905212402,-19.13612174987793,-9.165698051452637,3.8151841163635254,-3.8399810791015625,-2.0522308349609375,-13.154224395751953,-0.8868392705917358,-8.052794456481934,1,1,1
187_Aaniraimekkani,11565225,11576250,0.06360307335853577,0.06693892045454546,2237.8743235765996,2020.7036436149735,-270.2519836425781,162.9438934326172,-109.03298950195312,22.6647891998291,1.0614429712295532,-5.734007358551025,-49.54853439331055,-15.2641019821167,-25.112091064453125,-8.986871719360352,-8.855958938598633,-12.380982398986816,-19.296175003051758,-9.083789825439453,1.1428428888320923,-10.528199195861816,-4.19050407409668,-14.920978546142578,-0.49076470732688904,-2.8403432369232178,1,1,0
187_Aaniraimekkani,11576250,11587275,0.027879483997821808,0.049138849431818184,2012.862350248012,2132.4232505691366,-344.0356750488281,175.2794952392578,-81.04027557373047,23.955303192138672,7.430282115936279,-5.395798206329346,-29.256498336791992,-7.4586639404296875,-18.950716018676758,-17.218528747558594,-9.080351829528809,-8.375787734985352,-17.741289138793945,-13.220730781555176,-4.53954553604126,-7.488847732543945,-2.8889496326446533,-4.320416450500488,0.6948667168617249,-8.488490104675293,1,1,0
187_Aaniraimekkani,11587275,11598300,0.03415689244866371,0.04012784090909091,1862.754497572514,2202.2987727865407,-342.8244323730469,171.36798095703125,-67.51627349853516,25.323020935058594,-3.6027626991271973,-11.83315372467041,-24.058666229248047,-9.604022979736328,-20.103273391723633,-18.700214385986328,-4.935404300689697,-7.890637397766113,-20.473264694213867,-18.295696258544922,-2.5572240352630615,-6.742027759552002,-7.552735805511475,-10.238640785217285,3.4579339027404785,-0.2447338104248047,1,0,1
187_Aaniraimekkani,11598300,11609325,0.038745131343603134,0.07757013494318182,2824.71848753232,2455.368630352824,-301.2015380859375,141.19361877441406,-84.62051391601562,50.47157287597656,-25.30327796936035,-5.886270523071289,-36.05998229980469,-2.409921884536743,-28.282941818237305,-15.151165962219238,-8.220664978027344,-3.8840293884277344,-15.857573509216309,-23.645036697387695,-3.2018918991088867,-8.381291389465332,-3.52449107170105,-13.249334335327148,2.1716833114624023,-0.8274173736572266,1,1,0
187_Aaniraimekkani,11609325,11620350,0.11713738739490509,0.07122247869318182,2550.036745227327,2274.476839271432,-230.57859802246094,130.03883361816406,-95.37031555175781,26.598451614379883,3.575594425201416,9.479889869689941,-49.69825744628906,-14.136185646057129,-21.949663162231445,-24.73577308654785,-2.2008485794067383,-15.58343505859375,-13.621321678161621,-10.200087547302246,-8.295299530029297,-3.188791513442993,-13.961894989013672,-15.894516944885254,1.1391106843948364,-8.48323917388916,1,1,1
187_Aaniraimekkani,11620350,11631375,0.11022598296403885,0.06316583806818182,2072.1507938324507,2085.0192443407436,-241.81797790527344,159.63482666015625,-92.19295501708984,2.1753861904144287,7.691884994506836,11.956722259521484,-49.0507926940918,-4.320087909698486,-27.798112869262695,-30.820507049560547,1.8478903770446777,-8.681007385253906,-17.965412139892578,-18.18653678894043,-9.95382022857666,2.906179189682007,-12.127801895141602,-21.184898376464844,4.095142841339111,-12.62332534790039,1,1,1
187_Aaniraimekkani,11631375,11642400,0.04501570016145706,0.041925603693181816,1997.5134979594993,2432.8410124835686,-321.0828857421875,164.74964904785156,-57.21648025512695,14.453739166259766,-4.112307071685791,-2.0271451473236084,-27.537921905517578,-7.8151936531066895,-26.4631290435791,-19.44750213623047,-4.497282981872559,-11.351634979248047,-14.49280071258545,-18.941987991333008,-8.362890243530273,-0.9342876672744751,-3.622488260269165,-7.150891304016113,10.36534309387207,0.3221580386161804,1,1,1
187_Aaniraimekkani,11642400,11653425,0.07063239812850952,0.033158735795454544,1871.8968494807596,2443.5377173535526,-290.0582580566406,151.72494506835938,-62.42378234863281,19.80476188659668,-11.587170600891113,-4.98853063583374,-36.15749740600586,-12.636102676391602,-37.2625732421875,-19.52979850769043,-16.425552368164062,-24.8150634765625,-15.72594928741455,-23.963159561157227,-10.733010292053223,-2.913078546524048,2.183804988861084,-2.4738059043884277,17.373191833496094,16.801361083984375,1,1,1
187_Aaniraimekkani,11653425,11664450,0.06492383778095245,0.029807350852272728,1743.8473410232443,2590.317746711803,-325.0383605957031,153.47393798828125,-39.44392776489258,16.24695587158203,-21.89903450012207,-3.50254225730896,-42.20256042480469,0.5041012167930603,-35.62663269042969,-25.13715934753418,-11.021795272827148,-20.58608627319336,-4.8181352615356445,-19.919221878051758,-17.312145233154297,-11.490198135375977,-6.236142158508301,-7.183435440063477,5.536316871643066,1.9623100757598877,1,1,1
187_Aaniraimekkani,11664450,11675475,0.02925591543316841,0.029319069602272728,1796.650819941618,2560.7931315820633,-388.0643615722656,163.00914001464844,-28.278364181518555,13.432650566101074,-3.495314121246338,-15.790903091430664,-25.467256546020508,3.0551681518554688,-15.21532917022705,-19.277732849121094,-18.53426170349121,-22.38251495361328,-1.8744629621505737,-9.650626182556152,-10.945258140563965,-9.058526992797852,4.075440883636475,0.6835901141166687,-9.66750431060791,1.0471001863479614,0,1,1
187_Aaniraimekkani,11675475,11686500,0.054909028112888336,0.042058771306818184,1857.8368607134687,2411.5790718408784,-323.9862976074219,167.27523803710938,-53.419883728027344,16.074981689453125,-8.351120948791504,-20.955650329589844,-37.34734344482422,18.14754295349121,-24.776185989379883,-26.462446212768555,-23.32600212097168,-21.981016159057617,-12.533956527709961,-4.780231952667236,7.193453788757324,-14.491253852844238,0.16203369200229645,-12.734391212463379,-11.955336570739746,-5.354307651519775,0,1,1
187_Aaniraimekkani,11686500,11697525,0.056714341044425964,0.03429066051136364,1827.814979732593,2379.4140865067984,-302.3453063964844,167.708251953125,-62.643409729003906,15.572576522827148,-12.427498817443848,-5.187934875488281,-38.77375411987305,12.676733016967773,-23.021148681640625,-36.8980827331543,-14.059090614318848,-28.38703155517578,-8.230334281921387,-4.63807487487793,-1.2305197715759277,-12.391430854797363,-4.12541389465332,-4.510990619659424,-7.745394706726074,-5.256176471710205,1,1,1
187_Aaniraimekkani,11697525,11708550,0.04285149648785591,0.041259765625,1706.792930552992,1977.8159570778857,-334.9984130859375,169.6375732421875,-65.64204406738281,18.9176025390625,11.339507102966309,-15.437289237976074,-17.890108108520508,-9.18435287475586,-15.3843355178833,-23.224355697631836,-18.181068420410156,-12.124398231506348,-16.641273498535156,-19.554628372192383,-5.566611289978027,-5.985904216766357,-7.475471496582031,-3.2641358375549316,2.7113537788391113,-1.9562796354293823,1,1,1
187_Aaniraimekkani,11708550,11719575,0.03618418052792549,0.042924360795454544,1734.7500360076906,1910.5179220342807,-359.9857482910156,176.73977661132812,-80.7972183227539,17.727985382080078,0.21597909927368164,-6.813160419464111,-24.885215759277344,-2.8608360290527344,-12.154252052307129,-19.17896842956543,-15.2053804397583,-3.8758368492126465,-15.453598022460938,-22.8262996673584,-7.293066024780273,-2.5342366695404053,-2.952862024307251,-8.295473098754883,5.9840240478515625,3.6173789501190186,1,0,0
187_Aaniraimekkani,11719575,11730600,0.04039429873228073,0.0556640625,2461.849595087033,2363.0049150877444,-320.6958923339844,142.5191192626953,-89.24446105957031,33.357234954833984,-10.610397338867188,0.3484029769897461,-30.1197566986084,-1.4447236061096191,-18.44819450378418,-14.645395278930664,-11.397772789001465,-3.496631622314453,-8.999518394470215,-19.966398239135742,-9.995288848876953,-3.5247817039489746,0.5288496613502502,-8.376374244689941,4.516207218170166,-1.836803913116455,1,0,0
187_Aaniraimekkani,11730600,11741625,0.07662094384431839,0.039262251420454544,1803.5638858405318,2145.7394335737,-265.5689697265625,175.57054138183594,-62.87399673461914,27.40583610534668,6.07394552230835,7.078161716461182,-25.211992263793945,-8.762624740600586,-18.356847763061523,-28.823457717895508,-10.10591983795166,-18.052104949951172,-21.148601531982422,-20.208986282348633,-5.565212726593018,-4.455468654632568,-16.649038314819336,-17.098859786987305,-4.333151340484619,-3.667679786682129,1,1,1
187_Aaniraimekkani,11741625,11752650,0.10076508671045303,0.050093217329545456,1922.8112462962379,2216.4565576260493,-238.94459533691406,170.28997802734375,-71.71490478515625,15.497125625610352,-5.9738006591796875,-0.9781601428985596,-22.95265007019043,-4.683488845825195,-25.284299850463867,-23.247467041015625,-11.166360855102539,-2.3824198246002197,-5.486055374145508,-20.0675106048584,-11.643438339233398,-9.778380393981934,-11.307290077209473,-10.045701026916504,2.0608038902282715,-18.50294303894043,1,1,1
187_Aaniraimekkani,11752650,11763675,0.09475267678499222,0.05027077414772727,2047.1613274592307,2259.463316466559,-253.43902587890625,159.1561737060547,-77.61356353759766,25.568981170654297,-11.203484535217285,-8.080832481384277,-28.327983856201172,-1.8607113361358643,-26.309288024902344,-29.15374755859375,-9.421998023986816,-8.42784309387207,-4.440156936645508,-12.727590560913086,-10.079570770263672,-10.752778053283691,-8.617827415466309,-9.574888229370117,-4.914580821990967,-17.78915786743164,1,1,1
187_Aaniraimekkani,11763675,11774700,0.04867636784911156,0.039972478693181816,1856.1382716812209,2539.996347016089,-333.1973876953125,157.72763061523438,-32.963138580322266,16.763778686523438,-4.331242084503174,-14.012839317321777,-31.17584228515625,1.0436310768127441,-22.32909393310547,-19.77355194091797,-7.464075088500977,-15.566513061523438,-3.8361032009124756,-14.275055885314941,-1.758092999458313,-6.810615062713623,-12.001778602600098,-5.342165946960449,0.6244621872901917,1.2022701501846313,1,1,1
187_Aaniraimekkani,11774700,11785725,0.08383500576019287,0.01806640625,1704.9429809283145,2432.7443239227123,-316.8407897949219,144.87840270996094,-48.82941818237305,19.99263572692871,-7.811496257781982,-12.45080280303955,-38.58055114746094,-0.8661916851997375,-22.17552947998047,-25.534208297729492,-8.79749870300293,-24.70683479309082,-6.737765312194824,-11.179010391235352,-4.404236316680908,-7.338251113891602,-10.404399871826172,-7.5801310539245605,-3.2465531826019287,10.312432289123535,1,1,1
187_Aaniraimekkani,11785725,11796750,0.0651303306221962,0.044500177556818184,2066.737205402825,2487.6020907791153,-297.8210144042969,138.02186584472656,-65.06295013427734,28.416980743408203,-11.135708808898926,-5.318291187286377,-34.12276077270508,-10.777297019958496,-31.117748260498047,-32.11557388305664,-3.585737466812134,-14.023641586303711,-1.6657131910324097,-12.10945987701416,-10.396780014038086,-4.768237113952637,-5.661343574523926,-3.878685712814331,-2.9922842979431152,2.1016530990600586,1,1,1
187_Aaniraimekkani,11796750,11807775,0.06128014251589775,0.055109197443181816,2435.625905649448,2675.506305462799,-285.23028564453125,133.39486694335938,-62.373897552490234,29.901866912841797,-11.090392112731934,-3.1623826026916504,-21.80618667602539,-7.642786026000977,-33.4763298034668,-30.699134826660156,-8.948379516601562,-25.87073516845703,-11.97848129272461,-11.573225975036621,-11.279616355895996,-7.209987163543701,-7.189697742462158,-11.236071586608887,-5.2972092628479,-2.6161012649536133,1,1,1
187_Aaniraimekkani,11807775,11818800,0.06887642294168472,0.042924360795454544,1947.6263314944993,2290.959166430694,-279.8258361816406,156.30564880371094,-75.94098663330078,26.401817321777344,-16.072256088256836,-11.686936378479004,-24.195384979248047,-3.3824644088745117,-24.320514678955078,-36.73847961425781,-18.991859436035156,-17.06129264831543,-2.125221014022827,-4.316192626953125,-5.191656112670898,-18.916332244873047,-9.859025955200195,-13.478927612304688,-11.602616310119629,-0.58163982629776,1,1,1
187_Aaniraimekkani,11818800,11829825,0.06327936798334122,0.03591086647727273,1862.9978653966425,2266.6343961654948,-289.673583984375,160.01429748535156,-73.71841430664062,9.858695030212402,-12.7744779586792,-10.533617973327637,-29.68414878845215,-6.063653469085693,-37.53173065185547,-32.30116271972656,-17.38593101501465,-20.251651763916016,1.5675735473632812,-3.0051400661468506,-4.80033016204834,-13.38601016998291,-10.38641357421875,-9.163713455200195,-2.5850119590759277,-3.343482255935669,1,1,1
187_Aaniraimekkani,11829825,11840850,0.0505857914686203,0.03331409801136364,1812.7506184269578,2359.162154233438,-318.0271301269531,168.8872528076172,-61.8207893371582,10.273765563964844,-3.3084516525268555,1.561522364616394,-43.85069274902344,0.28324297070503235,-32.337501525878906,-34.432491302490234,-6.0123982429504395,-22.88672637939453,-0.568418562412262,-9.38510799407959,-9.002227783203125,-4.352629661560059,-11.2618408203125,-9.695453643798828,-6.419625759124756,-14.939925193786621,1,1,1
187_Aaniraimekkani,11840850,11851875,0.04216529428958893,0.03981711647727273,1911.6253150902637,2202.555649249153,-326.1398010253906,163.6759490966797,-64.2228775024414,17.315427780151367,18.54908561706543,2.035534143447876,-35.63829040527344,-9.03959846496582,-29.414274215698242,-26.62726402282715,-9.63918399810791,-19.61095428466797,-7.789571762084961,-16.60310935974121,-7.57612419128418,-3.3400490283966064,-3.22652268409729,-7.092972278594971,-9.402634620666504,-13.443316459655762,0,1,1
187_Aaniraimekkani,11851875,11862900,0.0779949277639389,0.053999467329545456,2057.969496165308,1909.6765755463173,-264.73876953125,167.04527282714844,-97.77755737304688,16.21312713623047,8.625007629394531,-15.050220489501953,-42.242305755615234,-21.08930778503418,-23.860755920410156,-10.317503929138184,-5.4431071281433105,-13.583593368530273,-9.455348014831543,-17.66600227355957,-7.565930366516113,2.1162095069885254,-1.7294367551803589,-6.0110273361206055,-7.794959545135498,-16.161828994750977,0,1,1
187_Aaniraimekkani,11862900,11873925,0.08866671472787857,0.07268732244318182,2198.1051355865584,1953.2641842582898,-248.92063903808594,157.3408966064453,-117.16421508789062,21.11320686340332,-9.0030517578125,-8.764813423156738,-30.007673263549805,-10.989380836486816,-18.264070510864258,-10.574106216430664,-8.015115737915039,-2.450765371322632,-14.3212251663208,-16.11835289001465,-13.633493423461914,-7.016149520874023,-2.5683226585388184,-8.410554885864258,-1.759073257446289,-16.371662139892578,1,1,1
187_Aaniraimekkani,11873925,11884950,0.06884512305259705,0.03748668323863636,1707.6386591140574,2001.06444121389,-293.50274658203125,175.29742431640625,-71.81376647949219,16.229402542114258,-0.9465665817260742,-17.500526428222656,-27.48663330078125,3.455916404724121,-20.411115646362305,-23.933855056762695,-15.566946029663086,-13.889245986938477,-10.76130199432373,-11.614655494689941,-3.7132272720336914,-9.434660911560059,-3.0837411880493164,-8.901047706604004,-0.7799122333526611,-13.77783203125,1,1,1
187_Aaniraimekkani,11884950,11895975,0.09302923828363419,0.059037642045454544,1950.3867301538069,1956.4072287012125,-229.404541015625,180.7488555908203,-94.60936737060547,9.993022918701172,-20.286582946777344,-21.47365951538086,-32.917667388916016,-7.528162002563477,-12.909697532653809,-26.779987335205078,-6.7493510246276855,-8.179113388061523,-4.560121059417725,-19.940393447875977,-20.010921478271484,-7.1000823974609375,-12.294744491577148,-7.5008697509765625,-6.717127799987793,-16.79234504699707,1,1,1
187_Aaniraimekkani,11895975,11907000,0.07149051129817963,0.04494406960227273,2017.0257604299286,2225.5651427827374,-253.1929168701172,167.63365173339844,-81.7344970703125,13.44913101196289,-10.695868492126465,-0.41607311367988586,-43.96813201904297,-14.610831260681152,-14.049256324768066,-23.3897762298584,-1.4075690507888794,-6.483570575714111,-12.491955757141113,-19.75446128845215,-11.171761512756348,-1.865115761756897,-9.279361724853516,-15.818804740905762,-3.1533308029174805,-7.240514755249023,1,1,1
187_Aaniraimekkani,11907000,11918025,0.0886806920170784,0.057328657670454544,2069.6601652745708,1925.5526167104026,-224.477783203125,182.1482696533203,-100.1247787475586,23.383026123046875,-13.211932182312012,-11.5300931930542,-33.658935546875,-17.044721603393555,-12.861368179321289,-19.967117309570312,-0.6891984343528748,-4.177769184112549,-10.689319610595703,-23.57542610168457,-17.419370651245117,-6.0375566482543945,-12.089168548583984,-9.701432228088379,-11.538496971130371,-18.1418399810791,1,1,1
187_Aaniraimekkani,11918025,11929050,0.06491231173276901,0.04489968039772727,1889.710724269791,2028.3019905221374,-268.3514709472656,179.28271484375,-85.15587615966797,21.014646530151367,-9.503268241882324,-12.017309188842773,-41.43397521972656,-15.717321395874023,-23.199243545532227,-19.848682403564453,5.006446838378906,-11.251457214355469,-21.616392135620117,-21.102901458740234,-7.569990634918213,-9.153117179870605,-12.784218788146973,-14.422280311584473,-13.814919471740723,-8.832755088806152,1,1,1
187_Aaniraimekkani,11929050,11940075,0.05857212841510773,0.044744318181818184,1880.115470586194,2060.589468650937,-290.5317077636719,177.16815185546875,-78.51222229003906,22.472135543823242,9.118423461914062,-8.472853660583496,-36.86140060424805,-10.89079761505127,-23.998268127441406,-22.38824462890625,-0.7237029671669006,-10.702412605285645,-16.712474822998047,-18.286466598510742,-13.015453338623047,-6.211898326873779,-3.627894401550293,-7.531363010406494,-5.224760055541992,-9.957474708557129,1,1,1
187_Aaniraimekkani,11940075,11951100,0.06842821091413498,0.04820667613636364,1834.5252062667953,1980.4291520872032,-268.426513671875,193.3259735107422,-81.97004699707031,14.241652488708496,6.117342948913574,-4.112735271453857,-36.00199890136719,-13.187545776367188,-24.038225173950195,-21.80419158935547,3.1789939403533936,-9.40369987487793,-5.50060510635376,-20.35131072998047,-18.91880989074707,-7.4940643310546875,-11.648240089416504,-3.2571027278900146,-10.690373420715332,-20.678970336914062,1,1,1
187_Aaniraimekkani,11951100,11962125,0.05476771667599678,0.04090465198863636,1812.3451054812444,2097.4392589322993,-288.6605224609375,185.76304626464844,-72.6868667602539,16.863065719604492,16.76880645751953,-0.8213026523590088,-38.13774108886719,-13.245122909545898,-38.195228576660156,-11.697790145874023,-4.930038928985596,-15.41998291015625,4.997875213623047,-13.969704627990723,-13.05438232421875,-3.440540075302124,-5.75479793548584,-14.05105209350586,-13.249846458435059,-16.00328254699707,1,1,1
187_Aaniraimekkani,11962125,11973150,0.05319301038980484,0.04703036221590909,1969.3119138227485,2052.2083305187307,-284.9839782714844,180.2860565185547,-87.27639770507812,20.99587059020996,6.819703578948975,-4.181695461273193,-40.7359733581543,-16.541545867919922,-24.255525588989258,-6.9487996101379395,-2.205629825592041,-14.985440254211426,-6.534882068634033,-9.116260528564453,-5.691122055053711,-2.7867066860198975,-3.5661542415618896,-6.408749580383301,-0.7089328169822693,-15.0941162109375,1,1,1
187_Aaniraimekkani,11973150,11984175,0.02043657749891281,0.044921875,1990.9869477056375,2162.578402098901,-370.313720703125,178.0806427001953,-72.81417083740234,37.47227478027344,7.012292385101318,-10.742541313171387,-30.547956466674805,-3.244492292404175,-22.4525089263916,-6.9514079093933105,-5.763698577880859,-8.653450965881348,-11.117478370666504,-12.839038848876953,-4.220632076263428,-5.617223739624023,2.9245798587799072,3.0350098609924316,6.372485160827637,-3.111245632171631,1,0,0
187_Aaniraimekkani,11984175,11995200,0.027901047840714455,0.027920809659090908,1924.6854726536214,2318.563226100773,-357.1280822753906,170.97531127929688,-67.17323303222656,30.61493492126465,3.9133107662200928,-3.8944246768951416,-34.550498962402344,-11.647024154663086,-21.571598052978516,-7.631616115570068,-5.200954914093018,-5.800169467926025,-13.120694160461426,-20.24823570251465,-10.323974609375,0.7800046801567078,7.340165615081787,1.8444777727127075,7.098226547241211,-1.167739748954773,1,0,0
187_Aaniraimekkani,11995200,12006225,0.031332917511463165,0.021395596590909092,1773.9791465589706,2242.6414734443492,-362.19305419921875,173.8789520263672,-59.94009780883789,34.66407775878906,8.751338958740234,-5.254073619842529,-35.33167266845703,-16.955705642700195,-23.013917922973633,-9.960491180419922,-6.291232109069824,-7.542794704437256,-9.172367095947266,-17.155614852905273,-7.919450283050537,3.3363959789276123,9.287176132202148,3.8461949825286865,5.364291667938232,-2.5757265090942383,1,0,0
187_Aaniraimekkani,12006225,12017250,0.06979119777679443,0.07570578835227272,2985.55086306186,2613.346245132728,-253.73468017578125,119.05626678466797,-75.8765869140625,58.022518157958984,4.8087873458862305,10.825420379638672,-34.93018341064453,-11.107582092285156,-17.989761352539062,-13.88663101196289,-6.678722858428955,-10.956779479980469,-15.562015533447266,-15.109585762023926,-2.5677525997161865,-7.507138252258301,0.22533442080020905,-0.26692044734954834,5.965214729309082,-3.842405080795288,1,1,0
187_Aaniraimekkani,12017250,12028275,0.0652884766459465,0.026566938920454544,1486.6064311173604,2053.9247615387617,-303.9476318359375,177.49293518066406,-47.05242919921875,22.982725143432617,12.521889686584473,-3.7738778591156006,-22.82033920288086,-14.037036895751953,-11.794794082641602,-15.370416641235352,-5.380508899688721,-7.196911334991455,-9.740544319152832,-11.386849403381348,-14.447569847106934,-7.154457092285156,-0.5498659014701843,-3.235905408859253,3.239003896713257,-9.141944885253906,1,1,1
187_Aaniraimekkani,12028275,12039300,0.07855609059333801,0.03406871448863636,1727.6218813213243,2369.59244865502,-268.7720031738281,171.74342346191406,-51.13751220703125,23.50794219970703,5.735971450805664,-0.8281589150428772,-36.98085021972656,-9.713104248046875,-34.07611083984375,-9.34726619720459,-4.731374740600586,-16.046340942382812,-0.36369869112968445,-15.910733222961426,-12.206341743469238,-13.202142715454102,4.590920448303223,-1.3790405988693237,2.8253014087677,-4.009125709533691,1,1,1
187_Aaniraimekkani,12039300,12050325,0.07406283169984818,0.028830788352272728,1621.846535074916,2255.6390197659316,-306.449951171875,168.33499145507812,-34.472286224365234,21.023832321166992,-4.852590560913086,-10.477680206298828,-27.098560333251953,-0.362162321805954,-19.156517028808594,-19.74210548400879,-11.243407249450684,-16.795591354370117,-4.793903350830078,-9.606241226196289,-11.835406303405762,-11.464476585388184,-5.845619201660156,-8.86358642578125,6.843010425567627,-7.630609512329102,1,1,1
187_Aaniraimekkani,12050325,12061350,0.05682331696152687,0.019908558238636364,1646.5259356975657,2662.1075763234035,-336.51910400390625,158.37242126464844,-17.37200164794922,37.2344856262207,-3.8098554611206055,-0.8755090236663818,-28.846158981323242,-6.311030387878418,-16.444927215576172,-13.441100120544434,-6.060861587524414,-15.285721778869629,-11.560129165649414,-8.065489768981934,3.418367862701416,-21.926923751831055,1.9436894655227661,-6.698760509490967,-11.669280052185059,4.043281078338623,1,1,1
187_Aaniraimekkani,12061350,12072375,0.07714899629354477,0.023037997159090908,1555.126685327028,2369.1219750186506,-290.7382507324219,176.12408447265625,-36.80857467651367,34.959190368652344,-10.996667861938477,-3.5463173389434814,-27.775819778442383,-11.36709213256836,-15.189644813537598,-35.90373229980469,-18.163681030273438,-15.911978721618652,-12.275017738342285,7.835839748382568,-4.292361736297607,-12.053466796875,3.411447286605835,-13.45129108428955,-0.5335257053375244,-10.375738143920898,1,1,1
187_Aaniraimekkani,12072375,12083400,0.07126075774431229,0.03196022727272727,1450.6717437293723,2029.3802750778561,-296.6353759765625,192.44110107421875,-51.81110763549805,23.4266357421875,-2.5763134956359863,-4.129510879516602,-22.420921325683594,0.10550547391176224,-30.793519973754883,-41.07081604003906,-22.062376022338867,-13.252972602844238,2.8747313022613525,13.155523300170898,-4.716979026794434,-12.904847145080566,-6.057400703430176,-9.605690956115723,4.500026226043701,-17.38593864440918,1,1,1
187_Aaniraimekkani,12083400,12094425,0.06768328696489334,0.022061434659090908,1482.8504239725034,2250.80118397805,-299.77166748046875,179.0045928955078,-34.82002639770508,16.4836368560791,-2.342987060546875,-2.9669806957244873,-21.28851318359375,-0.5059654116630554,-32.70613479614258,-39.332611083984375,-14.332818031311035,-22.350954055786133,-2.7962253093719482,-3.1371469497680664,-11.305557250976562,-13.451415061950684,-9.630566596984863,-2.542619466781616,1.9999451637268066,-11.9360933303833,1,1,1
187_Aaniraimekkani,12094425,12105450,0.047047581523656845,0.033891157670454544,2234.6622505507585,2707.8548595060574,-308.53887939453125,152.76673889160156,-49.48039627075195,47.591957092285156,2.9547133445739746,12.717780113220215,-23.232505798339844,3.124863386154175,-28.38965606689453,-33.06629943847656,-7.6641621589660645,-21.969194412231445,-8.07285213470459,-2.1722943782806396,-1.4155102968215942,-10.797751426696777,-4.455355644226074,0.3487373888492584,-1.5757027864456177,-15.980480194091797,1,1,1
187_Aaniraimekkani,12105450,12116475,0.07317780703306198,0.02594549005681818,1559.5281708598145,2205.8240646986737,-302.02093505859375,182.03900146484375,-43.94340515136719,27.35919189453125,1.596205234527588,-0.7493196725845337,-31.226133346557617,1.6603401899337769,-23.03252601623535,-40.39528274536133,-13.861751556396484,-14.2321138381958,-17.83287239074707,10.330977439880371,1.9186007976531982,-18.645946502685547,2.1406824588775635,-1.927341103553772,6.102003574371338,-15.309610366821289,1,1,1
187_Aaniraimekkani,12116475,12127500,0.067577064037323,0.024547230113636364,1400.5153693402356,2145.118406343288,-307.6724853515625,192.4797821044922,-33.14501190185547,25.111968994140625,-7.55577278137207,-3.6685378551483154,-27.1788387298584,0.3916744887828827,-27.823671340942383,-38.598636627197266,-14.027673721313477,-21.9625301361084,-11.184686660766602,7.306262016296387,-3.971923589706421,-12.430065155029297,-6.734561443328857,-6.6014604568481445,0.9753264784812927,-11.250800132751465,1,1,1
187_Aaniraimekkani,12127500,12138525,0.06439083814620972,0.028431285511363636,1421.358259499392,2070.5971476003037,-319.9946594238281,186.40232849121094,-41.12873840332031,19.341777801513672,2.0256295204162598,-1.4927951097488403,-26.595935821533203,5.924066543579102,-28.123554229736328,-37.86507797241211,-12.51711368560791,-20.210908889770508,-10.517528533935547,6.287813186645508,0.10656679421663284,-14.786639213562012,-6.204449653625488,-5.299389839172363,-6.357408046722412,-12.585984230041504,1,1,1
187_Aaniraimekkani,12138525,12149550,0.06319940835237503,0.028852982954545456,1627.743222168376,2321.2812211724913,-305.9489440917969,183.49606323242188,-38.092254638671875,25.139734268188477,0.4726387858390808,8.99562931060791,-26.92437171936035,14.237290382385254,-13.82320785522461,-40.92869567871094,-11.62833309173584,-24.299724578857422,-11.956109046936035,5.217490196228027,-1.922886610031128,-21.240278244018555,-8.170306205749512,-1.2588412761688232,-6.345086574554443,-6.953004837036133,0,1,1
187_Aaniraimekkani,12149550,12160575,0.06016039848327637,0.025856711647727272,1650.15295904054,2386.2838882207843,-312.8249816894531,179.75042724609375,-41.51136779785156,12.624993324279785,4.348775863647461,13.409191131591797,-26.758033752441406,23.36182403564453,-19.78697967529297,-39.15475845336914,-12.881333351135254,-14.34457778930664,-3.8420565128326416,1.7918777465820312,-1.4854308366775513,-20.948917388916016,-2.941368818283081,-2.923607587814331,-1.7029274702072144,-7.6546406745910645,0,1,1
187_Aaniraimekkani,12160575,12171600,0.054767802357673645,0.031205610795454544,1727.0195554768288,2335.180661830939,-300.9815368652344,181.41404724121094,-55.119380950927734,15.747653007507324,4.6684184074401855,11.181185722351074,-27.763652801513672,20.77863883972168,-25.953136444091797,-33.94276428222656,-12.494441986083984,-7.6476664543151855,-3.1632864475250244,-6.463237285614014,-8.168747901916504,-19.16916847229004,-3.1153411865234375,-6.032880783081055,7.323760509490967,-16.458364486694336,0,1,1
187_Aaniraimekkani,12171600,12182625,0.04194198176264763,0.03908469460227273,1738.5656844210148,2199.5883183301476,-334.89788818359375,179.4984893798828,-56.53281021118164,26.851102828979492,19.053789138793945,9.067912101745605,-14.33804702758789,4.873875141143799,-17.786285400390625,-23.8299503326416,-8.8628568649292,-10.27828311920166,-4.7182698249816895,-8.285386085510254,-2.8948495388031006,-11.517857551574707,-13.054465293884277,-5.144710063934326,3.7051267623901367,-1.3515862226486206,0,1,1
187_Aaniraimekkani,12182625,12193650,0.052833084017038345,0.03477894176136364,1809.8961080754316,2253.232507170674,-302.6561584472656,179.63978576660156,-63.09983825683594,37.42402648925781,13.096665382385254,11.914661407470703,-25.28477668762207,-8.6148681640625,-17.224010467529297,-22.507110595703125,7.424127101898193,-4.67017126083374,-4.706553936004639,-12.350451469421387,-11.443153381347656,2.70711350440979,-3.820547580718994,-7.781334400177002,-7.471038341522217,-10.77035140991211,0,1,1
187_Aaniraimekkani,12193650,12204675,0.01621227152645588,0.06263316761363637,2121.904272776631,2265.111486798705,-383.0181579589844,178.4641876220703,-69.42466735839844,37.23332595825195,6.193896293640137,0.9742441177368164,-23.422435760498047,-2.739299774169922,-21.86536979675293,-12.195104598999023,-9.481795310974121,2.346107006072998,2.3725547790527344,-1.7220042943954468,-6.455051898956299,-6.779253005981445,-9.330435752868652,-12.246383666992188,3.6679296493530273,-6.460400104522705,1,1,1
187_Aaniraimekkani,12204675,12215700,0.024439502507448196,0.048029119318181816,1989.5256342054129,2297.6981335246446,-357.8440246582031,175.338623046875,-66.49610900878906,41.366878509521484,-5.14808464050293,-2.5906615257263184,-30.08924102783203,-5.3238396644592285,-21.321210861206055,-14.265872955322266,-17.01011848449707,-3.4444663524627686,0.1799478381872177,-0.37522658705711365,-3.084500789642334,-9.776379585266113,-9.236716270446777,-9.456490516662598,2.85868239402771,-3.6331472396850586,1,0,0
187_Aaniraimekkani,12215700,12226725,0.0449632853269577,0.029274680397727272,1446.1702035963822,2003.230469278986,-341.1707458496094,189.9198760986328,-40.938602447509766,35.287071228027344,4.763574600219727,-2.7169911861419678,-26.853187561035156,-2.0666611194610596,-8.832168579101562,-21.265668869018555,-10.892581939697266,-12.234908103942871,-3.7485008239746094,0.19689351320266724,-8.015822410583496,-7.586126327514648,-4.378064155578613,-9.550768852233887,-3.7008490562438965,-10.01723861694336,1,1,1
187_Aaniraimekkani,12226725,12237750,0.06131376326084137,0.035089666193181816,1717.2997183169841,2267.512480885739,-275.5878601074219,189.25672912597656,-53.79189682006836,25.251995086669922,-17.10561752319336,6.002763748168945,-18.939647674560547,0.35569971799850464,-4.739407062530518,-30.249034881591797,-1.3264667987823486,-6.622555255889893,-1.206039309501648,6.353981018066406,-13.545594215393066,-11.108809471130371,-9.23477554321289,-7.517082214355469,-0.27588167786598206,-10.322803497314453,0,1,1
187_Aaniraimekkani,12237750,12248775,0.08671825379133224,0.045365767045454544,2064.574554889123,2372.7008823442056,-222.09576416015625,174.89817810058594,-71.25774383544922,16.594480514526367,-18.51323127746582,3.630992889404297,-22.607393264770508,-2.260608196258545,-11.340801239013672,-25.681732177734375,-0.07147914916276932,8.435928344726562,-2.4686625003814697,-12.354869842529297,-20.339488983154297,-7.227806568145752,-3.076324224472046,-13.250748634338379,1.2761955261230469,-15.615639686584473,1,1,1
187_Aaniraimekkani,12248775,12259800,0.09461977332830429,0.06505237926136363,2140.4787706220054,2200.626376876349,-214.49061584472656,172.3356475830078,-90.25835418701172,9.720132827758789,-20.755226135253906,5.1439642906188965,-33.170623779296875,0.3949624001979828,-13.745403289794922,-21.07306480407715,-6.1217732429504395,7.959974765777588,-9.334990501403809,-19.266630172729492,-15.886666297912598,-1.8101081848144531,-1.7404282093048096,-18.67622184753418,0.4558730125427246,-23.50432777404785,0,1,1
187_Aaniraimekkani,12259800,12270825,0.06384895741939545,0.049382990056818184,2113.545795898728,2453.4326068821847,-251.1015625,169.58367919921875,-76.03406524658203,27.70825958251953,-30.796104431152344,14.617090225219727,-31.039289474487305,-3.8096883296966553,-24.5072021484375,-17.415681838989258,-6.645825386047363,-3.421886444091797,-5.874414443969727,-22.559932708740234,-11.283669471740723,-7.666851997375488,-4.8904571533203125,-16.047035217285156,7.286180019378662,-9.533331871032715,0,1,1
187_Aaniraimekkani,12270825,12281850,0.050754889845848083,0.044855291193181816,2158.468347543888,2575.9580340386087,-283.8671569824219,161.97035217285156,-74.11760711669922,40.83102798461914,-27.681995391845703,13.459134101867676,-43.510677337646484,-12.486352920532227,-17.053070068359375,-27.420434951782227,-5.330068588256836,-10.679862976074219,-7.517094135284424,-9.717764854431152,-4.834447860717773,-1.8153769969940186,-12.284439086914062,-17.729446411132812,10.017928123474121,-2.9533071517944336,0,1,1
187_Aaniraimekkani,12281850,12292875,0.05090302601456642,0.051336115056818184,2185.5456660073314,2423.419704918956,-276.7598876953125,167.1476287841797,-80.03052520751953,36.9348030090332,-21.61690330505371,18.50787353515625,-35.89814758300781,-7.877401828765869,-16.525083541870117,-22.554655075073242,-6.703474521636963,-0.06708380579948425,-8.12537956237793,-20.314882278442383,-8.041610717773438,-0.8610104918479919,0.7917726039886475,-14.662848472595215,1.043846607208252,-11.878188133239746,0,1,1
187_Aaniraimekkani,12292875,12303900,0.07072433829307556,0.05335582386363636,2066.836168634045,2170.5701904421567,-261.1832580566406,164.45758056640625,-84.55774688720703,24.129186630249023,-10.247352600097656,9.808683395385742,-31.91248321533203,-21.05815887451172,-3.672158718109131,-20.895565032958984,-5.474769115447998,-2.567376136779785,-7.739844799041748,-16.522642135620117,-17.198896408081055,1.6864783763885498,-5.768578052520752,-16.743316650390625,-0.9910814166069031,-9.561799049377441,0,1,1
187_Aaniraimekkani,12303900,12314925,0.09888011962175369,0.065185546875,2176.579993221399,2086.2349085872283,-235.0146484375,156.41172790527344,-100.69684600830078,23.253965377807617,-7.814001083374023,5.344450950622559,-27.885988235473633,-18.363567352294922,-4.373165607452393,-16.130035400390625,4.546691417694092,-2.6830062866210938,0.4454863369464874,-17.95086669921875,-21.253803253173828,2.28926157951355,-10.071818351745605,-13.648268699645996,-11.68572998046875,-12.491164207458496,0,1,1
187_Aaniraimekkani,12314925,12325950,0.053312744945287704,0.043146306818181816,1968.9144567695853,2389.1771704398666,-272.4986572265625,174.19773864746094,-68.3599624633789,24.81519317626953,-18.653709411621094,7.546995639801025,-40.11542510986328,-12.2855806350708,-24.34876251220703,-14.26122760772705,-4.432703495025635,-3.9125282764434814,-5.195332050323486,-20.2189998626709,-6.490227222442627,-5.871774196624756,-6.074916362762451,-23.35875701904297,-5.727361679077148,-10.785043716430664,0,1,1
187_Aaniraimekkani,12325950,12336975,0.056616414338350296,0.045476740056818184,2055.9866009203183,2232.2984805043584,-271.34521484375,173.643310546875,-81.07433319091797,34.304840087890625,5.474011421203613,8.959693908691406,-40.1785888671875,-14.74084186553955,-25.338655471801758,-11.374540328979492,-9.982165336608887,-12.131341934204102,-3.399054527282715,-15.940139770507812,-3.424809455871582,-3.685671806335449,-4.127655029296875,-19.618206024169922,-8.08998966217041,-11.271495819091797,0,1,1
187_Aaniraimekkani,12336975,12348000,0.06353647261857986,0.0478515625,2019.0941840440698,2217.662852497168,-254.17742919921875,179.32562255859375,-78.45752716064453,24.827728271484375,0.3640498220920563,9.917236328125,-30.484649658203125,-23.295454025268555,-17.205289840698242,-17.66791534423828,-6.732079029083252,1.4398905038833618,3.3127195835113525,-12.864761352539062,-13.075039863586426,1.512764811515808,-4.383031368255615,-11.891400337219238,-4.7587971687316895,-20.42788314819336,0,1,1
187_Aaniraimekkani,12348000,12359025,0.047013700008392334,0.032182173295454544,1678.2289683018687,2252.456791154147,-311.3460388183594,184.03692626953125,-52.225704193115234,33.64649963378906,4.974544048309326,12.982743263244629,-26.324974060058594,-15.327347755432129,-15.503662109375,-21.2060489654541,0.8179973363876343,-2.5957186222076416,-7.723718166351318,-10.306841850280762,-9.334517478942871,3.197509765625,2.0214688777923584,-7.141148090362549,-0.13477420806884766,-15.256195068359375,0,1,1
187_Aaniraimekkani,12359025,12370050,0.05623267590999603,0.044877485795454544,1946.1162842453275,2222.227122861889,-270.2044677734375,179.65196228027344,-70.51506805419922,30.597883224487305,-0.5522265434265137,14.554275512695312,-32.51970672607422,-9.37882137298584,-18.027748107910156,-23.892148971557617,-3.6267030239105225,3.6703882217407227,-6.4934797286987305,-12.122042655944824,-9.374074935913086,3.9069788455963135,0.464778870344162,-18.06690788269043,-0.9889726638793945,-17.433263778686523,0,1,1
187_Aaniraimekkani,12370050,12381075,0.055843234062194824,0.05564186789772727,2071.8342428337255,2222.6773611840767,-261.1575012207031,176.39808654785156,-84.9015884399414,26.093481063842773,-4.52052116394043,2.8475706577301025,-34.40971374511719,-3.6795334815979004,-24.15704917907715,-19.310989379882812,-7.97613525390625,-0.47299566864967346,-0.5257480144500732,-10.648652076721191,-0.016375530511140823,-0.5638665556907654,-8.13391399383545,-25.413267135620117,-4.086120128631592,-14.162313461303711,0,1,1
187_Aaniraimekkani,12381075,12392100,0.06465145200490952,0.05637428977272727,2159.826042989283,2113.6827132714093,-244.50413513183594,174.56016540527344,-90.67131805419922,24.631622314453125,-2.9174249172210693,3.6344175338745117,-33.42881393432617,-12.813373565673828,-20.08948516845703,-18.856861114501953,-3.297981023788452,3.839858055114746,1.808091402053833,-13.13541030883789,-9.227018356323242,-0.22498680651187897,-0.2566109895706177,-19.310935974121094,-3.5906331539154053,-14.308341026306152,0,1,1
187_Aaniraimekkani,12392100,12403125,0.055873703211545944,0.042058771306818184,2034.437605780224,2277.2005619882343,-260.4050598144531,179.6597900390625,-82.80111694335938,42.51510238647461,-5.333507061004639,16.399547576904297,-29.55463218688965,-8.865762710571289,-15.701987266540527,-21.51873779296875,4.9435038566589355,-6.532840251922607,1.2045848369598389,-8.473824501037598,-12.813232421875,4.140361785888672,2.036372423171997,-10.280319213867188,-7.62551736831665,-9.549927711486816,0,1,1
187_Aaniraimekkani,12403125,12414150,0.042536430060863495,0.044921875,1914.2560972333513,2397.2552820571577,-285.5927734375,182.9043731689453,-62.56850814819336,32.41288757324219,-6.393401622772217,14.319565773010254,-26.984594345092773,-7.383216381072998,-20.22856903076172,-16.26837921142578,0.2186768651008606,-12.401180267333984,-1.7220557928085327,-1.8423619270324707,-10.836359024047852,-2.8191165924072266,-2.901531219482422,-9.027362823486328,6.438925266265869,-3.409747362136841,0,1,1
187_Aaniraimekkani,12414150,12425175,0.033971354365348816,0.04893909801136364,1958.7923881733789,2351.2068143298984,-320.6572265625,174.67564392089844,-61.73991394042969,43.56333541870117,6.3789777755737305,6.187670707702637,-16.34467887878418,-0.6141393780708313,-20.71593475341797,-23.12204933166504,-5.748462677001953,-16.061439514160156,-4.457625389099121,-2.438211679458618,-13.670080184936523,-6.528600692749023,-4.129833698272705,-6.708305835723877,3.5726633071899414,-0.19124291837215424,0,1,1
187_Aaniraimekkani,12425175,12436200,0.021032968536019325,0.059126420454545456,2014.77467969051,2224.5252301231158,-358.40899658203125,183.87628173828125,-74.26201629638672,45.883602142333984,8.403096199035645,8.870230674743652,-19.62879180908203,6.310678005218506,-22.023414611816406,-13.285125732421875,-7.406764507293701,-6.832977771759033,1.191415786743164,-6.213386535644531,-14.859533309936523,-0.713437020778656,-0.2919301986694336,-7.053056240081787,0.7563135027885437,0.4396754503250122,0,0,0
187_Aaniraimekkani,12436200,12447225,0.015752889215946198,0.07100053267045454,2163.4367987982782,2070.9010797542305,-381.6361999511719,178.07879638671875,-87.13646697998047,39.76175308227539,6.339169025421143,4.470429420471191,-32.810062408447266,5.045308589935303,-14.391429901123047,-8.415186882019043,-14.900579452514648,-11.707880020141602,-9.695694923400879,-6.2099995613098145,-5.309402942657471,0.6605861186981201,0.6139201521873474,-4.3921122550964355,7.057766914367676,7.062770366668701,0,0,1
187_Aaniraimekkani,12447225,12458250,0.017112940549850464,0.06602894176136363,2125.4321979124934,2037.015925575782,-382.2940673828125,176.53189086914062,-81.24640655517578,20.628570556640625,15.913180351257324,-9.185237884521484,-29.024517059326172,-1.5325641632080078,-8.87006950378418,-8.822040557861328,-7.729578971862793,-6.979989528656006,-12.428509712219238,-11.354637145996094,-4.127313613891602,-1.2535386085510254,-0.9342265725135803,-3.976322889328003,2.211871385574341,-2.270164728164673,1,0,0
187_Aaniraimekkani,12458250,12469275,0.035710807889699936,0.028697620738636364,1798.2905516133542,2216.629858105262,-345.7178039550781,174.32168579101562,-59.82516098022461,27.9666805267334,3.3053040504455566,-7.776854991912842,-19.38768768310547,-3.69350266456604,-10.73559856414795,-13.714264869689941,-7.378952503204346,-13.720632553100586,-12.681665420532227,-12.112661361694336,-4.687196254730225,-6.01979398727417,-10.945725440979004,-6.091056823730469,4.599277973175049,-9.226914405822754,1,0,1
187_Aaniraimekkani,12469275,12480300,0.029791103675961494,0.028231534090909092,1867.4591898151434,2302.7584992863367,-336.7807312011719,180.05081176757812,-64.64295959472656,26.23967170715332,-15.870083808898926,-0.24211138486862183,-24.492149353027344,-4.80064058303833,-23.400672912597656,-14.273418426513672,-1.8143455982208252,-10.11956787109375,-10.638169288635254,-7.186355113983154,-5.239947319030762,-10.243847846984863,-6.341296672821045,-7.8538713455200195,4.126448154449463,-1.5333609580993652,1,0,0
187_Aaniraimekkani,12480300,12491325,0.04165017604827881,0.022749467329545456,1462.8568896085312,2026.6397849701677,-336.2525634765625,194.4853973388672,-39.94424819946289,24.652141571044922,-4.626603603363037,-11.251133918762207,-18.37151336669922,-2.0223278999328613,-10.20218276977539,-18.180530548095703,-3.8258042335510254,-10.276566505432129,-11.049887657165527,-8.279757499694824,-6.463113784790039,-8.53232479095459,-13.231847763061523,-9.50008773803711,2.254666566848755,-4.885231018066406,1,1,1
187_Aaniraimekkani,12491325,12502350,0.06091802939772606,0.029274680397727272,1650.3209956467726,2381.594345275586,-279.1123046875,194.88690185546875,-45.0652961730957,39.10325241088867,-22.15108299255371,13.394573211669922,-20.756258010864258,7.776722431182861,-0.7914921045303345,-29.902496337890625,0.9017196297645569,-9.307351112365723,-5.4864654541015625,1.7036045789718628,-9.291722297668457,-6.042262554168701,-17.94054412841797,-10.568327903747559,3.572988271713257,-13.211260795593262,1,1,1
187_Aaniraimekkani,12502350,12513375,0.04575303569436073,0.022194602272727272,1686.7468734145864,2435.892344033209,-310.7903137207031,182.99049377441406,-40.945152282714844,40.849853515625,-16.253372192382812,11.821839332580566,-12.773772239685059,6.8376922607421875,3.148895025253296,-22.736324310302734,3.614567518234253,-9.530546188354492,-1.381478190422058,1.79127836227417,-9.475676536560059,-9.724152565002441,-14.432815551757812,-16.751728057861328,2.462728977203369,-2.632690906524658,1,1,1
187_Aaniraimekkani,12513375,12524400,0.043119803071022034,0.03224875710227273,1797.1930909307637,2474.974607911597,-296.9898681640625,191.31488037109375,-49.095149993896484,31.324853897094727,-21.65886878967285,12.407449722290039,-20.86353302001953,4.556188583374023,-3.275315046310425,-26.357873916625977,3.65683913230896,-3.3860085010528564,-5.8835129737854,-0.0890568420290947,-11.257883071899414,-8.486083984375,-7.832303047180176,-14.58874225616455,1.9010106325149536,-7.7406816482543945,1,1,1
187_Aaniraimekkani,12524400,12535425,0.07986576855182648,0.03795276988636364,1714.066351829518,2122.7937022834067,-242.91278076171875,194.84454345703125,-62.63026428222656,21.55477523803711,-12.000530242919922,12.430609703063965,-28.585359573364258,0.6865394115447998,-10.116166114807129,-29.5756893157959,0.5382635593414307,1.73362398147583,-13.269643783569336,-16.234636306762695,-16.645666122436523,-9.212193489074707,-4.423812389373779,-12.18900203704834,-7.455496311187744,-15.316298484802246,1,1,1
187_Aaniraimekkani,12535425,12546450,0.07281342893838882,0.03555575284090909,1788.6712834371683,2321.1785590417294,-247.92489624023438,183.27853393554688,-58.03425216674805,19.730045318603516,-12.743807792663574,6.815062046051025,-33.089420318603516,-5.5394792556762695,-24.466886520385742,-18.71181869506836,-6.356134414672852,-6.679842948913574,-11.670958518981934,-22.72895622253418,-7.253532886505127,-1.983313798904419,-3.5093634128570557,-23.319238662719727,-5.523345947265625,-12.131268501281738,1,1,1
187_Aaniraimekkani,12546450,12557475,0.07836184650659561,0.055419921875,2004.7491342453395,2115.4538824330903,-237.25985717773438,180.14144897460938,-83.71542358398438,22.561138153076172,-1.281735897064209,5.9713826179504395,-30.59667205810547,-8.042478561401367,-21.848955154418945,-23.435285568237305,-1.5745161771774292,3.1022379398345947,-6.213313579559326,-18.151315689086914,-7.792660713195801,-2.8350882530212402,-0.7856201529502869,-13.893198013305664,-5.498859882354736,-17.592445373535156,0,1,1
187_Aaniraimekkani,12557475,12568500,0.06640341132879257,0.04385653409090909,1810.6669897602487,2143.8311369392136,-260.1047058105469,188.10826110839844,-76.08064270019531,32.57830810546875,-10.389731407165527,13.0543851852417,-28.286561965942383,-7.5944318771362305,-16.306352615356445,-22.84906768798828,-4.053815841674805,-4.656944751739502,-6.021172046661377,-11.398147583007812,-12.984816551208496,2.1120376586914062,-1.2291898727416992,-13.041537284851074,-5.783000946044922,-18.945106506347656,0,1,1
187_Aaniraimekkani,12568500,12579525,0.06791102886199951,0.020885120738636364,1515.2020887920482,2170.482821134188,-292.6286926269531,178.5828857421875,-52.17265701293945,37.80610656738281,9.542926788330078,12.635574340820312,-22.10871124267578,-9.014936447143555,-23.526752471923828,-14.649127006530762,1.1529690027236938,-8.928564071655273,-10.272594451904297,-15.08688735961914,-13.413800239562988,-1.3983036279678345,7.48492431640625,-11.249381065368652,-6.107809066772461,-12.955801010131836,0,1,1
187_Aaniraimekkani,12579525,12590550,0.05040152370929718,0.029052734375,1571.2601190379887,2126.6449136126475,-330.7060241699219,171.8744354248047,-53.9990234375,39.4326057434082,23.660717010498047,7.013120651245117,-15.402253150939941,-1.6784390211105347,-21.42702865600586,-20.938838958740234,-4.568210124969482,-3.461937189102173,-5.215673446655273,-18.515649795532227,-8.853008270263672,-6.682663440704346,2.7266480922698975,6.593693733215332,-1.3106982707977295,-9.413858413696289,0,1,1
187_Aaniraimekkani,12590550,12601575,0.07387148588895798,0.02057439630681818,1370.798890950377,2055.1582801906875,-302.4854431152344,184.94834899902344,-48.369937896728516,22.48520278930664,12.952315330505371,8.12246036529541,-17.101228713989258,1.5585970878601074,-17.879594802856445,-12.433639526367188,2.5478007793426514,-10.50161075592041,-10.183247566223145,-16.290264129638672,-11.2105131149292,-5.624797344207764,-3.8001625537872314,-2.9157919883728027,5.011554718017578,-2.3210504055023193,1,1,1
187_Aaniraimekkani,12601575,12612600,0.08119848370552063,0.016002308238636364,1429.4851646950717,2144.4238232782777,-293.9283447265625,181.7282257080078,-47.838584899902344,28.701269149780273,16.616315841674805,8.201544761657715,-20.59332847595215,-1.280631184577942,-16.176239013671875,-14.951067924499512,2.555647373199463,-13.961165428161621,-10.560053825378418,-15.077744483947754,-11.968090057373047,-7.387551784515381,-5.465241432189941,-4.343512535095215,2.0374770164489746,1.8102577924728394,1,1,1
187_Aaniraimekkani,12612600,12623625,0.08268030732870102,0.013538707386363636,1403.8790083621877,2091.145414587107,-300.2248840332031,183.74220275878906,-48.98402404785156,28.296836853027344,21.853233337402344,6.1227946281433105,-10.970032691955566,-1.4683281183242798,-16.6812744140625,-15.219408988952637,-4.709445953369141,-16.902605056762695,-8.565718650817871,-3.516263723373413,-8.173477172851562,-8.600380897521973,-7.637235641479492,-16.92466926574707,-10.116368293762207,-5.214101314544678,1,1,1
187_Aaniraimekkani,12623625,12634650,0.08036556839942932,0.01025390625,1230.917481282874,1982.7326769190133,-320.43426513671875,182.6593017578125,-41.22950744628906,36.81169509887695,25.701139450073242,8.570968627929688,-16.146732330322266,-6.261445999145508,-16.90666961669922,-15.578725814819336,-0.8861942887306213,-14.814126014709473,-8.494539260864258,-7.67488431930542,-7.975289821624756,-8.474071502685547,-11.161065101623535,-14.209951400756836,-9.316237449645996,-8.086017608642578,1,1,1
187_Aaniraimekkani,12634650,12645675,0.061712656170129776,0.01382723721590909,1315.0767851377898,1991.3162742481522,-348.529541015625,174.61627197265625,-40.72268295288086,40.334651947021484,35.3135871887207,7.405198574066162,-18.184906005859375,-12.252381324768066,-12.905574798583984,-15.643248558044434,-5.918155193328857,-8.959547996520996,-6.376312732696533,-10.905280113220215,-10.515056610107422,-7.252425670623779,-11.07253360748291,-14.972439765930176,-8.74415397644043,-12.775694847106934,0,1,1
187_Aaniraimekkani,12645675,12656700,0.01420603971928358,0.06618430397727272,2178.851456470796,2212.700461697774,-386.5228271484375,176.98599243164062,-76.40518951416016,41.59321594238281,3.582897186279297,5.7674689292907715,-26.531261444091797,-3.6974141597747803,-26.183025360107422,-11.24188232421875,-5.209848880767822,0.8818749785423279,-3.706458330154419,5.273246765136719,4.200198650360107,-10.597810745239258,-11.957489967346191,-17.2911319732666,-8.446280479431152,-14.34817123413086,0,0,1
